506.6470
178.1644
253.8744
760.0969
718.2342
539.0580
19.3839
841.9380
882.1063
603.6603
48.9788
145.5700
341.3983
855.6775
676.1508
720.5078
684.2649
662.1715
712.1687
50.4510
574.1990
273.1034
49.9479
331.8098
403.9863
934.1144
693.4363
688.4551
994.1223
386.6231
59.4405
715.6450
240.3943
466.3558
730.7778
613.9857
207.8990
977.7463
735.4954
794.9538
578.1851
20.5632
328.0466
666.8657
457.4989
609.2991
287.4004
806.9959
419.1226
827.7045
62.7190
245.6897
142.8082
240.2345
115.3065
0.0359
786.3664
46.8463
640.5493
233.1170
703.1819
176.3587
590.9664
299.2758
325.0244
550.0519
505.9574
860.2065
291.0846
61.0419
783.0518
614.6858
436.6805
59.9610
643.1653
822.8458
352.9103
743.4609
510.6914
601.4574
676.0604
315.3848
300.7941
43.0448
430.3112
106.2871
192.5375
276.8188
321.2904
428.2672
194.1826
60.6314
939.9544
783.3553
218.9974
948.7771
169.8196
319.5899
172.9046
918.9825
363.0276
366.9973
246.1892
346.3557
617.3148
348.5753
38.0555
58.2042
503.8736
3.8848
938.4481
243.5213
695.0507
620.9390
306.9512
474.8248
348.8080
876.9068
430.9372
49.5870
935.3876
105.1338
796.1784
605.7133
322.1406
281.3620
738.7440
739.1799
708.1606
427.5093
870.9356
123.2396
281.0514
307.0151
745.8586
101.9589
836.2860
824.3134
34.1514
597.1443
893.9583
908.5281
138.2925
509.6035
797.2892
51.2205
635.9836
735.2786
270.7992
590.3433
124.7552
331.2489
773.0001
450.1062
682.4183
805.0946
589.5402
775.0349
859.7579
290.4252
144.1665
700.1210
699.3349
560.6146
196.4150
360.6115
217.0381
785.0402
442.9605
780.4098
318.0036
591.0623
880.6341
830.6133
912.0372
969.9239
171.7264
97.1868
352.2141
346.4183
150.8925
719.4434
739.8747
807.5622
720.5873
674.5059
979.5939
839.8496
936.6618
840.3877
88.4816
114.4303
316.2847
993.7918
443.3192
135.0824
74.6037
756.7583
72.5602
36.5763
477.7205
936.6817
656.0131
478.1453
996.6903
34.2981
340.0836
70.0787
350.0069
194.6547
332.8893
203.3081
662.3351
26.9214
939.0223
252.0388
546.6695
845.0388
535.9597
847.4336
904.3560
16.0288
219.5322
289.2036
870.4932
837.4435
271.8656
784.1676
834.1593
251.7611
548.2689
619.3437
340.3066
734.4276
667.1617
433.2289
160.2520
941.7348
844.9477
833.4387
617.5143
346.1768
848.8770
965.6930
781.6136
19.6052
648.7402
654.1231
86.4258
650.1905
440.6068
252.0967
677.4052
508.8705
887.2785
159.8335
727.7494
2.8263
857.3959
604.8520
884.2579
330.9052
110.6720
506.4577
39.1184
786.4990
604.9456
251.2874
407.1756
950.2480
535.9129
359.5481
466.0744
600.3545
517.2185
752.0018
731.3969
662.3278
67.8463
773.8028
79.9041
55.3306
249.3654
743.0856
5.6091
716.4423
222.0767
739.0128
414.0823
796.5825
680.0960
788.2709
56.2977
634.8583
981.4906
119.8843
789.5096
256.3425
932.9670
204.1226
250.1647
710.4104
666.1487
719.4356
179.4010
544.0347
941.7107
409.5424
461.1855
330.6349
324.3432
709.7925
368.0747
61.8423
603.4712
599.0776
350.0560
274.5955
232.1449
432.1214
136.3938
894.3592
931.3484
598.1034
570.5156
731.9485
439.1780
200.2924
197.8554
70.8485
376.2778
830.3641
112.9528
935.2807
176.2378
549.9927
826.6030
47.9359
817.8651
228.2732
907.4466
193.9261
190.8423
586.1818
553.1651
528.7291
145.0011
553.4019
882.9480
150.6870
285.1459
423.9898
862.3040
994.9531
21.9786
623.5412
73.1419
680.2147
746.8735
130.5490
468.7698
340.8807
216.7711
245.6289
537.2612
895.2651
788.1241
432.9349
641.8843
84.6743
717.2017
689.1636
971.9909
405.5478
120.6334
26.2605
900.9857
618.5888
62.7087
874.9886
843.2532
114.7835
367.2320
53.2162
220.5008
674.4264
646.1568
923.0423
878.1733
614.3483
672.3696
942.0156
874.2365
336.2586
642.9530
792.3950
815.1446
809.9993
244.3617
156.1726
914.7331
163.3461
345.0468
780.6516
990.6852
577.7371
746.1283
932.2344
131.1387
738.5511
59.0718
756.5994
74.7633
108.6184
943.2724
585.2979
305.5873
268.4627
561.9947
720.8406
787.8993
874.6105
566.4257
63.2225
129.3591
191.7157
851.7920
543.0844
80.7902
645.8007
206.8398
515.1504
282.4803
577.3573
543.0025
376.4031
344.0936
836.4096
256.9899
403.9588
916.4302
925.0893
512.7728
570.8682
392.0646
269.2752
174.5506
308.0151
117.4527
95.0029
627.0170
818.9676
658.4379
928.0611
4.6547
717.6425
15.7941
969.3035
407.0999
282.3531
505.1438
744.7036
559.1432
157.2328
482.4351
342.6507
320.0206
151.9959
738.3275
722.1613
173.0097
166.7247
753.0834
389.9144
638.7274
193.7946
560.6903
763.3976
542.3337
180.4740
868.4082
663.9089
419.6795
864.5162
511.1775
14.0052
96.0642
817.5333
847.6402
68.2439
273.2855
991.6018
866.8342
778.9244
65.6485
330.4889
358.2981
294.6874
64.7146
628.5151
674.3619
729.1509
552.8207
606.3168
2.0934
679.7809
887.5089
189.1848
61.8001
695.2825
840.8519
534.4489
502.6781
451.3495
800.2579
875.7835
456.0903
189.1778
477.7669
758.1760
32.7419
213.1480
806.0383
612.7553
718.9056
443.3064
518.0965
548.1920
302.5396
164.8349
800.6673
631.5170
312.3123
883.5428
812.8218
92.8711
479.0466
389.0073
672.2748
527.9713
312.8433
293.3518
699.9205
249.5705
384.9312
521.8901
952.2875
946.3461
582.9103
99.9316
227.5041
969.5154
775.0173
466.6692
630.5540
187.1548
12.0151
504.9756
631.8743
16.2140
791.0810
515.4391
441.9206
672.9112
218.9877
711.3683
150.6580
268.7731
335.1528
987.6109
52.8091
333.9908
367.6594
21.1429
188.9295
425.6988
126.7408
724.1844
984.2214
220.9712
950.8134
805.1635
253.6092
972.8272
693.9308
118.8823
535.4487
598.8367
144.9329
163.9314
280.1265
516.2884
930.9250
70.2732
948.7590
63.2383
565.3585
955.0190
324.4581
757.1454
739.1980
430.2949
748.0849
511.4826
861.7373
948.1688
985.7013
358.6875
431.3620
874.9139
876.0779
929.1102
291.6751
947.4227
405.3012
700.7596
344.8871
37.2856
638.3148
539.8188
346.3763
847.9653
949.8172
169.8471
758.2564
261.6887
76.6080
163.9064
195.8294
224.8647
97.1786
547.4188
687.4123
791.0917
439.4650
121.2685
916.8248
295.9176
603.9081
173.9089
971.4396
384.8048
724.7471
954.7760
329.9559
16.1339
737.3976
674.4906
425.6265
820.7136
537.7330
189.5264
449.3279
731.5687
192.5174
676.8087
634.8723
309.9593
694.4338
8.6176
406.9710
684.4578
103.6322
127.5775
350.6999
386.3978
758.6686
557.8548
706.2602
820.0118
920.8443
411.5780
510.9150
871.7139
911.1343
673.9619
323.1859
623.4865
905.7744
571.0861
171.8260
932.0372
449.7714
160.3619
686.8156
131.4286
433.8283
20.2766
734.5156
685.0944
759.2560
460.8784
307.2621
414.8040
895.6048
371.8668
276.0825
12.2275
749.1843
635.9186
752.4624
948.3468
987.9414
933.4640
406.6878
558.4147
141.3297
911.7500
832.5616
802.2682
446.0052
517.4301
706.2044
132.1610
960.5961
954.0558
588.1766
53.0327
738.2965
181.6212
83.5127
575.0415
577.1762
216.8730
805.5686
156.5729
706.5578
450.1311
777.2783
176.9952
860.7791
69.8703
115.4493
805.0124
392.4277
691.3971
760.2409
154.4036
936.5906
174.7894
209.3777
284.3924
689.7794
423.3533
128.9671
924.4236
909.8056
41.0683
90.2144
886.5552
574.6372
420.1980
519.0951
548.1928
311.8524
352.4682
489.0819
64.3856
435.9360
649.0934
852.4066
940.7019
119.6280
696.9716
649.4306
872.1302
322.2744
343.8534
616.6508
626.3547
269.2611
683.5708
59.2020
499.8372
143.5883
287.6649
315.2168
732.4964
804.1611
660.0849
360.3572
626.6627
607.9332
81.1843
881.3149
674.9906
124.3675
58.3641
761.6696
76.0394
539.2705
820.0051
483.4823
355.0561
649.9652
553.9084
427.2330
29.9633
764.4879
646.9511
919.8409
525.8094
603.8527
638.8743
849.0088
658.3240
340.0579
864.9038
773.9056
176.3263
234.5090
897.4225
869.8329
687.6837
653.1999
673.3584
823.9942
704.1388
937.8779
177.6107
71.0620
614.1098
534.2727
193.9634
854.3726
510.2212
371.4224
575.1432
988.2903
69.2015
920.9285
357.2765
834.5885
817.6231
687.2055
46.2275
445.5221
915.1160
798.7863
636.1565
681.0692
809.5680
166.7834
788.3620
748.1980
91.1254
898.0409
721.2716
450.9180
559.5096
407.1658
661.3437
27.7148
72.0832
623.9997
645.5353
853.6612
599.9386
141.1951
588.6352
879.9859
588.8742
344.4157
358.7781
845.7253
966.3838
116.0920
441.0633
786.5806
473.5851
119.7738
366.8374
734.4906
813.0749
677.3066
527.2706
842.7023
946.0403
753.6745
925.4300
605.5797
983.8702
845.3545
654.0763
460.0408
978.8867
819.1335
71.1262
215.9565
423.5625
79.2790
211.4729
356.9556
343.6132
435.2788
136.5042
91.8662
311.9480
219.7263
363.8236
681.0633
662.7166
623.7584
371.2270
398.5317
777.7042
79.3095
921.2078
748.5511
467.1390
431.9895
737.8266
48.2012
840.8742
52.7895
575.5708
591.9281
290.4132
161.8249
889.6110
335.0819
944.3003
822.2547
16.6842
264.9326
235.7572
486.3630
182.2655
235.6925
441.9135
925.5350
2.9175
589.0200
367.5447
371.3447
851.3540
914.2694
280.8974
371.6995
0.1784
593.7316
219.9202
819.8504
926.2583
401.8320
393.2001
686.5174
629.6216
263.3385
588.6903
949.9664
494.7164
253.5702
416.0537
757.1911
289.1482
807.0771
962.2990
369.9157
767.8290
857.2751
325.6660
94.2012
819.0067
17.3827
359.2624
118.0859
563.2392
43.5006
851.8954
449.0714
77.0308
773.0105
862.0415
491.0897
913.7584
728.3672
164.7927
320.4700
74.7504
136.6633
527.2551
246.6684
444.3037
91.7472
817.7129
340.6251
177.2324
400.5544
321.5240
5.2362
679.7816
953.4336
99.6124
414.3418
466.6932
374.8831
424.6710
27.0655
500.0633
808.4467
817.5579
127.3608
573.6766
985.9308
640.6350
94.6237
412.8669
347.7876
608.1763
563.7473
226.4561
96.2981
819.5943
64.7787
199.6059
342.2748
772.5985
504.1391
309.1723
678.9489
953.3819
345.6216
806.2323
723.3400
744.3407
400.2648
392.5767
263.1295
899.7424
187.8363
764.0979
758.8825
442.0182
917.2145
358.0687
886.6207
264.8549
850.2226
686.1744
525.4897
521.3426
214.4368
290.0473
204.3355
724.7517
760.2672
934.0215
42.0414
318.8089
832.2271
900.1130
40.3962
316.2435
271.3488
189.2145
210.7447
213.6234
812.2088
644.7698
557.1022
586.8186
263.0641
27.6031
495.0187
471.5633
155.5533
338.6681
337.6072
838.8322
799.3127
626.4299
918.0317
337.2937
418.0008
557.7492
176.8751
105.7702
754.0177
283.4408
431.5305
327.4331
737.7827
833.8855
805.8046
394.1771
448.9386
674.9676
805.9247
978.5604
105.1750
913.9504
860.5210
686.1929
566.1801
843.2695
760.0774
487.1411
553.7085
300.9445
647.1634
850.7801
554.0887
745.8282
247.6951
626.1641
736.9005
325.0058
289.4043
972.2904
20.3865
721.1721
211.9592
142.0453
123.9148
987.6464
725.6061
423.1712
914.8946
675.9624
477.1908
78.5047
28.5644
138.6398
552.4421
157.5633
58.6242
648.5442
310.4018
681.9692
796.7877
529.0072
505.3806
324.4350
611.2054
622.1611
190.4986
637.3719
250.5650
88.6637
509.5807
669.4036
664.7490
222.5356
841.1423
114.4786
90.6182
547.9628
857.9004
944.7309
410.9146
188.4196
607.9802
762.5507
354.3111
467.4511
355.1347
139.9038
223.8525
982.5651
853.2713
842.5339
20.0825
788.1947
299.5937
610.7350
684.6456
404.9587
329.8765
276.6203
418.0388
701.9902
48.1242
558.6837
650.7747
100.8726
328.3189
317.9560
81.6632
31.6505
822.6855
941.0550
877.6912
124.0105
781.0863
140.9099
428.2021
437.9418
736.7768
120.1812
203.1748
888.0995
718.0927
736.6402
789.2331
683.2894
398.5330
170.8594
629.6321
772.7595
492.6368
430.2856
15.7902
193.6893
801.4097
8.8650
6.2914
355.9426
787.6129
593.0406
330.9919
645.2617
896.6364
738.8997
74.7694
211.7103
331.7680
73.8488
505.6288
662.2884
604.8363
589.0217
285.8640
399.2204
395.3380
407.4263
557.4999
617.4575
678.4082
6.9434
409.7174
600.3810
605.9371
265.9216
747.6517
688.2552
635.5649
847.4176
474.8136
671.5459
849.8383
738.2252
81.0192
697.1498
359.3508
825.4510
388.7504
983.1435
913.7956
54.5324
891.1978
378.0099
50.6216
565.7163
341.6384
139.3612
989.2985
914.9136
195.5799
661.7983
741.6521
64.4382
551.5138
790.3408
469.7906
651.4760
30.9116
954.7693
482.1674
633.1244
130.9981
669.9380
380.1951
811.8504
192.7384
565.1682
842.3119
646.3303
354.0526
883.0833
453.4357
480.8778
694.6680
49.2566
767.6132
318.6363
371.6919
708.6843
629.1355
385.0937
148.3651
870.6730
23.1344
480.7789
506.5896
738.1839
129.1684
730.6266
341.9677
22.8527
802.7411
59.4579
476.6990
899.9884
909.8183
496.7993
916.7809
135.0988
202.3540
576.0317
461.1908
699.2818
669.0138
423.3366
423.8260
204.1222
403.3728
488.0625
10.9352
742.3724
828.0237
4.1460
739.3516
247.7193
500.9169
961.8364
467.4551
940.8685
94.9681
246.5921
766.6023
121.1679
796.1694
908.9480
45.5976
647.3231
406.5651
982.8226
324.0102
559.3668
762.6741
620.7141
635.5596
542.6225
261.9596
308.9756
66.9150
480.5459
928.4753
883.1088
92.5150
307.1910
459.3345
318.6518
433.4687
523.4928
622.9414
379.8481
260.1648
186.4196
742.8386
737.0490
870.9659
387.0999
113.7619
557.6577
977.7942
362.6809
212.8132
202.2187
91.4662
647.3441
250.2158
686.1525
772.4879
533.1583
829.5740
59.9100
333.7487
174.2243
624.5710
204.9528
678.9200
859.3935
852.4275
538.2604
651.9706
88.5026
905.0938
428.1007
657.7737
352.3615
669.6672
803.2827
398.7782
79.3720
341.3126
936.3501
30.6248
943.3885
820.9966
568.1438
627.2465
999.3604
805.3217
700.7353
955.6636
406.5754
267.9993
475.3052
847.1436
107.9880
515.0993
884.3574
35.2681
486.8332
243.1915
518.9014
403.7665
257.0577
980.7284
967.1196
622.9460
671.4978
484.1384
284.6143
820.5109
554.1533
349.1028
200.2422
233.6063
642.3968
889.6098
139.6591
533.3206
785.2242
880.4222
336.1696
590.2031
31.5264
195.9151
603.6470
207.6504
382.0249
537.9511
336.2137
316.0652
238.0437
397.5720
696.7419
586.7168
895.6337
343.2592
605.5973
633.3655
925.8090
563.6377
16.3550
623.8553
454.0471
343.4293
935.0782
188.1681
782.0209
479.9385
375.5255
599.3371
780.4135
196.8353
588.0097
217.3926
336.2905
286.8176
71.7581
635.9547
397.8521
340.9350
62.6737
898.9043
494.4974
484.5676
242.6159
878.0465
159.9599
353.0004
725.2624
83.7760
551.1761
153.0139
218.3794
501.3451
54.3207
897.4127
230.8133
162.0621
514.1957
825.0170
711.9110
138.9617
319.1936
311.1410
915.6380
225.2242
167.7728
777.3952
150.2456
709.2149
24.0635
900.1489
823.0382
249.4325
700.5446
804.1453
28.6836
193.1215
881.5477
399.7492
683.5884
668.7789
249.9238
228.8043
6.1435
132.8395
243.4425
908.1951
754.9775
58.7239
196.4922
597.5788
401.6728
939.9021
575.7951
672.2840
804.2347
748.8171
934.4930
263.5198
29.7082
481.4216
316.3983
735.2653
627.3074
943.2264
346.9551
802.0015
515.8134
31.7839
723.7700
839.6560
133.8820
366.6943
783.5241
679.9654
364.4345
783.7155
606.9670
536.2180
914.0452
905.2335
104.6003
778.3234
725.6789
867.2683
240.1332
7.7292
973.8627
104.6078
360.3462
239.6176
72.8542
68.5089
445.4658
2.9568
987.5329
837.6313
82.1048
753.6618
32.6735
530.6902
534.7160
350.9240
330.3219
240.4881
830.6048
50.8235
436.2696
239.0318
139.1500
577.5415
776.5652
933.7197
275.8863
517.0179
329.5075
941.6399
463.3591
795.2203
925.8876
691.1444
972.7675
888.8132
387.8355
573.7829
781.9926
990.6713
367.6604
112.5075
586.7516
104.0611
565.7142
683.9926
809.2934
21.8135
299.7420
464.6308
420.3427
973.1330
224.4364
212.2895
717.1481
546.2437
204.4125
461.3789
581.7373
890.2237
958.7295
70.5342
644.3097
835.1887
399.6591
234.0362
253.8079
248.4945
542.3530
488.0264
139.6482
608.5022
90.0056
662.9773
667.1998
757.4190
674.8576
741.4375
210.6701
404.4111
188.7332
823.3027
593.7450
265.7169
855.0960
453.7889
378.0973
648.8754
779.6299
958.5496
793.4522
485.4025
908.0774
899.8997
799.1540
321.3507
675.2959
687.2775
992.9559
308.5557
823.8989
415.3577
335.3613
473.5446
593.2854
761.1590
306.0088
312.9541
154.5113
962.8862
858.8065
587.7705
797.0851
884.5529
711.5244
248.9253
270.5294
389.1720
64.5059
562.6427
580.2682
700.1149
687.8803
736.6803
989.9807
166.0008
594.6532
279.4662
867.2643
271.4568
205.3340
557.1004
518.8025
666.0721
355.3213
601.2721
443.9894
991.7365
538.2436
315.0030
336.6546
174.2530
530.6431
947.6522
970.4222
524.3942
449.8238
32.6670
745.2441
832.8258
167.8762
475.7901
602.1993
130.7270
110.4227
652.7708
789.3252
981.8065
223.5022
678.2296
802.9010
829.8295
267.2355
34.4804
819.9819
974.9169
370.4971
219.6040
217.7769
31.7491
65.9468
437.5276
694.4200
616.6562
243.8134
824.2699
558.3762
756.8265
962.4378
247.4088
847.0453
404.5544
811.3821
934.4400
790.8834
108.0897
117.0292
968.2391
866.2169
813.0140
512.7651
336.7022
941.3835
302.0296
356.5463
760.2805
555.0606
100.0006
894.8904
414.4767
313.2985
493.5743
963.5087
477.0640
160.3522
166.0052
587.7526
983.0462
72.9197
548.7431
728.7146
943.9285
793.2249
890.8806
69.0156
826.3819
21.0907
557.5511
856.4598
750.6579
321.5527
706.4625
13.8678
795.9064
812.4797
65.9121
404.6554
348.6418
948.8925
573.0471
24.6311
408.5463
580.0724
824.3339
826.8523
682.2408
785.4683
145.7067
157.1041
93.9583
920.3049
74.9896
58.5469
58.6360
586.7911
602.2900
317.9337
650.1836
83.9375
140.6497
272.6902
869.6619
64.7146
688.9313
799.2224
36.4580
314.9198
811.2278
209.2627
634.4219
82.0509
642.7526
491.1328
460.0464
175.2708
137.8059
91.9099
454.7391
591.1607
964.4354
128.6019
813.5154
346.6656
444.5498
879.7431
281.9912
775.7342
21.3119
894.0969
270.7326
637.1639
399.9205
129.2873
4.4309
513.0360
257.8222
478.5820
148.0863
362.3216
357.6049
20.1362
749.0533
772.1541
11.4415
57.2627
544.9217
500.2232
870.3974
0.7728
567.6410
484.1331
152.0271
620.1163
132.1740
338.0301
893.9227
278.1988
520.8599
299.8077
917.2955
33.5574
360.0972
520.5694
677.3264
238.5927
503.4287
199.5703
343.6952
652.4447
610.1505
74.0684
994.0109
178.9416
721.6485
227.8706
612.3422
989.4941
145.7694
803.7963
721.9749
379.3098
646.6384
138.8349
947.2813
673.5361
278.2165
806.3682
125.8885
64.1066
158.6194
304.1308
848.4748
741.5867
19.2029
292.7900
458.8038
936.0367
737.4599
161.8889
72.2555
846.6320
983.2100
527.8521
160.6928
419.0454
754.5412
845.2420
441.8174
885.9365
880.7801
926.6473
397.4486
215.9106
292.0394
398.1028
412.8885
173.5732
122.0478
396.9140
215.8899
633.3062
936.4269
912.3891
166.1833
770.9687
974.4855
883.6820
646.7453
416.0980
382.3151
440.0416
475.8380
170.0915
421.0686
875.2623
45.5072
166.1260
377.5009
737.6348
724.4653
13.2984
435.1934
385.8801
884.5507
926.7797
852.2547
77.9133
801.0354
795.7616
723.9585
738.2872
298.5349
692.0810
616.1219
36.3506
66.2832
496.6779
373.2338
759.7015
361.7935
982.4222
907.0750
759.2812
672.2429
751.3242
460.1930
902.4301
501.3815
71.8915
989.6589
430.9116
984.6468
312.5261
132.4001
611.9800
652.2923
584.9492
680.6070
563.6256
757.1383
541.6669
959.9972
353.7624
149.2053
945.1195
809.8409
600.5342
375.6684
885.2673
719.3282
320.9300
650.5650
100.4489
958.7298
732.5105
1.4090
12.0840
941.6311
643.0788
458.1425
188.0489
741.5635
475.4463
885.9938
340.5961
564.4368
396.4278
693.7246
978.8661
161.1480
621.6632
531.2901
696.0556
165.7195
753.3751
411.2416
470.2578
691.3484
486.0514
922.7376
368.2774
394.1170
396.3092
833.3232
826.3253
500.3773
569.7087
568.4671
691.0200
373.3934
428.7937
531.4414
158.9242
904.6390
463.8153
241.2731
104.8375
889.5896
466.6174
918.4696
411.2679
498.7206
244.9216
259.3953
169.0907
666.2569
175.0929
203.2289
435.7257
729.9120
698.0266
734.2089
507.8572
425.0216
526.6295
80.5273
768.4872
255.9274
113.6611
72.9217
149.4156
36.2989
238.4671
339.0464
34.0463
103.2056
250.7608
341.7425
326.9300
730.5166
618.2368
777.8244
486.9347
346.4139
617.5614
274.6947
727.0450
390.7217
834.3138
346.5204
513.0118
149.9828
831.7320
926.0835
591.6351
912.7885
233.4620
152.1638
244.4335
636.7008
852.8433
977.6500
401.3832
339.0005
383.2396
817.9358
554.8688
251.5608
277.0503
553.7762
488.4440
271.3712
847.6047
801.8907
787.8196
462.5673
273.3506
836.8063
146.5307
412.7766
78.0635
188.5059
4.6572
985.3315
137.7255
425.7406
720.8389
535.6425
437.9615
710.8706
130.3861
733.8759
534.1470
550.2300
806.4627
862.3593
445.5454
478.6221
679.8945
502.6539
634.9592
441.0750
772.8474
999.5361
31.0453
368.3703
731.4642
249.2091
140.8636
343.4968
495.9636
443.5518
458.4217
586.6208
572.3675
340.6495
377.4117
60.0050
899.1807
931.3022
223.8884
241.7958
18.0876
465.7990
103.6994
233.7271
281.3011
621.1316
964.4244
968.1968
353.4001
671.0870
812.8222
319.6295
527.8808
587.8260
137.1115
675.0627
743.3963
879.7644
429.7563
26.0094
543.6424
811.3485
872.9291
519.7407
740.2380
579.4500
853.6083
30.0387
648.9526
10.3444
323.0856
836.3928
815.6743
218.5498
632.9521
121.3367
139.3505
864.1120
210.3625
382.2869
354.8216
970.7092
359.3122
596.2385
564.6193
509.0248
473.7762
959.6065
712.0151
292.6820
606.8034
16.1725
848.4840
60.0904
558.0012
318.5618
626.7942
244.2016
591.0941
907.4016
147.2198
715.9574
89.5691
685.9952
314.3271
95.9971
522.7305
421.7282
428.0337
845.8442
772.1318
476.9183
989.9582
282.3274
712.2170
420.0323
90.4635
70.2300
493.0291
554.7337
290.9502
301.5651
509.5953
671.4918
991.3201
536.5989
966.9863
587.8225
342.8959
461.4016
868.5304
131.0647
153.6666
775.3846
202.8849
835.9899
964.9379
46.8684
686.8332
261.0044
409.9963
134.7956
816.6384
102.8196
222.9651
275.2692
722.1395
872.4066
945.0010
853.1397
936.7870
767.6275
977.9432
111.2489
244.1378
400.2432
580.5028
191.2638
864.4843
331.5633
726.5769
35.4218
566.7092
372.6067
388.0081
104.7023
704.6359
345.1337
369.1682
863.2112
332.6350
14.0353
141.6036
782.5566
748.2199
499.5743
573.7561
370.8304
512.1864
479.9398
713.7300
49.8241
939.5200
56.5571
594.6337
851.5488
642.3162
170.9523
526.7972
674.7400
186.2599
742.7389
68.5283
679.3633
432.7911
249.1686
753.1554
117.7298
446.7618
261.1696
990.8220
929.3468
586.9970
48.1930
602.8029
135.6000
834.3345
645.7713
114.0989
171.7322
66.0106
944.5124
926.7948
673.7609
724.5337
627.8860
14.2319
922.1203
372.9382
380.3960
39.6320
357.0046
726.2706
159.9872
195.7445
782.9413
518.3505
380.2267
116.3208
149.8484
412.0320
816.1639
466.1195
691.5421
459.3495
471.8681
859.7798
673.7094
923.3036
209.8274
641.6682
387.7977
333.5814
208.9553
3.7668
302.1509
668.8551
477.2120
987.1058
142.0179
631.7870
847.7724
228.1783
924.9717
463.5057
872.8522
304.5988
28.1731
882.5591
722.8405
451.2607
200.0780
371.7473
739.5401
41.4055
612.4108
644.2132
946.4217
325.4309
252.7580
839.3704
445.3601
701.7625
425.5797
683.8817
22.6353
537.2159
812.0361
457.8026
320.9554
991.7161
655.1111
323.0348
230.0213
180.3532
96.8046
529.0493
677.1879
48.7611
946.1923
53.9824
919.5581
595.0597
97.7480
961.2173
723.0511
690.7048
585.2062
280.9741
602.9494
616.8195
296.9109
84.3973
129.8836
99.3904
283.3624
217.0469
509.7945
932.9820
538.4440
242.1243
705.1569
247.9791
222.7083
646.2821
312.6645
345.7785
508.3674
510.3516
122.1938
926.0438
631.4201
67.7890
543.7650
138.2103
743.9058
632.0783
89.8081
772.7714
19.6857
214.2582
168.2270
371.4287
621.8205
27.2011
347.2352
197.1769
387.4383
42.9377
428.1075
745.7851
366.5196
230.7662
862.9118
841.7618
480.3882
176.8502
754.7512
911.8243
637.5362
83.9418
999.1799
875.9224
116.1563
953.5781
899.5795
157.3160
222.6079
953.1915
772.8229
476.5942
472.0202
916.6788
582.1652
364.9801
834.1870
469.2179
67.9449
257.5171
353.3304
329.9338
888.6801
8.6864
611.7575
165.0717
348.2956
332.9018
71.6624
516.2275
674.9160
89.5905
974.1203
714.4647
305.0750
164.5178
580.3131
25.1168
181.1419
485.0524
268.5061
569.4087
753.6439
547.6401
899.2722
782.9364
130.5459
516.1992
368.0696
285.4738
252.6690
390.5691
802.8164
82.4382
49.4446
432.3609
882.3087
280.5535
973.1078
161.5373
385.9968
102.9054
138.8314
647.7315
55.9986
546.3860
393.7180
774.4636
348.2949
96.1405
284.8190
195.8886
662.1017
753.0393
233.4113
447.5293
335.5254
516.2336
122.4427
333.3815
164.2380
361.9585
480.0944
881.4687
166.4063
795.7403
130.9175
147.3086
399.7574
828.8627
994.6124
100.1013
832.8506
317.4970
171.5914
223.3338
520.4933
865.1856
857.6774
3.1486
882.4301
278.2636
520.3560
270.5477
469.1298
587.4879
671.3534
166.0788
632.5509
732.1499
302.4382
205.3262
893.1364
386.0847
692.1846
543.4252
970.6501
584.3159
210.8991
561.9172
868.0278
333.2748
484.6359
994.1813
573.3736
476.0404
573.3039
964.3894
645.0684
984.0278
246.7976
388.3591
770.9693
892.0228
943.9187
771.1411
874.8521
541.8151
351.9980
941.9243
17.4397
737.5746
775.5018
312.4512
345.5214
753.7485
193.2321
33.2345
345.1802
138.6360
533.7579
741.4284
555.5962
967.5955
247.1025
606.2134
259.9980
542.7603
874.7049
291.7904
629.5720
818.9264
194.8327
64.6283
59.7277
704.8940
150.0438
176.8069
596.8775
470.0278
599.8138
98.3955
434.5838
35.1212
581.1575
146.0999
818.3640
389.0573
15.8039
584.6848
292.8266
116.8735
335.5315
316.9609
668.9022
116.5731
693.8652
320.8884
971.9953
708.1028
617.8186
55.2255
168.2679
725.5453
27.4653
598.7294
439.7045
944.5786
144.1487
97.2153
770.1181
97.6706
425.9297
754.6927
762.1100
47.3868
361.7674
80.0654
495.8643
420.0530
124.0555
280.9470
977.9993
824.7318
960.9053
0.8413
381.0488
500.1755
260.6752
360.8204
733.7416
513.1563
945.8694
839.9566
449.3604
458.4276
212.7185
367.8789
556.2153
76.4763
913.2968
252.2950
394.8880
346.6730
197.2722
168.4296
560.4740
386.5479
423.5910
953.1048
275.7603
792.8724
122.2937
804.9250
827.2209
750.9288
931.9588
759.2445
708.6938
245.2340
980.4529
899.3889
409.2074
833.6919
338.4059
385.1601
980.0355
60.2483
373.2921
313.9885
225.5470
681.1340
999.6950
520.6388
10.0058
502.9731
819.8199
575.3572
195.9645
109.3379
616.7473
24.6301
420.5256
971.3842
474.8614
702.4083
475.2845
310.1191
702.7873
799.5226
835.5541
984.8516
439.1901
540.8583
461.6992
347.0353
363.6211
445.1106
994.7656
845.4279
39.0077
210.4510
903.6379
137.1136
224.4202
591.4399
923.1032
902.3429
648.2832
545.6007
758.6110
329.0105
542.9060
805.7091
130.7529
704.7533
523.2001
696.1497
303.5699
191.6799
609.5943
297.9146
720.8484
917.5064
610.8696
698.2611
518.3198
907.7608
467.6736
267.9224
292.0155
130.4560
655.5334
954.8317
458.5934
448.4110
809.3969
8.0324
357.2688
403.4735
963.7669
75.0464
467.6786
865.0241
530.1875
374.9941
201.4973
421.6265
216.9612
930.0028
149.7802
785.6973
674.5042
649.1051
291.0294
880.2891
402.9383
856.1630
667.2791
650.9680
222.9582
862.6943
911.8646
929.7331
155.4293
31.2435
554.9205
910.7681
848.1413
339.2297
98.0289
633.5883
497.6357
697.7855
303.6856
213.9193
717.3263
894.3882
422.2123
514.2607
25.2303
110.8659
728.6797
465.9987
496.5595
527.1863
309.1619
513.4067
959.9336
216.3573
231.5455
786.4907
956.8387
719.0417
377.9787
2.0067
437.7923
991.1538
900.3220
530.1314
548.1639
235.4835
545.3625
520.1262
851.6605
193.6921
339.0018
685.9872
523.3386
525.7859
832.0173
466.9255
144.2271
806.3591
647.3799
331.3438
613.9162
159.4829
480.2841
125.0448
702.9984
15.2036
316.1837
298.7976
870.1511
406.4206
749.8234
550.8199
895.2403
2.6373
18.4842
251.5014
974.1210
916.6720
858.6424
902.5085
823.7447
499.8841
806.4575
950.8374
723.7839
661.4694
500.7913
949.9114
899.9500
835.0645
445.2199
694.6410
269.3314
542.4166
90.1894
55.2618
437.8605
197.8402
670.2231
766.3923
328.9667
722.6233
336.0988
383.1794
534.9445
88.4351
791.9969
599.1110
214.0092
646.3338
182.4293
502.7530
48.5354
446.1842
701.9519
783.2782
972.6031
538.8115
475.9254
935.5896
618.3996
199.3762
86.1899
89.5361
497.1481
144.7605
97.0400
421.2443
793.3842
189.3104
505.7878
931.1357
531.2120
275.1305
88.4526
144.4168
437.8003
467.5107
824.5486
126.8150
437.1962
703.4057
802.4114
39.0051
579.3189
697.0673
417.8091
104.3151
104.9726
758.0398
459.8837
136.3372
473.2764
373.1562
6.7023
197.5890
352.7705
662.5649
324.3988
770.7453
319.3984
416.1580
419.9812
594.9271
806.0545
18.6424
904.2033
207.8760
232.1781
490.6565
450.4501
281.8098
121.0361
610.5494
496.3894
69.2900
723.8649
182.1536
947.4845
458.3841
944.9272
746.3638
36.9193
1.5076
56.7447
973.7573
693.2737
198.8950
832.2712
459.9427
81.8636
332.2124
518.3664
947.6162
896.6179
532.5902
583.5302
896.8848
889.0748
336.9698
950.7152
424.7997
781.9605
777.8218
396.9731
56.9008
735.9446
917.7626
343.0462
187.8005
778.5134
526.9788
793.4103
656.0804
128.6263
723.0243
134.4603
209.1436
613.9707
757.3203
166.9159
528.6079
92.4088
310.4369
228.2490
620.6675
486.4002
491.5288
621.2201
809.8156
499.8079
203.5681
823.8520
410.3206
517.6924
677.0425
81.1038
739.7544
442.1168
181.1964
46.8478
770.8826
333.5390
2.3677
334.6148
744.4112
409.5722
674.2889
6.1033
406.8260
821.3569
238.3574
105.4465
421.7110
871.3365
368.0944
651.6411
447.6617
271.8517
723.5531
685.8285
809.6139
172.2022
418.0872
965.1376
902.6885
837.4103
47.1593
179.3533
610.8948
679.6180
838.5245
761.4918
549.8585
114.4002
222.1884
79.5905
804.3381
459.5563
918.7142
709.0714
358.9383
475.3120
821.0602
69.9132
784.5173
949.7804
644.2908
595.7334
930.7334
929.7914
336.3905
558.8497
5.1711
20.5039
385.7305
352.0813
532.9836
984.9891
725.3205
869.5970
225.2535
771.4005
525.6175
668.9686
604.0139
531.4953
73.5365
878.9529
372.7595
468.6193
743.6857
758.7808
15.4721
280.9726
780.6319
287.3077
303.2956
971.7147
848.8157
154.9551
785.9183
940.8484
351.9992
936.3809
690.6358
238.7826
768.8133
420.9659
981.4411
530.7128
554.5470
948.5290
861.2821
596.5391
394.2933
153.0106
684.6416
106.4760
608.2648
598.6022
736.5563
687.0127
3.2894
400.2758
749.9045
701.5486
848.1692
734.0484
612.6163
550.6193
259.9170
6.1126
576.2181
43.9201
506.4148
481.9558
786.0023
270.1882
721.1049
539.3022
181.7016
96.8697
120.3963
725.8131
840.5616
439.7417
492.9504
836.3640
139.8972
498.9118
72.5612
212.1152
909.9308
90.3907
377.6214
742.9304
123.5134
249.9334
410.7206
480.6139
590.8991
304.7998
878.0698
578.9080
110.0567
503.3083
270.6626
849.4822
54.0751
643.5812
784.3516
603.3920
192.9790
341.2090
767.8299
794.7111
236.0267
666.5088
221.7239
64.0778
124.3715
691.4998
956.8361
113.2297
348.8560
420.7296
601.1600
981.5653
204.6173
434.1454
507.3701
820.2447
500.7506
362.6151
601.5181
401.0003
67.7026
777.3260
857.0817
351.0962
200.8151
207.7568
653.2178
421.4101
632.1111
544.5054
209.1316
236.3880
687.1901
69.9982
670.4361
636.7307
862.4395
555.0938
551.3565
689.8444
158.6975
821.3734
408.2938
435.5974
944.4206
817.2399
608.4418
584.4631
278.0788
662.5837
16.7678
910.3443
632.7564
611.0995
459.8374
918.8002
511.5517
926.4132
956.0342
584.1505
888.3587
506.6745
595.5501
689.4031
506.1934
164.0203
952.8849
173.4890
457.9728
397.0715
47.2666
348.2046
191.7979
44.3516
270.0607
984.1671
712.1672
339.3092
130.8488
639.5197
116.1287
753.2530
772.8622
898.5216
634.6477
414.0553
400.3705
501.8020
543.2410
452.1041
899.4739
159.7234
239.4364
87.7025
41.2639
929.2314
809.7691
819.3534
253.7379
255.3372
517.4359
432.8792
519.5645
472.2507
889.7273
331.2743
396.7771
568.7763
741.4722
779.8291
727.6435
987.3822
971.1632
33.3980
408.6920
685.2473
37.3784
930.1684
941.4924
731.7646
362.9944
457.9974
12.2186
358.5453
817.6530
419.0419
404.3498
712.4773
85.6539
771.6848
437.2017
130.4841
84.4847
533.5643
18.8454
72.9275
369.1721
293.6674
742.5549
149.8724
28.5447
64.1276
792.4188
588.6527
201.7896
484.9125
989.7522
546.4829
357.1896
533.4257
121.8625
548.1292
437.4799
384.0468
967.7019
210.8863
263.3026
571.6570
367.0820
613.1148
964.1183
414.1984
401.5885
161.9983
53.9516
409.7053
266.7879
262.7819
446.9718
578.3280
562.6410
846.0453
969.9859
586.4380
183.9956
781.5568
823.8903
418.4395
397.1372
916.7652
956.2979
378.0551
183.2845
628.9586
322.6983
88.2521
77.9451
304.3286
614.1140
95.2388
567.3207
69.1970
853.9988
369.6664
543.1061
999.0772
129.2741
449.4650
881.4757
42.6439
819.3531
734.7774
224.7847
137.5031
950.4965
91.6560
816.1182
634.9447
110.2908
498.8205
155.9991
477.4556
948.2965
841.9293
678.4414
423.0581
17.5961
881.7851
828.4279
639.5230
523.8959
545.9866
568.6859
468.6571
710.2583
849.8693
387.9659
940.8309
781.6008
645.6398
991.7745
90.8313
858.0862
538.8917
47.9330
905.6921
280.0052
754.5212
377.3849
489.5229
84.4144
308.7281
117.1258
921.2066
409.9665
942.3494
229.2027
530.9903
589.9674
860.0664
918.5410
308.4637
974.7628
963.6035
335.9670
103.1498
798.5143
82.6913
710.9999
914.9928
402.2311
478.5474
939.7104
850.4349
179.4217
738.3709
50.1834
898.0458
178.3456
777.6207
893.0010
206.3906
556.2484
66.7016
404.5480
593.3379
685.8316
604.0826
991.3621
358.0402
380.5680
896.0817
416.2447
770.4722
702.3202
453.4516
400.9276
755.1508
195.4183
79.8905
262.3554
652.1207
605.2258
716.1306
474.6821
244.3954
363.8571
649.0237
43.7453
393.0021
262.7638
925.5581
963.1854
64.0969
898.2727
577.8089
783.4041
169.9615
33.4117
455.0806
261.2202
515.1791
141.3253
104.7997
445.3190
608.6573
697.9836
30.0631
37.7785
383.1301
109.9833
780.8539
4.0595
47.3377
60.6520
38.7792
895.3852
217.7955
332.0518
462.1861
420.0502
327.8416
589.3904
408.8585
64.0813
45.9239
700.6121
54.8208
406.9416
416.1085
951.7086
473.2960
574.8695
972.0631
392.4010
393.9730
823.2951
120.0252
389.6249
304.4878
891.3375
171.2766
406.3185
444.7906
244.5040
629.6445
235.6230
326.6729
269.1056
974.5643
385.0014
160.6017
770.2710
413.8639
153.7202
826.0879
857.7686
870.8246
103.4290
710.1698
443.3366
197.7386
413.9230
892.0018
877.9162
52.0388
464.4866
865.4462
326.9105
7.9412
952.5684
201.3342
263.5336
939.2478
302.2467
416.7899
552.1818
276.5292
272.6980
764.7018
939.0854
224.3484
81.1007
702.8887
593.1742
153.1185
154.2860
728.4970
259.8850
812.3569
327.6059
832.5622
395.9446
220.8250
437.8364
846.3260
146.4063
626.3748
441.8963
107.5496
741.4867
925.2654
257.9290
552.0128
262.5702
819.1641
83.8360
695.7833
827.5364
723.1843
580.7863
19.8795
497.1829
854.0021
379.9776
981.2394
371.4895
932.6601
136.7844
920.9181
176.6999
898.9179
3.9886
702.0569
507.5498
32.9472
709.1628
700.2815
45.8713
213.8407
168.9931
52.1723
973.9806
382.7432
507.1487
798.5103
202.1794
896.2773
69.8195
779.2173
825.4270
249.7144
40.1276
744.0070
864.4308
546.1761
219.8985
286.9881
732.3438
457.6276
800.6717
783.5710
297.9547
554.9200
611.4499
433.8901
610.1274
748.5953
441.3219
538.4264
257.4520
881.2303
61.8714
757.3459
885.8991
961.7904
518.4026
832.2511
113.1670
725.4572
907.6016
480.2423
317.0910
433.5388
771.4902
166.5775
861.5056
355.9761
840.3797
404.9276
83.3723
153.3226
408.2317
527.9784
689.8622
833.8933
441.6400
25.3743
951.0220
560.5693
770.0074
640.7209
347.9401
902.0865
82.2606
207.7596
844.2358
938.1910
264.1554
544.1471
558.1858
649.5369
951.8459
237.4860
489.8684
238.8397
791.3549
688.6208
915.1236
986.1401
593.7408
94.2247
323.2686
527.7124
629.2788
854.0794
991.7336
569.7116
250.5888
240.7961
999.2277
675.5194
262.7326
12.4517
699.9389
758.5648
746.2697
130.0819
819.0056
896.0288
765.3347
695.4537
61.4990
320.9733
481.2580
834.3284
920.7368
604.1389
195.7156
717.3544
778.2030
669.3287
254.4651
708.4025
755.6273
182.8446
613.4155
823.2215
486.8257
202.8246
734.5832
894.8491
850.0275
29.0382
184.2634
999.6604
891.9647
542.9775
15.2726
776.0926
293.1187
981.2881
361.2111
942.1248
492.9177
23.2268
180.4614
13.2885
208.0596
45.5494
822.6697
584.9936
892.3171
746.3449
526.3962
109.9021
673.3087
500.8114
921.3846
310.1543
926.5059
72.1697
218.4748
254.2483
139.0233
202.0077
675.8691
474.7560
166.4268
122.7886
619.7145
972.9991
274.8040
573.8879
326.7821
475.4006
886.1983
484.9727
984.2466
138.6935
706.5282
418.0705
917.8458
89.0341
191.1421
530.3003
984.9297
391.8316
531.4061
932.2767
26.6227
664.2505
549.8106
24.6063
39.6214
252.7872
333.5331
992.3703
284.7282
548.2076
161.1957
302.8297
894.1152
248.5935
151.9089
702.1419
474.0306
566.5479
545.8529
900.0779
213.4188
154.1253
264.8576
19.9535
99.3396
112.8958
987.5071
719.8185
68.0193
59.5657
486.4991
131.7098
415.7762
621.7986
973.0708
524.2933
140.1325
253.2597
417.9099
569.0759
424.5545
592.9172
921.7131
884.0812
91.9834
441.7613
265.3445
522.9976
81.1632
3.5685
766.9725
582.3362
954.1886
170.8205
63.6957
607.3049
703.0315
703.5991
571.9439
459.8543
224.2362
901.0923
966.3929
363.6827
12.7381
622.8885
937.0398
204.6590
40.5377
535.5603
77.2628
116.5068
565.2023
996.4091
880.7045
84.2074
758.3462
828.6597
700.7995
950.4864
342.5243
375.3117
279.9674
234.9055
708.6051
704.8169
59.2211
923.0350
976.7171
14.5799
92.8151
554.1238
453.3390
699.4529
8.4356
663.2244
4.0930
854.5694
486.3468
159.7188
634.4581
551.4865
199.5699
7.4536
270.6474
807.8442
36.4921
82.2390
776.5519
372.1135
530.3830
253.2101
506.4922
868.7501
781.7628
639.2793
293.4908
851.3651
723.1764
42.2397
209.0505
449.2328
688.5495
522.0832
401.6538
497.5932
86.1810
689.8965
468.6137
53.9534
881.9746
968.5623
197.5874
278.9149
300.1433
905.7937
69.7384
526.1904
692.2614
852.3867
111.8314
931.7081
674.7144
571.7426
575.3254
123.4410
735.8061
887.4615
554.3942
509.2600
433.0420
784.1448
231.4495
286.4037
737.9586
206.2307
367.7255
566.1473
45.1196
105.7689
230.5480
361.5062
710.8665
208.1740
426.6958
453.2264
671.6133
692.3029
831.2805
129.4715
444.3882
614.1884
199.0289
545.5608
935.0946
57.7783
87.4908
861.8003
299.2288
175.6761
316.2888
57.3945
767.7705
616.7281
655.5748
248.1618
814.5038
251.2634
983.7962
230.8786
793.3234
280.9789
492.2323
221.6100
518.5433
193.0137
283.7032
332.8871
148.0420
96.7314
589.0398
546.8175
750.8367
898.4193
848.0365
148.8606
790.5185
723.9337
715.0659
874.0384
215.6162
362.1247
85.2958
61.0008
236.6834
133.1075
909.9986
56.5335
154.3014
722.4752
401.8480
735.2447
282.4600
25.7635
464.4269
58.2320
101.5462
182.9638
414.3017
825.2963
224.6900
378.9027
442.4839
98.7451
715.8054
136.1278
986.6059
13.5385
77.7621
286.0541
756.2088
938.8691
592.3809
300.2205
501.0977
623.4398
8.6194
613.3782
665.4902
895.8363
430.4016
2.8878
780.1560
494.1031
62.0573
216.6353
773.8606
554.3469
117.8846
283.1013
807.7877
16.3934
244.3854
157.4990
939.5751
305.3187
495.4574
234.3698
898.4190
735.6391
539.3905
761.0908
751.8726
928.2578
117.3524
131.8759
433.5332
145.2160
475.3297
2.8681
887.2684
303.7903
863.1422
169.8932
355.8707
233.4301
337.2525
719.5117
579.4714
296.0607
922.7312
555.3907
773.9516
323.1745
643.8813
92.5673
209.4172
750.4028
67.3033
805.7326
570.6579
205.0490
989.8356
912.8569
722.2984
295.5730
917.7153
360.4272
917.0763
346.9765
602.4679
103.2929
314.2175
946.2875
140.0467
955.7733
434.0907
828.5599
647.9635
710.7847
852.8559
21.6747
964.4081
179.9355
472.3572
1.9400
697.2037
910.9179
179.8786
483.1569
836.9120
262.2663
164.4247
793.6844
687.6893
665.9126
717.8970
757.4846
144.4431
703.4987
440.7529
310.4121
280.0618
393.6603
242.7416
380.1781
294.6237
757.6047
166.1255
655.9460
110.3286
791.8580
339.1520
303.9334
875.1360
359.2925
139.3564
335.8507
367.4829
358.3243
667.3951
47.3018
220.8850
397.1542
469.6212
879.3236
590.7696
167.3390
170.4105
614.0538
980.6622
574.9404
807.7373
517.3596
53.1261
40.8760
532.6312
631.6561
65.5341
564.6248
99.9631
949.6129
553.0609
379.6368
969.8938
186.7571
562.2091
679.9068
322.4226
680.8077
85.1408
987.7122
449.2908
866.1344
157.6238
228.8609
179.7161
734.2356
574.6689
139.2684
647.9909
447.7168
37.7684
549.1567
731.7520
502.6899
666.5729
250.2190
234.2688
112.8124
333.5279
583.7227
217.6443
844.7437
288.9069
273.0488
572.0035
2.1612
462.5093
694.3105
81.9901
819.1693
284.3970
486.9805
264.4790
501.8034
726.5688
510.6358
212.8545
722.7084
677.1311
194.2348
160.0914
101.7959
814.8909
912.4267
614.6450
172.0117
712.8910
851.3564
883.7202
90.0428
441.4069
4.1859
564.9735
930.2462
717.7007
319.6909
346.4708
770.2208
96.5676
963.6106
286.1898
884.9045
336.3527
375.9578
487.4176
872.6837
787.7947
487.4283
486.9233
312.3824
509.0131
277.0755
984.5600
726.4617
353.9246
328.0978
535.8998
752.1952
507.7983
188.8289
174.2228
748.0779
46.2514
386.4338
806.6877
146.6566
392.2344
232.1348
338.8684
605.1479
788.0390
172.2741
617.0004
340.5801
283.3833
957.2865
217.5046
847.0237
138.8331
850.3786
318.9105
745.5032
329.9363
640.2426
548.1174
653.6462
301.8215
528.3344
526.1414
611.8042
799.6749
998.3769
61.6859
205.9406
526.4094
54.9887
759.4515
100.9814
758.5714
748.7953
747.5659
857.0076
547.4046
985.2926
537.5545
79.8632
538.3368
805.0033
967.0246
793.7144
548.3271
685.7095
153.6606
131.2821
330.4292
470.9935
870.3502
347.0710
398.5970
725.6156
844.1677
268.1901
365.6863
938.7751
696.9119
698.2042
175.7267
833.5081
353.4369
156.2464
870.8204
70.2577
327.8764
100.0179
477.1551
968.5423
765.7344
633.1358
445.5054
608.3300
952.3033
403.7290
301.4733
909.7443
745.1583
865.9574
2.4344
744.9030
413.8094
169.1431
995.6643
707.8496
73.0717
794.0522
488.3664
548.5900
829.4213
364.6622
703.6457
54.7430
665.2519
157.4344
201.8997
404.2770
954.4832
197.5255
375.0425
415.4632
740.3689
614.3787
303.0054
221.9288
544.4517
889.9935
92.1933
414.9931
570.8756
825.2667
424.2730
381.6630
255.7970
442.5906
910.5590
479.0028
90.0591
440.5912
718.9436
523.9888
453.6361
264.9204
934.8245
507.0212
376.6031
6.9613
328.2650
956.0922
631.8434
423.4833
157.3627
844.5371
283.0048
321.9355
971.0960
75.9723
384.5427
990.3416
682.6071
748.7238
506.1137
667.8805
190.3346
55.6880
330.9208
660.3053
452.1904
920.8732
712.2881
703.5194
230.5539
751.0107
783.4323
432.9742
756.4925
956.7998
187.2848
429.4339
146.9130
933.0239
573.6887
557.9793
347.3348
745.7108
846.3850
162.0361
241.2688
116.2460
779.1289
391.3155
838.0581
763.1521
942.2002
484.2533
738.1324
361.7537
882.3041
69.2957
665.7360
447.5634
844.9059
757.0720
503.4428
766.5140
864.8454
761.5555
676.8480
120.1677
298.3560
618.5877
895.7742
571.3702
467.2668
751.8878
259.2111
814.4201
29.1090
11.3660
918.9138
108.8112
497.7134
252.3926
412.9113
126.5430
127.9551
782.5398
966.1937
316.7837
481.8560
446.0487
309.2166
92.1809
941.0841
195.9234
354.1291
794.3290
90.6182
694.9182
628.8537
174.1933
3.3791
21.4553
645.3273
615.7566
357.1102
353.9367
422.2231
295.5976
407.5223
448.7727
51.9479
946.1095
975.1402
398.8188
963.6687
858.5604
194.6746
959.0014
923.0498
20.1051
442.4927
150.9587
588.3138
599.2483
785.2482
960.0571
964.9348
364.8201
482.7156
678.0374
217.9865
567.6312
331.5044
25.9650
222.0670
350.5187
411.8836
151.7279
628.6871
259.0537
962.7434
803.4766
92.4660
898.7490
833.5899
970.7274
272.5679
845.2155
932.6982
554.6617
818.8767
484.1627
420.9077
28.3476
974.8439
868.0886
60.0374
842.8130
41.0081
153.4327
328.7446
621.0961
37.7232
544.8217
959.5317
179.7555
450.2544
954.7959
521.4167
945.9022
18.6008
627.6350
636.2771
831.1692
111.8650
656.9133
469.4389
657.2598
893.8593
203.1670
669.6122
494.7039
521.9333
658.0831
376.9445
659.6591
846.7155
139.1842
977.0235
192.5100
579.1033
0.4749
692.9023
337.5448
74.2571
112.6735
565.5748
912.2044
643.3855
490.8748
20.8877
484.8095
963.9517
328.9252
283.9024
21.0325
902.4862
113.6712
181.5701
562.7245
163.5432
697.8479
301.6671
367.8771
640.2986
45.0773
351.1827
896.0475
709.2030
638.9501
869.9181
448.6971
220.5833
826.6632
176.6742
405.5236
248.7511
806.9369
600.9609
82.2385
248.5600
46.9550
245.0568
474.3432
226.3993
404.9899
176.3015
265.2807
928.7506
428.2526
302.6262
765.9528
120.5130
511.9391
503.6271
85.9815
802.8274
675.0802
993.9256
450.1453
730.2480
487.5651
92.2826
827.4166
293.2097
830.7866
604.6274
77.1638
371.2279
173.2772
657.0134
330.7466
769.9229
443.5239
428.1204
172.9287
337.0900
285.6794
563.1765
21.8940
985.4614
286.8977
439.8631
695.8011
907.8516
121.2465
111.5436
5.9234
857.7901
185.7763
730.4551
939.1906
708.0733
644.4729
453.4840
493.1032
384.8218
100.9462
556.5853
70.5991
606.7917
241.1847
4.5943
393.3610
650.6661
568.3373
526.7115
651.8297
93.9562
777.3995
409.5523
77.3144
186.1313
946.9318
80.2563
581.2650
104.0813
950.1199
475.5064
285.5265
694.1958
539.4482
576.8280
704.6611
355.1815
952.2240
35.7210
922.7896
270.2734
484.8992
685.4584
476.5665
984.1602
865.9598
423.8637
873.9915
506.6402
968.4027
24.8859
333.5775
308.1350
387.3405
901.9384
624.3400
606.9778
298.6581
105.1215
686.4358
609.3534
126.9962
531.0514
262.2704
714.5676
159.2455
210.1622
986.7126
70.2563
924.5012
87.0845
697.9880
735.8233
680.5609
373.0735
139.3918
73.5585
395.4902
186.9131
730.2036
511.9032
760.9600
228.0048
610.5734
212.3719
761.5519
349.2122
777.2587
969.5781
8.3371
58.6718
441.9556
59.1170
71.1594
366.5916
244.9501
154.2760
829.4138
215.5167
534.2869
997.0145
766.7478
924.6810
959.4276
949.8679
886.1078
245.5417
267.3938
741.8987
667.2159
608.8555
673.4757
332.3536
96.8504
392.0070
637.5581
733.2630
458.8943
916.3523
531.6055
297.3135
957.1556
579.4160
305.1873
112.4093
845.3577
181.6210
625.9110
570.3100
357.3938
968.4151
741.8596
133.6459
211.7788
61.1050
745.3230
905.5497
747.1322
597.1460
155.6687
627.6724
52.4412
463.6569
320.5369
238.3461
790.6593
799.7416
657.7980
76.0274
60.8086
999.4278
69.2802
969.8606
69.5320
759.9757
808.9869
803.5028
48.5770
552.2450
286.9278
434.8485
286.6051
179.7794
139.0591
514.8431
240.2820
716.5010
685.3603
398.1572
218.3913
328.0495
21.3611
779.8722
756.6582
227.9537
249.5029
8.5450
869.8231
539.4384
677.4176
40.4787
152.4280
933.0529
32.3186
39.3963
793.8109
871.5411
272.5896
914.2165
868.6378
47.3317
821.6791
996.4476
717.9600
244.0483
730.6462
818.7379
723.9742
334.5712
888.8337
982.9691
508.9223
105.6742
342.1125
578.0740
725.5256
593.3527
743.8518
205.2192
722.1838
696.2576
607.0218
261.2396
46.2441
505.6629
56.9621
376.0421
214.7717
981.7806
52.8567
330.3675
76.4703
584.7631
254.5817
54.4599
675.4099
509.3064
600.4688
530.2836
555.4987
552.7008
62.5498
34.0105
939.5064
31.0007
180.8244
401.9588
10.3660
584.9749
418.2425
398.8075
292.8316
616.4814
94.7483
861.3537
51.9208
244.2578
290.6729
388.4990
221.0975
574.5347
6.3430
344.6057
760.2693
895.7132
824.0828
439.1892
391.9995
944.4965
677.4252
845.8078
250.5765
226.9163
764.5419
91.5214
636.7995
526.4324
544.9389
690.4721
211.2551
274.6539
695.0527
703.1641
929.7358
164.8404
584.5518
742.3676
578.0277
97.4329
886.9729
426.7783
767.3767
390.5816
129.6009
742.1608
886.1152
352.5774
69.4082
549.2657
940.4034
981.4296
262.6610
150.5451
627.5570
548.4235
707.1046
626.4075
12.6221
448.0647
527.3845
239.9834
379.4640
81.6412
944.1907
674.2481
409.6698
993.9369
436.1053
892.8861
296.2209
494.2625
526.5999
146.4380
489.8728
73.6808
496.1845
981.2567
902.0581
820.6038
740.1102
583.6608
256.2856
349.2210
899.0805
747.0564
947.1970
777.1299
283.5862
863.3136
408.6577
890.2799
610.6409
535.1143
897.9685
149.1752
646.5890
293.2806
519.5891
143.6485
602.8263
433.0119
630.7906
674.7082
799.8656
721.8239
11.1837
937.7164
244.2448
33.0063
535.9856
957.3201
851.2572
852.0241
546.4673
665.9267
859.2476
314.1874
126.0979
416.1826
384.9781
948.6489
516.6810
49.7034
614.7245
866.6921
921.3440
325.8170
973.1684
737.4008
492.2127
150.7344
347.1382
225.4189
463.3142
976.8958
90.0491
970.9906
79.6918
408.5594
781.1066
515.9428
224.2171
753.7041
374.6093
508.5068
556.1170
217.7839
88.3802
540.7667
259.6347
444.3811
480.6992
352.1660
568.0143
397.8754
706.1753
934.8630
654.8150
436.4073
17.9493
223.6597
133.6442
424.7352
138.7328
326.1749
221.0991
60.5899
27.9879
892.6230
721.6181
732.4352
707.4951
654.0403
240.0926
1.0075
695.8171
257.8998
312.0243
986.9915
304.0913
755.0104
785.0074
482.6308
596.0419
726.5604
536.3099
161.5200
852.9345
536.3071
860.7083
931.3421
709.1634
469.5454
773.3237
25.0698
272.1881
757.3096
190.5510
7.8451
284.6652
558.4884
709.3156
104.7066
213.8166
300.2119
613.6230
882.6704
602.8523
561.5573
540.2444
911.4502
98.3388
554.8396
144.0319
592.2386
440.4804
821.6463
568.1746
58.6875
173.9087
520.5479
86.2187
626.2000
540.5617
469.5468
592.1657
859.4874
725.7952
588.6229
373.9741
358.7831
204.7371
927.7827
273.9787
52.0927
743.1332
596.9413
808.5966
40.5396
377.4124
808.0007
833.9340
826.7584
618.3769
429.3148
411.8259
357.9133
775.1677
185.7381
860.1702
178.0141
300.1356
76.7782
477.2249
533.8642
85.9537
617.4964
348.7289
299.0831
548.5699
386.4840
867.0415
900.5475
424.9963
358.8788
773.4875
681.8386
905.5478
48.4956
481.2981
447.5984
653.7496
955.5673
849.2140
765.5851
145.1992
492.0784
557.6814
837.1915
49.6080
199.6762
249.8820
694.6031
86.0540
734.2480
558.5719
552.8804
968.9199
360.9521
821.2396
682.4028
236.6061
68.1113
701.9987
63.1527
441.3419
532.6121
580.1928
893.6543
959.7607
398.4085
817.1645
469.1797
68.2709
376.4132
326.5091
218.1879
673.0491
768.9020
194.1635
692.0508
275.2252
828.9207
120.9347
485.3122
876.0713
528.7017
402.0480
638.7850
647.2852
231.7462
203.9608
700.5511
890.9307
984.0632
872.5128
148.2671
146.9237
567.7593
415.6404
632.0486
596.6019
78.0790
697.3118
945.5609
2.2720
481.4174
943.5110
539.4524
843.7961
132.4645
95.8100
614.5742
344.8587
97.3445
123.1239
613.5345
417.2349
29.4313
246.4863
898.9510
456.2948
36.8474
785.6848
66.4305
620.9064
122.0534
764.1110
815.0260
262.3275
906.2106
280.8628
638.3668
29.8480
312.7955
815.7446
559.5854
977.6903
239.1279
338.9091
988.1146
167.3439
84.5301
360.1798
849.5376
371.8807
664.5663
188.7412
435.4529
680.6387
857.6876
836.2251
48.7254
682.5786
278.2992
637.5887
914.3806
620.4224
340.5348
117.7680
794.9310
382.6451
996.9322
15.9462
17.2061
637.3565
793.9982
32.8082
280.3281
108.4522
496.0530
775.9338
213.7855
615.0229
131.6754
837.5623
853.0120
626.3442
512.5458
176.4069
426.7495
61.7970
294.7768
829.9231
671.7563
790.3995
706.2299
750.3795
331.0034
437.3254
21.5999
649.0672
654.2399
784.2280
457.7788
495.1687
794.9447
824.0811
625.3788
873.0261
823.1084
303.1537
341.2719
580.5643
190.6235
806.3943
246.9208
981.4765
170.5455
960.8690
74.5000
134.5791
173.5628
11.6411
356.4255
959.9299
663.2911
416.5422
246.5323
838.3404
90.9293
485.6257
604.4910
873.2721
109.8534
585.3959
763.6435
935.0011
49.9645
567.2540
599.1882
758.6091
927.2958
451.2880
170.9224
286.9480
377.7884
486.3713
651.7623
484.7357
792.0875
40.9891
843.2249
798.9736
495.4046
618.3340
514.7997
638.7062
378.3264
403.1947
828.0835
166.3080
128.9679
415.6381
74.0011
197.6978
47.6222
681.9130
456.9380
483.0986
878.8660
950.1734
298.9252
824.6007
412.8747
291.6018
501.5704
293.4489
908.0158
597.2329
562.6645
3.6588
253.1170
66.6077
644.1568
563.8435
707.0586
509.7306
208.0386
696.0392
157.3193
751.6645
884.9414
742.0432
284.6323
620.0347
220.0804
516.8285
942.7951
217.2202
244.8774
481.7654
411.6015
176.4513
155.4850
874.2638
176.8721
59.9759
176.4296
638.7430
433.5551
472.2547
134.6449
501.1024
922.3653
165.9525
882.7010
80.2790
202.5080
477.6246
8.4630
645.2593
714.9800
533.5141
449.3847
160.7525
613.5748
401.9478
665.2946
364.2507
924.6470
940.4555
10.6938
120.1190
932.7814
257.6468
249.6095
217.7519
522.2203
248.0756
126.0964
870.2539
723.8923
202.7676
765.8859
851.5881
548.9010
649.9123
789.6152
379.6173
204.4901
524.6262
298.5704
11.8725
156.4793
368.2483
78.5213
747.2086
827.0519
424.5031
957.6631
709.0376
769.8828
288.3120
143.4950
539.3425
690.0205
385.1875
299.3943
711.0320
918.6819
914.9728
850.8945
540.2988
758.2290
133.9278
853.8311
236.7081
86.5572
258.6524
599.1941
338.2391
63.6841
106.1366
268.9545
686.9451
462.9658
591.4039
262.9324
622.9939
632.9803
875.9577
230.5029
711.0967
91.9661
956.6354
327.6908
337.3841
516.6407
710.7978
452.1456
708.6488
817.8287
881.5913
254.7729
55.6026
750.3267
266.1704
971.9642
246.3586
122.4730
380.0174
853.2456
919.3511
379.2961
469.4330
303.3613
939.7393
638.8208
212.1930
969.5211
794.5947
857.9170
93.4059
280.5613
913.3316
769.0914
722.9972
362.9598
163.1422
29.1572
882.5093
631.4659
39.2227
543.2246
681.0750
13.6303
155.4089
660.4250
680.0009
637.5769
766.1134
208.1490
481.5316
229.6568
864.0207
316.1170
748.8673
1.5528
574.1663
545.1187
291.9592
476.4385
844.6101
599.1912
951.9474
936.9737
338.4160
596.3701
208.8512
618.7449
735.8884
153.1539
332.6298
201.5757
735.9207
9.8134
944.5542
803.9850
913.5474
834.7978
139.8318
66.6113
912.5430
420.1397
115.1188
54.3899
363.4753
183.2604
540.3197
275.0188
501.5966
665.4783
594.2283
744.0939
331.0142
970.1492
145.0765
393.3881
14.3652
91.6789
684.5978
930.0242
99.6613
902.4794
145.9306
628.5347
882.0589
804.4461
931.6745
350.3308
220.8628
16.3699
679.7428
771.9513
504.8411
910.7992
354.1058
321.8636
150.7157
256.7981
817.9196
809.7890
21.8279
872.2653
340.0281
376.6565
152.9736
794.2122
827.7918
389.0466
918.4592
68.6078
668.6087
315.9936
608.0823
361.3375
747.3912
434.7710
943.9351
294.8381
173.5782
196.4150
699.4129
920.3063
781.5784
611.3367
329.8456
902.1851
672.3229
833.1338
950.7963
90.0643
230.1023
223.7853
95.7817
357.4579
590.3734
90.4264
855.0205
705.8015
2.9757
584.2580
340.2477
590.6929
946.4609
942.4087
502.4401
914.1667
255.9178
538.9443
618.1619
983.5108
347.5000
746.5225
777.4794
482.7623
952.7846
726.5209
292.2598
20.2373
168.3176
736.1235
693.0149
539.1909
155.8701
168.1353
955.5134
778.1560
778.2746
58.9513
234.2923
98.8259
406.1762
352.7097
121.0081
783.3410
130.3120
149.0739
389.1636
238.4564
288.2319
47.8207
531.0664
879.5579
283.6625
806.1156
761.1852
161.0651
753.0274
491.3111
367.8344
273.0971
87.5752
281.3040
413.4562
772.5298
698.1030
909.3818
255.3519
278.1979
525.2932
17.2214
342.6668
59.3984
945.0351
729.1494
960.9499
929.9512
669.5444
58.8403
851.8429
904.0733
889.7717
360.4826
125.4007
406.0619
447.3243
980.4356
133.7223
438.3642
992.4220
418.7215
336.2780
541.2207
203.9379
283.0668
548.8196
104.6055
952.0243
559.4793
657.8639
130.4909
506.6548
542.0822
361.8146
248.6140
45.1517
710.0570
922.4656
292.3392
860.1953
959.5766
704.9214
341.4347
418.9531
285.4866
220.4098
826.7880
282.1276
782.8079
826.8394
566.0242
561.3562
279.9518
84.7734
663.7300
283.2037
826.8517
172.8782
600.9400
474.2973
37.3159
561.1845
952.9130
760.1160
771.8740
713.6948
67.3164
658.7488
744.9837
122.5725
34.6970
26.6692
124.1220
700.8605
67.3813
402.4399
314.8648
590.1694
879.3734
590.2673
522.7461
931.7541
428.3127
657.0220
400.6670
855.9671
160.3231
854.4400
377.6775
390.2123
48.3557
180.0265
170.4609
767.6562
714.5259
155.2099
693.0220
162.2424
681.2396
104.8001
824.8375
271.7362
779.9043
795.0780
795.4024
532.0613
221.0524
490.0529
693.9921
55.3597
194.9146
735.5203
405.5608
308.5949
633.9751
394.5956
152.1881
779.9883
814.0971
96.2198
393.7407
361.6789
800.8908
540.8461
647.1202
566.0039
532.5406
889.8551
88.4801
225.1816
823.9354
512.0768
528.4788
13.8313
786.9890
974.3203
188.9200
966.6538
843.2863
312.3597
891.8414
936.2833
601.7569
825.4767
915.4183
712.0719
793.2103
751.5918
112.7308
400.0396
167.3939
686.9936
553.9259
406.6071
435.9342
190.0100
586.5489
179.6164
902.5564
913.4420
308.6061
437.2653
418.0994
985.7321
777.6710
65.0729
636.4177
961.5325
458.1107
910.0689
186.1254
864.0703
624.6237
392.5580
339.8409
885.7975
123.6100
291.4364
707.0363
464.0846
196.4654
599.5066
154.6487
269.2958
341.9113
709.4892
786.2749
387.4194
980.8293
730.1044
125.5680
599.4813
52.8958
500.5660
311.1668
64.3643
328.8507
390.0776
107.6884
991.8304
956.3843
877.1302
983.0572
577.2644
245.1112
605.7183
918.6992
166.5107
272.9019
385.2955
561.5312
989.1082
995.4738
81.4414
675.1361
779.4894
852.9060
481.7531
131.9494
306.9104
292.7282
754.9485
435.5934
557.7526
620.2382
332.7501
404.1486
772.7428
445.4504
175.0262
592.1730
269.3780
108.0827
523.4333
983.5964
536.0180
491.9354
53.9964
224.6225
389.8311
564.3837
903.1200
375.9070
778.4108
47.4116
593.6218
295.1216
883.9072
493.9896
416.1507
633.5688
265.2246
910.0150
16.2539
25.5028
253.2810
217.2577
965.2447
764.3586
15.3409
654.0665
703.9653
765.9132
130.4526
746.2439
252.3005
389.2505
623.4542
118.4673
907.4106
529.9378
428.6598
381.8781
851.1037
999.7427
112.5459
22.8288
323.4017
74.5745
182.7929
956.6809
691.9019
887.9133
439.6166
993.1849
829.5699
711.7078
857.0649
958.9249
480.3774
501.9249
41.7222
281.9430
158.4113
140.5369
335.2528
695.6118
794.3265
227.2175
139.2704
562.7849
442.5001
920.3515
245.4659
301.1212
723.1558
617.2326
983.6796
337.8432
906.5227
951.9727
637.9202
524.6394
685.3705
63.8697
498.2800
499.7983
853.3459
376.5192
541.4001
609.9044
813.3910
869.0458
172.4484
195.5899
873.8393
145.3872
890.5100
156.4298
365.3574
440.4711
334.1178
663.7309
801.3678
3.5714
444.3050
433.9960
730.2644
72.7567
449.4356
247.5921
395.8389
968.8331
177.4387
285.5559
94.8820
730.4862
620.2171
642.4591
532.3899
363.4441
665.6735
262.9074
614.9751
376.3253
151.8852
360.4879
977.0367
686.8061
801.6349
912.7387
2.2657
876.3921
797.9682
543.6685
476.6079
349.3947
549.6184
53.2480
576.9285
629.9614
786.6299
210.4412
636.6895
407.0400
245.6356
402.3510
105.6001
505.3662
508.2030
827.4399
387.0248
110.9092
460.2034
236.6143
130.5709
12.1840
343.6650
950.0771
400.7557
109.2961
366.9199
20.0729
133.3582
369.5479
823.3302
67.8040
853.9111
485.2043
527.6059
662.8101
523.5792
779.1481
408.1219
18.9037
751.9959
445.7193
752.5330
228.8134
850.7549
380.5075
926.3156
880.7269
190.3479
639.4378
408.1259
840.6941
403.0378
52.6861
740.0833
751.3789
326.5302
721.1637
998.8690
490.9933
92.0909
655.4981
22.7614
916.7289
981.2065
753.8889
916.7153
70.9229
546.9678
947.7196
531.4202
997.0940
417.5055
810.3022
129.9028
365.6904
553.0605
444.1320
191.2884
628.5596
632.0638
431.7407
606.7662
938.9149
34.1061
167.8904
630.4498
781.5465
379.5441
857.3080
743.6871
429.7344
755.7979
482.3583
346.8662
484.0840
760.5601
452.8690
866.6784
366.1367
728.2231
982.6231
387.4004
642.4067
593.5776
438.4124
420.5054
618.1115
306.9653
331.7655
479.5696
190.4767
28.1817
77.9158
492.1022
386.1639
413.4426
730.4415
801.3652
912.5381
259.6112
649.6512
131.7727
757.1359
117.9598
678.7055
415.1201
434.7801
212.1598
676.5931
931.1758
215.6168
502.2572
687.7935
190.2596
641.9711
88.1785
395.1934
501.6818
800.0572
400.0775
94.6907
173.8567
429.8924
203.7039
974.7201
750.8892
754.6333
780.5980
20.2195
150.7152
32.1354
646.1104
596.2694
460.8847
816.0036
62.0575
317.3446
168.5442
473.6012
126.8700
900.5094
452.1594
566.3188
541.3961
141.7479
650.7393
217.3310
738.4709
649.3494
161.6681
97.9112
241.8199
948.7020
492.3612
182.6279
838.1556
466.9637
237.7974
979.7219
647.4456
928.9866
295.5615
239.9353
796.6066
272.1488
991.2694
282.7651
563.2468
691.4615
146.6824
93.6864
384.4523
988.7416
192.1722
176.8222
753.8369
189.3952
338.0197
450.8957
325.8640
155.0827
175.6036
315.1932
616.6285
414.7390
728.3455
551.4514
225.8356
1.7439
569.4267
43.5708
269.5656
365.1354
64.4530
692.2257
16.4457
392.0380
546.1449
325.1293
349.0250
392.0840
109.1990
27.0166
868.8806
330.0705
243.7885
914.8885
496.0225
565.7091
874.5276
976.1444
718.3102
740.1209
509.4713
908.5009
858.4697
503.3483
181.9928
138.0801
788.3471
309.2025
254.7036
429.8371
862.7473
378.9552
254.8171
1.6304
273.7520
127.3377
954.4013
285.9764
630.1093
830.1607
826.6150
422.6262
327.8698
67.8789
837.6504
705.1730
321.8639
675.6068
161.0933
36.3329
823.7497
421.1191
642.5232
187.0111
132.0304
943.8303
159.5953
484.7932
917.1791
691.0076
122.5396
727.3696
854.8441
792.1693
456.1210
138.2319
838.0651
901.6917
776.1236
927.4759
369.9539
793.5882
622.5029
627.6598
108.6347
597.3945
333.3341
507.0560
19.5794
961.3921
77.6063
698.8522
698.0078
332.4643
316.0943
870.4550
602.5724
118.7996
782.6181
998.0994
115.8631
462.6755
325.8735
928.9555
136.1876
597.1540
359.8740
161.9953
514.6065
862.6085
714.5969
55.8340
192.0645
261.3116
549.3251
643.9600
69.6262
565.2494
19.5215
679.1333
529.3522
739.2891
290.5455
221.3071
413.8135
730.3465
529.5683
771.1161
622.6927
650.1008
692.4309
322.3736
580.5221
960.8584
385.7980
927.0686
639.8323
631.6024
48.6447
522.5419
934.5902
443.1855
701.9898
223.5157
444.4883
898.0774
807.9094
321.7778
782.2455
254.1115
726.5008
444.4274
613.8885
314.8137
855.0985
385.0281
397.3684
802.3555
815.2843
379.8726
979.6208
343.9233
699.0904
215.4880
746.5969
690.9469
654.8190
162.9279
443.4264
137.8589
117.3689
98.7468
7.9448
739.3120
806.2160
28.4687
746.3156
578.4188
128.8926
279.1625
589.6485
559.8709
881.3610
84.1549
844.0402
829.2751
690.3896
240.0867
747.8435
695.4464
154.0723
521.1605
210.8765
655.7173
282.7926
23.0291
343.5308
944.8134
360.6913
813.5271
133.3249
733.9309
822.1612
620.8780
331.8507
229.8366
155.5319
64.1112
911.2685
109.7900
87.8071
791.3346
444.1887
25.8010
370.1461
807.8295
478.5716
676.1077
933.2208
200.5611
4.6348
779.2913
623.1679
947.7143
115.5364
402.5863
777.6356
920.4206
269.8124
489.7477
404.5741
202.7885
534.0341
195.1876
867.1144
77.8184
395.3744
165.5814
259.6303
857.3950
732.0628
277.2968
104.7952
286.3225
944.3965
453.7622
451.8201
880.7408
949.5333
69.2164
404.4708
751.2609
988.9533
581.2974
43.3097
864.7849
294.0113
928.6202
50.4917
134.0498
844.0369
867.9044
584.4038
501.7584
442.6971
503.0091
48.6428
931.9129
90.1428
918.6858
405.9348
893.7252
48.7271
227.2028
832.7267
495.3879
779.1620
820.1898
580.1349
801.1922
168.5922
685.1998
823.7176
601.7450
589.0411
362.7487
17.9574
14.7265
759.0237
997.2102
189.3488
67.9783
526.0076
111.9433
877.1454
367.6298
743.8350
820.3715
212.9252
264.2294
157.9359
163.3055
782.9250
557.6494
639.2086
329.8926
772.5737
248.3422
866.3462
43.3834
923.0744
655.4110
248.6603
523.9182
348.8067
654.6682
345.2653
311.4066
91.6271
971.7271
502.4978
788.8801
959.0504
103.8527
146.2854
461.4181
233.7717
468.1449
313.1854
90.3949
149.5201
264.5371
451.2846
991.2025
234.5933
189.5033
136.1660
14.4395
611.2994
90.0279
746.6344
647.7418
108.8472
463.3955
956.0200
697.7064
416.3361
770.4279
762.8407
148.8028
762.7452
936.7320
977.0775
525.4421
442.5358
889.2322
117.8309
93.2111
209.9692
884.8516
821.7305
127.7189
824.2945
558.3265
767.5889
505.7855
232.4037
170.2447
568.1819
35.6045
446.5772
329.6640
843.8963
607.3178
569.3867
497.2729
895.6604
341.1972
494.8185
115.2363
264.8006
746.9808
635.9443
474.2032
526.0218
278.1698
804.6556
599.2226
713.2253
664.8773
771.8202
418.3041
304.5011
429.6953
748.5555
646.9491
156.7718
899.4938
818.7577
948.8501
283.1977
300.3613
618.3175
86.2477
939.2796
419.3761
634.6386
634.2378
369.8421
139.1331
944.0877
332.0268
916.0912
881.1780
414.0668
318.9244
685.1930
652.3414
325.7039
463.5264
179.7954
222.2198
376.5147
107.5445
888.7292
707.6497
685.6888
701.1552
223.9417
682.9153
274.3521
341.7296
653.4044
126.3238
70.9819
698.3865
690.1658
324.3203
473.7046
136.7205
117.9038
54.3437
737.6582
208.0401
678.0057
395.5028
320.6315
862.0396
883.5793
333.8764
90.6553
37.9315
466.2506
683.7643
922.2110
416.7433
71.6951
375.0234
258.3707
703.6799
20.1057
11.9531
779.7118
439.7583
416.2899
714.3748
852.6030
298.2365
695.8201
699.5401
629.6650
444.6610
974.9921
334.3416
854.0791
347.2132
672.7312
849.2686
632.0044
17.4813
258.2430
219.6154
385.2748
85.9546
693.0764
874.4671
882.2580
966.8089
356.9019
343.1486
531.6560
382.8193
79.2604
139.9621
854.4037
903.8081
681.4470
259.1832
571.2776
905.5656
151.5023
306.4299
688.2851
803.3937
323.3403
927.9083
64.4620
107.1874
468.1221
854.9186
783.1593
458.5216
256.1254
630.7978
465.7736
729.7818
620.3762
331.9333
186.9246
234.4421
370.9299
553.2564
931.1979
977.7490
52.4752
186.2504
954.7844
609.8724
486.9361
220.1571
313.1137
524.4991
621.6692
728.7586
12.0958
535.4691
230.2191
534.8025
751.2399
185.0743
386.4485
905.4359
972.2785
102.7826
527.7035
652.0586
358.8222
767.0586
209.7811
49.4626
595.3997
174.9277
992.0136
576.5303
101.3393
404.9616
273.3270
531.6401
716.6783
556.3930
441.0512
322.8375
226.1240
784.1312
280.3166
815.1096
594.5030
553.3584
375.3515
276.8079
338.5219
870.9748
629.2101
893.9250
735.3847
784.0541
146.4187
817.7295
749.8490
372.5552
660.3506
34.3730
111.5855
140.4090
644.0912
943.7953
570.2426
869.9671
537.0056
768.3744
283.3660
394.3970
767.6009
901.8160
769.4090
468.8746
549.3453
596.9817
333.3779
834.0715
404.2183
230.3126
903.0755
922.7966
522.9291
200.9097
942.3661
268.6705
328.4360
96.8992
757.2816
125.4535
301.6273
797.1068
626.0516
866.8747
935.7441
587.3148
304.7233
649.1292
345.6350
331.5462
127.3345
968.8379
98.6341
300.2741
398.0460
313.7698
637.9706
598.1739
515.4723
922.4500
864.1454
264.4141
969.6517
195.5914
612.6394
687.4767
239.9114
428.2677
557.5843
607.6469
182.5519
303.9187
938.2808
253.8973
6.6566
884.0286
773.2023
380.9643
743.0172
615.2735
96.3495
406.8084
730.7590
690.4329
647.9622
45.7762
324.2657
195.8112
199.0530
639.8498
441.8016
446.3328
77.5863
191.8083
936.3456
272.8579
23.5248
341.2694
799.1836
203.5724
139.9077
668.6950
274.4370
142.8443
358.0529
299.9838
30.1730
902.1971
792.2478
576.4511
33.3470
226.2324
870.2048
586.8896
310.1164
849.6574
360.8736
798.7090
820.4761
362.5062
38.1102
317.7218
328.9923
292.2624
725.7804
663.5157
179.1813
387.8242
444.0446
247.1289
374.0042
953.3253
517.0836
655.9489
916.9389
753.3007
950.7772
859.2640
539.4584
630.4431
787.1995
816.4012
538.1273
242.9180
417.6607
850.0203
668.3406
933.3661
115.7748
947.9870
700.2512
626.5848
279.7951
78.4767
551.5708
25.8718
910.5126
633.7168
578.1800
291.2884
262.4772
492.3172
231.2272
219.1214
113.1481
152.9225
858.9623
768.9796
562.1147
443.3363
842.2318
23.5388
258.8250
182.3934
48.2803
82.8155
978.2912
962.6860
444.6839
760.2241
183.5600
698.5569
967.1490
300.9378
535.3349
689.8107
512.0366
918.7198
992.1356
858.1046
434.4929
700.4023
222.5271
491.5823
368.0166
552.8645
718.6202
476.0758
102.2408
621.7057
165.0308
43.1823
963.4296
585.3111
456.3095
230.6760
714.9300
15.1064
178.3385
941.0687
404.1757
680.9834
680.6156
432.5631
899.9682
675.4756
73.0033
264.7451
831.8887
814.2391
727.6915
743.5753
514.4978
87.3902
185.3565
799.5985
254.4545
985.6429
766.9298
857.2304
291.3393
525.8692
98.7455
364.3189
299.1527
774.3567
843.8777
770.7935
689.1318
674.8166
351.8538
594.2338
520.6578
318.6728
2.1572
613.8471
289.5642
937.6689
807.3870
562.0183
989.3432
82.1633
958.7811
587.3332
629.4644
734.8692
97.7118
983.4803
298.8077
189.1286
276.4831
529.1306
626.1994
790.4219
463.2814
828.0997
893.0575
299.4925
910.5179
861.8440
463.1225
981.9569
152.7829
994.6903
562.8709
620.8766
561.1526
848.1832
913.3485
684.1316
28.2565
291.6112
815.1313
113.9754
35.5789
434.6941
46.1307
324.6506
37.0535
624.7979
660.7889
318.1589
812.3408
883.1612
840.2306
900.2061
137.9150
450.5910
814.0400
110.6556
58.7642
249.4603
853.2880
859.6234
611.1919
453.2803
231.0532
734.5152
586.0093
786.5121
787.7538
277.9934
53.2048
621.4928
29.0210
716.9946
15.2606
554.7211
88.2323
781.3412
945.4170
77.8988
331.7264
823.4304
165.8249
121.4157
460.6310
241.2323
445.2190
849.0956
849.2923
775.4573
196.8099
12.4609
674.9475
467.8955
927.3852
24.7728
393.3267
646.8754
811.9313
534.9834
402.2007
495.1436
325.6852
483.9802
940.2923
936.4053
4.2243
234.2160
802.1505
599.9398
171.9341
784.1125
377.0711
148.4374
582.8447
908.6843
199.4695
36.8169
792.8549
763.1373
837.8992
993.8412
861.2910
569.4687
672.5793
631.2624
497.6314
692.1895
363.1638
326.0289
528.0400
956.9363
445.0016
372.3949
779.1752
940.9013
244.6584
870.0965
410.8364
533.3177
964.1118
274.2344
397.1585
664.1330
124.1326
105.4196
717.2099
270.2247
48.7727
270.5048
114.3332
733.9086
687.5360
462.1042
383.3281
48.6603
713.0377
644.2568
747.6403
192.0324
189.5184
295.9985
168.5218
129.5245
589.5725
965.4980
290.2606
718.0060
729.4738
929.2535
234.2510
893.0658
743.1173
795.8166
407.3416
919.0176
611.3641
760.9735
80.5868
328.8637
876.7619
431.8422
479.7110
22.4518
812.4475
636.6919
273.2219
382.6892
807.2798
879.1799
963.3825
279.0989
976.4235
633.1239
190.0184
441.1841
107.6993
618.3872
266.5516
24.0432
498.4348
584.4003
204.9779
262.8024
696.8911
311.4281
915.5677
731.6733
166.4051
752.0388
198.9533
626.1526
226.8333
426.2352
14.5576
441.7765
817.0013
621.6543
754.5303
295.9434
944.8014
69.4018
873.8370
480.6533
338.3545
916.7340
238.9138
683.3744
403.4866
456.0368
202.1735
912.9076
900.1059
969.8953
1.1660
501.1424
758.5522
959.0297
64.0360
858.2259
291.7326
583.0792
687.2853
593.3456
556.1570
359.5688
295.1219
720.7815
278.6094
4.3447
478.1373
690.5632
269.6280
843.9502
66.9520
197.8995
403.6566
294.3205
18.0629
763.9856
355.4085
714.5764
305.6248
207.8642
91.0405
433.7636
37.0543
252.4746
136.2529
392.5934
367.4205
739.3426
436.3337
625.7915
743.8018
307.7821
862.8038
762.0245
971.9519
846.1455
344.5250
6.1481
652.7568
21.5588
738.1044
448.2862
881.8847
859.6163
783.5226
850.5304
528.7085
673.3278
314.4199
752.3153
752.1601
74.8887
59.2231
513.9101
205.6115
86.5175
120.6974
268.6997
517.1255
900.6820
926.5375
627.8078
720.2328
164.3489
740.7848
128.8624
727.4510
983.4726
476.5658
422.3826
810.1733
636.1822
202.7446
727.6367
989.9845
365.8241
279.7182
267.0020
964.3787
18.1029
506.0199
113.1924
426.1130
218.9993
820.3242
872.4703
980.4966
42.9598
714.6210
983.1275
922.4050
775.3194
193.4236
256.9410
370.2697
382.8642
879.8543
260.2328
349.3440
64.8623
323.1834
127.7938
590.7981
800.1721
928.5759
652.7947
730.5804
756.9907
176.8987
71.7261
908.5390
971.5774
761.6001
823.9774
734.9967
283.1759
487.3205
297.8135
982.0289
746.2059
870.1252
290.6332
968.2563
234.1526
824.5683
89.2348
473.7496
197.7950
236.2439
172.8755
897.0351
328.6984
435.1186
931.8897
214.2891
349.9062
370.0063
222.7086
397.8037
270.3036
172.3116
37.5573
901.0853
277.3223
704.5255
150.4530
597.1007
855.9358
980.5108
197.2862
540.7460
708.5995
467.2046
409.4787
433.6362
593.4833
199.5140
55.6648
930.4311
357.4220
865.2631
44.7536
943.2637
990.8586
574.6105
604.9357
827.3647
720.7863
925.6391
790.2241
919.4023
99.9014
724.2128
74.7498
252.4073
148.5990
638.2312
387.8409
17.4557
782.3510
529.1134
309.9760
198.2714
966.8393
359.2892
82.9865
625.5679
162.7949
457.8962
122.6889
364.4592
108.9556
960.5343
143.5174
877.0623
549.1560
459.3991
101.8056
559.1669
350.2680
830.3204
124.2970
641.2816
216.3394
170.9251
954.7377
177.9578
454.5913
224.7559
502.1449
612.1686
117.9233
282.9665
635.9251
662.6540
866.9252
362.4896
558.3538
446.1366
957.6178
454.9602
558.6914
737.1459
798.3751
48.5188
272.3737
471.2919
416.3136
313.2305
677.3114
35.4622
375.5217
768.9988
769.4951
773.9677
217.3135
857.2012
417.2018
867.8980
713.1745
155.0386
733.4272
992.8914
988.5444
873.7700
329.2291
639.1169
268.5872
784.4867
731.3181
115.0131
48.6545
866.0186
953.3918
856.6132
205.5847
622.7760
837.7682
871.6462
319.6136
882.1143
176.9948
732.5388
8.7722
952.6420
788.9081
874.2177
117.4734
859.9065
188.9748
827.3471
963.2456
284.5835
887.7672
408.0808
876.8435
902.5806
605.8724
257.8324
859.5842
558.7485
919.9359
396.0571
144.1498
794.1611
471.1402
566.6130
551.9856
35.1194
525.7531
983.1757
400.6852
846.2551
273.8627
267.2417
797.9338
151.2412
766.9399
865.0901
71.1702
519.2100
54.3489
114.5909
488.8937
405.0721
220.9902
432.3383
569.4043
580.5815
216.0334
91.2837
940.1759
589.0108
67.4893
981.0853
4.4120
265.6107
325.3923
636.3976
523.8425
729.7674
170.5480
298.8797
101.2867
884.2916
501.5467
153.6658
812.5638
3.4672
187.4445
440.3604
519.5378
740.3317
948.3720
716.6386
500.8408
945.1453
808.6015
674.1093
878.0630
599.8083
705.0782
741.7942
251.9606
337.6141
172.1829
365.6884
321.4258
361.6913
928.5361
290.5453
410.1378
421.1719
69.7044
92.4713
416.8521
941.7511
685.7820
18.0157
457.4533
177.0587
324.9019
750.1412
554.0639
307.4449
145.7614
602.1070
664.3138
126.6329
374.8206
456.3185
931.7301
61.3033
401.4389
898.6800
695.8260
252.8290
314.4183
87.9000
12.1004
736.2485
94.2395
78.2266
47.0343
41.4853
768.1780
76.4207
445.4379
535.5262
181.4795
532.2984
296.3669
206.8855
532.7115
492.0585
245.5480
60.4249
83.6825
161.0636
137.2265
547.7822
232.6810
364.0753
121.6460
616.6659
960.0600
535.2991
644.1836
936.2086
869.6317
994.1875
970.6431
697.0789
418.9138
13.4703
205.6942
274.5903
83.8625
175.8926
477.8314
662.1360
443.5380
116.3419
564.7629
249.1021
710.2513
272.4126
404.0757
653.9916
276.8678
923.0696
479.7309
780.5758
795.2811
12.1639
605.0655
443.0251
640.6864
591.0864
850.9569
639.8465
990.3099
172.3209
590.0763
233.6273
651.6691
16.7763
815.7713
792.5424
259.3554
254.6569
398.7473
146.0601
842.7539
223.8931
242.9752
330.9829
371.1351
112.6966
913.0905
756.1527
587.8344
564.1690
366.3766
672.6353
507.9443
526.6351
812.1553
533.2180
214.3836
208.2320
491.9709
286.1770
22.9961
105.4396
74.6415
36.1465
284.0930
796.8041
12.5452
168.8611
133.2016
502.3196
454.7925
965.8726
715.6990
502.4931
843.8426
739.2934
604.4808
787.1430
44.0993
259.6014
593.9317
20.8374
178.6599
716.4216
397.6985
317.2688
856.6999
275.2574
904.5064
21.3636
399.3904
420.4304
134.1999
381.3717
338.2571
893.4040
620.9519
31.9692
147.0450
991.5896
595.9753
283.5219
456.3673
153.5652
271.8150
844.3151
612.1502
975.1226
499.5383
660.6026
926.3323
225.2460
384.6499
577.0996
622.9777
143.4845
349.9670
767.6131
489.2465
882.1294
336.5137
484.2978
276.2182
495.2841
261.7278
468.1656
238.4395
76.2423
680.1185
968.8818
46.5435
639.1597
521.4883
686.3253
19.9481
127.1347
219.1287
899.4251
818.7833
301.6058
206.6134
674.8889
695.0168
717.9488
66.8102
969.2023
264.1762
15.1272
977.0002
967.6761
37.6321
773.5030
442.6101
994.1983
541.5059
766.4983
358.1708
830.8001
505.7609
447.6653
441.6744
834.3857
115.5255
57.5682
798.4794
772.5653
538.3073
838.6277
109.8815
539.4205
408.0689
332.4459
923.2481
508.5179
996.2457
736.0954
219.4674
641.5802
759.7386
936.9134
75.9774
726.6144
168.8311
176.1226
62.7770
427.8912
420.9777
822.2935
764.3483
420.9178
400.1871
368.4792
502.7350
441.9706
257.7419
595.6159
199.5319
234.3741
560.6077
591.6565
406.3395
450.7984
932.6052
903.2166
870.2855
484.3464
205.4651
979.4370
129.2714
139.2738
734.7865
738.0823
739.2314
937.9793
20.2352
330.1404
125.8779
402.5280
423.7273
307.9263
183.2974
105.1471
232.3744
58.6086
2.9009
736.1815
741.7197
720.7072
6.2676
853.5270
247.9292
987.2433
267.4305
837.5900
276.9255
238.8570
182.2212
499.9280
319.0584
524.0282
626.9723
349.7960
352.4431
671.3823
768.6826
970.8554
582.0043
806.0516
321.4680
874.5748
611.4333
981.0619
791.4009
134.9463
910.5046
528.1927
407.6029
528.2195
826.0226
220.9328
778.5489
964.3267
983.5563
259.4749
69.5764
200.6646
741.1996
201.4298
926.2045
907.8098
953.8358
695.0433
458.8353
255.4220
944.9418
714.8798
30.7550
151.9851
191.1729
465.1392
555.8619
305.6241
591.3420
609.5768
241.2989
836.6324
287.3087
425.0916
892.4489
44.1772
532.8435
578.8301
371.7817
479.4690
955.6984
990.3453
703.7872
86.9564
957.3044
945.9235
490.4433
261.4887
341.4377
712.5772
940.3774
407.6671
846.5899
237.4525
139.5976
485.2796
961.5385
576.0796
484.8892
140.8514
961.1119
488.8339
458.5434
314.8679
605.3418
236.3435
727.0874
334.6643
581.3306
25.5243
367.0711
730.7133
104.1329
470.6274
837.7969
758.9349
280.2495
717.5737
128.5343
225.1898
989.3954
907.7991
860.5955
513.9144
751.0697
105.7949
93.3379
433.5810
803.9998
156.2422
220.7113
150.3945
716.1954
17.9151
922.5435
25.7126
73.2695
445.0545
605.7318
281.3714
506.6300
387.4675
727.5821
765.1027
889.2785
229.1555
891.1444
591.0301
579.0394
633.1192
865.3390
235.5469
647.8068
455.2743
153.9166
638.2465
378.6605
286.3017
646.8942
925.0037
103.2416
782.0813
519.4137
196.9849
292.5811
858.2461
119.8776
910.8147
985.7476
731.7256
188.1681
977.3559
9.4372
33.4994
946.0661
785.4715
814.1413
831.0104
475.3305
980.3112
425.4142
111.9729
310.5980
176.8201
167.9550
401.5259
271.0763
449.1649
866.9307
888.1920
566.0293
670.0739
520.9710
144.9388
100.1127
280.8282
325.8573
793.1251
811.8658
679.4943
476.6518
773.7456
383.8573
392.7405
420.0912
590.7532
78.2114
844.8214
284.5802
159.1221
533.7964
118.7352
544.1035
771.9411
877.7068
26.7848
839.4073
799.4891
524.8116
876.8677
796.2198
956.5164
372.6250
877.3160
466.5128
333.7655
305.3174
506.1502
149.1242
953.4655
910.0194
659.2404
131.5153
263.6862
242.3073
75.5202
545.8481
265.1747
485.5937
57.9142
129.2937
960.3489
328.2665
474.9314
372.9981
874.9849
821.4388
42.8310
499.6406
74.3694
168.3590
619.2380
558.3974
207.0595
423.0344
878.6097
559.7978
261.0151
902.0632
678.2535
183.2203
939.6240
196.6580
149.3408
55.3618
311.6598
25.9253
271.3617
83.3098
773.2922
612.6259
517.7434
548.3292
951.8225
297.9079
956.9623
990.1011
160.2352
680.4622
440.3865
789.6999
52.4818
575.6228
119.5240
233.7884
222.7787
569.1594
280.1870
799.6386
494.7161
341.5124
956.8995
252.1728
552.4397
405.8536
535.9762
688.9284
104.5910
214.4702
341.9320
694.3245
614.7000
352.8367
315.2366
214.4203
571.8399
949.9208
265.9084
897.9160
453.7917
21.3479
753.7990
834.6215
640.0211
706.7591
444.5393
498.2885
591.4736
82.0394
390.1416
627.5671
97.2093
498.5921
491.4594
369.2482
740.6968
893.9926
316.5948
513.7916
248.1756
395.6540
921.7751
675.6386
947.0800
743.1899
283.1270
743.4297
615.9004
974.1674
891.8765
80.1069
398.9280
556.0639
173.3706
568.7576
760.6204
431.3590
431.0421
396.9957
151.7650
630.0382
131.7222
412.1963
731.5642
834.5022
718.8311
767.7726
187.0798
6.0517
458.8572
259.6355
172.2349
450.9340
906.4591
500.7579
441.4078
22.6554
176.6551
938.7340
369.4803
472.4433
373.7731
554.9061
749.9535
785.9177
99.7544
249.3671
285.6631
188.3301
105.0201
894.7075
795.3023
226.5007
419.5439
609.4127
859.7848
793.5127
711.3048
140.0722
725.7726
229.6370
946.4068
267.8099
155.4612
90.4891
269.8294
180.0374
883.5533
429.0167
805.5197
4.9641
640.3107
5.4479
353.2469
327.2434
467.1216
830.5582
158.0651
134.0287
747.8372
183.8111
561.2018
748.4240
258.0467
439.6883
641.2641
495.2012
74.7041
465.6173
710.7812
33.6439
26.0538
658.4935
59.1982
119.0376
582.1080
697.0415
816.4792
629.7274
660.9484
487.2129
981.1533
466.0130
803.4185
390.5462
7.0333
422.9028
279.7872
669.7739
42.0056
162.0811
193.9200
750.3113
175.2638
776.8344
519.0241
927.8828
719.2477
621.3929
853.6005
630.0476
808.7259
814.2445
51.4632
828.6004
979.0978
128.2452
797.8265
776.1686
506.0381
694.2961
608.6279
461.4136
456.2776
438.9957
378.5351
906.7792
314.1950
914.7390
64.1033
245.9312
533.4600
151.0893
485.1937
515.1980
641.0227
106.1722
735.0302
714.6067
805.7746
345.7540
0.0367
757.3635
965.6360
965.9083
575.8188
768.4675
599.3569
57.8747
718.5771
639.5908
860.6410
379.0457
861.4698
522.4027
461.6873
387.5050
291.5315
102.0381
343.9663
369.1833
273.6256
181.1139
452.6553
24.0506
392.7822
422.0572
239.2059
295.3462
244.6870
279.2997
661.8028
900.0121
607.6432
938.9605
329.7054
345.1477
494.8376
361.2207
377.7987
487.7004
559.7982
460.1964
40.1445
792.9650
25.4149
802.7185
506.0707
106.4774
835.4813
303.0343
743.1374
269.5014
422.2761
115.7209
703.8288
972.5903
236.1659
674.6145
152.9420
87.6042
652.0443
180.8513
938.2954
36.6722
938.8026
938.9474
813.0656
687.1769
182.4767
847.2996
982.7396
451.4999
169.9503
749.5925
372.8128
672.4829
975.7204
194.5948
167.7298
954.9616
222.4270
696.2243
187.5731
619.1519
27.1169
167.1544
18.2878
541.0438
327.4294
787.6998
955.4575
536.7766
349.7965
418.3653
428.4782
984.8920
866.5726
307.3131
157.0274
67.1496
714.8105
551.7960
763.1810
183.0910
908.2100
991.2102
539.0933
713.7418
223.1933
832.6339
609.1920
75.1535
356.8111
605.5701
170.3296
718.2848
218.2974
740.6483
655.8553
663.0675
44.4041
882.9890
23.9919
945.6566
0.0208
21.1939
997.9553
330.2832
240.9490
538.0547
855.9555
433.1965
266.9689
566.0680
713.9470
537.9943
338.8720
490.8335
956.3708
322.6303
355.1828
9.3092
756.3596
922.0124
412.8187
926.9914
518.9731
137.9099
278.5681
484.5058
230.1309
235.5720
907.2291
307.1550
682.6457
889.9957
712.6578
178.7487
32.3810
844.8334
780.4656
756.5572
348.3122
479.4262
223.4289
567.0298
94.6664
967.8301
88.3017
156.1933
160.4966
367.8325
381.2329
79.9985
835.2474
718.3484
845.5529
674.3324
187.4133
319.9625
627.2994
555.4150
254.5046
514.7805
280.0843
880.3112
478.9148
841.6498
259.7296
221.3791
356.8867
781.2715
803.3196
926.1770
53.7440
972.4541
800.8869
581.5757
761.3208
613.0459
977.4308
518.9307
65.4642
968.5494
901.7525
410.7901
755.0242
451.3042
620.1199
229.3780
651.4814
720.0057
456.2905
397.1552
927.8382
956.8537
197.1379
337.9278
852.3438
86.5511
190.4439
260.3437
13.4260
797.1648
55.0013
429.8513
416.4227
384.5749
452.0048
700.4976
241.9683
710.8661
367.5083
766.6369
928.1003
133.3306
683.5406
484.9261
388.4642
645.7780
995.9047
404.3279
341.8520
309.5218
421.0573
82.9415
281.2843
870.7601
442.1652
618.5454
573.4106
356.8295
965.6496
921.5309
709.6356
869.8990
346.9364
753.2481
933.0961
782.6065
299.7625
939.8068
223.7322
910.9595
417.9312
946.7308
249.9310
338.6357
615.0462
576.2536
107.3816
443.7765
587.2322
562.2234
496.9274
429.6555
722.1944
499.7884
407.4007
112.4773
912.5228
97.9578
986.7749
738.8603
252.2774
182.3748
721.4315
828.8668
951.2329
457.9578
753.9037
822.9752
234.1162
8.2407
137.8574
210.7187
139.8308
388.9485
723.5260
147.4156
386.3991
631.6872
545.1626
290.7623
848.7869
591.7820
773.4360
692.0709
198.6719
713.1375
850.9757
887.3486
486.7030
426.4670
548.9050
348.1787
685.5392
720.2445
837.6847
630.7598
974.8244
780.7158
150.4359
693.9343
835.8535
248.2520
279.9898
258.4564
205.5456
622.8189
11.8798
680.4560
987.1819
878.9469
274.7557
946.9370
444.0535
895.2143
333.3259
92.3484
580.4083
424.0705
785.6816
543.2348
771.7767
914.1658
740.9607
122.8364
86.0537
659.0332
457.9072
730.1246
548.7854
650.6333
588.9454
182.7810
139.4433
271.0464
598.2634
759.5549
81.5917
548.5150
992.5519
659.3086
948.6459
327.2511
684.9040
507.1489
839.0461
171.8731
677.0446
368.9068
562.3254
803.0855
659.7176
596.8534
211.0093
781.0474
410.2822
710.9373
145.1953
209.2997
980.3396
910.0251
709.3592
217.3900
214.1916
873.8498
546.2129
988.7954
305.2476
430.5510
410.3435
84.5882
193.1044
748.3854
619.6029
989.9074
667.6143
548.4344
200.9047
763.9093
386.6337
586.8107
11.3629
326.5700
592.4023
423.9647
57.1377
267.1602
228.4655
7.5914
347.3730
490.5167
378.8704
607.8597
60.7673
565.8502
407.6098
292.8034
781.3381
805.6419
444.0264
31.3695
310.3905
839.4114
251.7450
725.6565
678.8132
30.8199
774.2465
172.6357
308.3361
573.1169
996.5598
389.0683
982.9929
857.7747
128.8232
870.4873
841.6433
673.4917
184.9657
997.6386
569.5675
506.4420
96.7016
630.1059
893.5062
189.1722
393.3661
769.3906
174.3687
956.1940
283.2417
570.9982
896.9962
116.8706
679.0839
549.1488
246.8506
123.6191
127.6929
433.9880
407.1272
96.4606
307.7970
327.5214
313.9343
809.0234
649.4379
715.0244
541.5033
359.6945
846.0396
709.6617
987.3314
856.3007
805.8791
673.3818
437.2760
365.4075
349.3790
793.1474
537.6139
877.4243
38.8878
834.9609
538.4384
344.0884
886.0824
745.7799
753.9087
769.4077
946.4280
244.2113
693.5188
643.3206
419.9813
583.6085
370.2864
756.6549
480.2648
449.9305
154.0587
557.8637
114.4698
61.1447
183.5092
293.4782
300.7298
553.7376
775.7323
470.2834
855.5085
183.7690
973.3042
299.3676
543.9862
806.3112
484.7767
917.3182
432.4512
530.3257
959.2160
266.0946
2.6944
863.7555
74.1126
880.5280
245.0083
328.6691
570.4969
123.0049
346.0485
241.5843
866.3736
739.2194
639.0103
744.2864
713.4218
37.2317
97.7436
370.2171
761.0278
736.9594
527.3312
521.9928
568.8345
556.1734
102.5656
358.6436
324.2860
445.3736
623.2869
20.4886
951.0847
359.9723
384.2625
480.2342
676.9121
535.4030
509.3586
43.3336
100.7259
64.8520
869.1063
565.3444
517.2661
259.2148
708.4851
259.9713
867.1554
873.3427
665.2826
339.0118
600.6560
89.2414
595.1300
76.8369
862.3841
929.5675
161.1234
646.6951
929.6860
303.6634
849.8324
514.6555
348.5968
658.2772
620.7904
386.5344
913.1260
795.7529
40.2815
623.7838
177.2268
478.7061
371.2126
833.7258
976.5502
380.6889
409.0210
797.1650
868.5336
421.8516
176.7481
50.4337
130.0943
15.7467
636.5122
970.2953
624.5191
314.8682
612.8685
318.7034
598.2839
672.8291
151.4334
633.0124
593.1318
535.0295
20.7487
574.3915
289.1861
284.1465
848.5313
131.4933
336.5973
303.3357
754.8154
733.9276
424.2024
565.1561
428.0281
317.2725
113.0958
592.6494
35.9222
409.3286
693.5673
679.4022
96.9605
875.4243
482.3364
370.7135
623.4678
451.8961
220.4138
291.0886
130.6750
276.3328
590.4644
278.3313
103.3382
613.9414
280.6273
808.1968
10.4584
133.8905
164.2282
387.1635
146.7171
831.0325
591.2945
888.4409
562.7019
619.2513
711.3693
74.9452
707.5072
799.6889
770.0316
374.4036
707.6194
85.0888
251.1969
390.8075
763.2669
260.8402
558.1641
200.8707
935.9852
17.0170
372.0357
768.9015
666.3326
636.5348
51.0519
69.2351
550.4847
387.6626
253.5179
434.0205
257.8695
806.4602
672.4038
92.4804
198.1218
271.2500
833.9102
9.0824
274.7784
97.5306
516.4635
131.4104
728.0406
58.5761
365.1762
39.3605
915.2496
966.1871
953.3815
312.1437
253.5771
241.1645
326.5076
521.0787
737.2858
752.6671
375.3739
25.7202
257.6071
25.3392
27.7620
130.3191
174.8109
956.2411
441.5230
811.9359
993.2353
397.6857
633.5017
556.8290
844.3687
360.6266
563.8609
906.1537
163.8970
99.9503
150.1373
596.5097
78.6150
576.5302
629.9215
972.7280
274.9431
883.9635
287.0372
187.7965
386.3576
64.9332
55.4154
101.6495
101.2736
437.1620
664.9538
647.8717
602.9391
702.2489
357.0743
236.0505
328.1712
496.8155
271.0052
821.6298
185.0235
968.9029
484.2381
484.4384
592.8228
106.0382
744.0185
560.7957
520.4849
158.5316
482.4697
677.1043
101.6646
405.0727
891.9432
405.5610
951.9743
762.9843
799.9913
240.4090
422.5849
397.5046
943.5853
296.6367
907.2785
403.6453
195.0521
527.2426
695.0894
689.7285
630.7782
989.7652
76.1154
81.2770
848.2729
797.2331
743.1084
540.4047
33.8308
761.7488
970.9854
120.3307
26.1541
429.8851
165.0309
227.3596
138.4950
39.1046
477.4792
78.3638
836.9941
120.2604
319.0241
146.7921
579.1844
908.3553
505.5112
657.8018
519.8272
22.3122
162.2243
686.1860
648.9998
565.6125
113.7825
303.5525
926.9405
374.6049
763.3189
843.9237
844.4241
964.5849
127.4589
352.9773
203.9523
762.4657
910.3502
974.0221
113.2102
753.4792
351.3389
424.4567
517.5337
298.4417
972.8404
988.0385
826.0584
69.1149
685.7637
639.7824
232.1531
440.6710
922.1769
206.0186
892.0305
180.7314
614.6435
35.2390
680.9357
876.5938
632.6463
724.8027
73.6968
6.3970
442.7283
902.2124
816.3084
269.1000
245.4711
187.6664
313.6256
949.3929
283.3912
276.0002
328.2520
88.7838
798.0023
840.0958
857.3825
356.6402
208.8704
87.0737
858.8779
701.4193
665.5612
390.5000
451.9181
983.7589
970.9899
744.7051
919.2861
539.8272
330.9471
595.2291
684.6214
848.7640
527.9053
747.1324
113.1112
757.8110
200.1273
863.7849
273.2972
473.1860
829.0773
286.1954
638.7259
418.4281
213.6403
38.0922
613.0110
344.0376
869.8812
606.0344
461.8172
720.4498
314.2821
408.9449
279.1037
719.3265
409.7172
231.0225
264.8996
587.1707
59.7672
527.3533
837.6575
896.8268
535.8490
712.8279
834.9311
217.1477
984.4872
460.2011
2.0004
651.6018
686.6282
206.7004
623.8866
265.4199
968.2223
519.9546
116.4933
510.6380
602.5672
595.0569
950.6021
213.2645
288.6203
369.6606
62.9089
735.9755
474.1816
38.2623
525.5569
171.4762
494.9923
33.8349
972.0736
887.9053
462.5178
782.0603
383.6749
568.7564
700.6146
886.2368
22.0317
570.7748
557.2576
701.4032
439.0044
500.5868
653.0025
751.1391
731.6369
8.6435
636.0495
54.0620
545.0962
686.7372
918.1901
425.7571
968.0444
35.1862
186.7355
135.4632
961.1687
386.1123
575.5652
36.0718
624.0634
837.3052
983.0120
457.4689
688.0474
963.5321
284.3040
733.3476
58.6538
297.7313
803.0433
911.4282
271.1737
817.6012
397.8369
12.9424
59.5324
617.3832
233.5548
452.5587
886.3477
315.5151
356.2775
663.9677
920.2421
944.4813
694.1774
723.0065
495.1854
233.2467
346.1696
308.7608
231.2136
904.0445
185.1836
965.2272
973.4666
252.3423
261.9951
171.0861
76.7829
13.0175
494.9923
80.4058
195.7007
445.7442
323.4857
892.7888
312.8825
94.3519
740.9662
870.8499
378.8070
544.6801
692.9260
849.4227
522.8620
663.3247
226.3435
768.7089
435.0227
373.9915
167.9916
40.3914
350.6015
633.6776
499.1608
406.7608
793.0525
907.3975
179.2208
868.1718
93.8192
113.9072
118.2328
956.8153
976.7365
740.7852
632.2046
975.4963
620.9112
931.2545
656.6724
967.4063
25.6663
48.1381
233.1725
737.1967
900.9070
499.0871
755.4464
687.5085
565.3554
189.6066
233.9039
692.0382
396.0808
185.5105
337.5737
748.0636
134.9579
863.9873
949.4050
822.0207
830.2873
101.3825
719.4547
822.6352
23.4576
55.6938
999.4266
512.2825
493.9218
508.1370
831.9552
190.1671
572.6530
144.7566
805.6926
53.6887
8.1618
516.2272
251.5862
848.4281
369.2892
72.1674
239.7969
735.2219
674.6641
371.9645
369.6044
539.8197
917.0076
579.1274
983.4040
799.8802
419.5757
470.8119
642.9934
134.6985
698.8874
325.0256
377.9350
12.1749
710.9667
420.9558
499.6067
895.6051
747.7559
998.2697
669.5412
990.7201
864.3893
963.1505
980.4558
496.7512
409.9836
814.5596
633.6863
382.3088
644.8536
267.8961
129.6616
935.1428
562.4953
278.3707
166.9920
336.5598
712.8799
906.0126
304.9820
660.5967
469.8797
939.3092
963.4235
757.9845
420.9496
491.4154
388.9744
143.0938
601.0169
717.2159
608.6742
97.5038
732.0402
148.0230
495.0631
166.8251
693.2282
485.5638
848.2018
99.8998
868.6561
98.5737
320.7876
335.5184
280.2889
775.7903
221.0920
923.5119
606.0794
837.6238
963.5457
48.7542
850.1052
800.9604
242.1415
248.7835
977.0682
923.3657
181.1783
391.1186
235.4704
698.1892
16.1332
211.4247
661.5357
780.5602
646.2547
0.2365
572.1334
630.2642
848.0663
996.6855
790.3999
248.1532
742.9739
869.4238
444.9483
381.3652
640.8776
184.0106
448.9925
339.4376
856.2686
717.8638
342.9132
745.3108
832.9930
767.1489
4.4327
884.5323
580.4010
427.2135
558.5503
868.4740
238.6422
332.5437
687.7291
403.0708
799.0808
882.9564
924.7500
250.4802
196.5404
659.4057
238.2556
839.3646
722.9490
145.8091
829.2348
81.2909
486.4953
290.9902
169.9546
821.0864
495.5735
622.7309
844.5194
369.5045
695.8034
447.2794
911.2658
316.5181
713.8488
306.9625
763.0454
982.7732
218.4411
392.9347
849.9577
988.6783
901.4024
923.9935
680.3488
85.6618
284.3787
360.4831
475.7837
555.6567
411.0713
3.3122
797.6581
508.2547
982.4580
454.7354
755.8100
18.6640
202.9256
822.2210
395.4466
780.9453
820.2978
902.7440
668.3493
535.6928
62.9903
449.7529
19.7303
333.8614
736.7699
325.4766
164.4315
546.1271
795.5415
193.5196
162.6625
281.6456
973.2191
340.6521
358.5468
915.2244
814.0667
835.7858
87.6219
753.6813
435.2838
328.1762
681.6568
599.5728
497.8129
332.7511
716.7407
413.5161
196.5627
398.6604
688.3345
737.7971
613.5159
273.2203
122.5703
359.5577
244.6691
794.1704
629.0615
409.0692
257.3875
996.8484
71.9709
844.0281
965.5599
183.2492
764.7521
104.7724
395.4156
235.8629
887.9005
412.2937
844.7292
303.1500
908.6594
749.2055
298.9814
638.5606
981.9066
838.9882
812.9346
917.6487
839.6170
971.5535
898.7253
109.4015
116.4764
553.8429
721.8670
456.9363
277.4260
314.4563
199.3048
87.2920
607.5134
210.4575
507.5242
847.3174
185.2063
348.2922
185.9334
319.7288
167.9558
811.6899
351.8591
650.4021
372.9520
180.8134
66.7702
941.0869
469.1430
387.8036
590.8321
140.7271
755.2799
683.0332
94.8033
837.4055
20.6392
563.7207
622.6892
986.0496
881.9129
896.8391
615.0720
703.0209
856.0900
41.0881
746.2555
664.9291
157.2628
324.7216
501.3837
535.6410
846.4944
834.9768
9.6673
580.0560
261.3910
419.8223
696.1437
664.1432
665.8605
747.1805
366.1898
531.1414
353.7086
271.9275
203.6816
596.8153
166.3381
121.3719
431.6675
215.8367
296.4749
342.2783
280.6550
245.4007
433.2765
704.9268
4.7739
409.7704
524.0177
719.4980
354.9433
694.3727
411.7233
380.2737
985.5951
808.2732
882.0634
13.1498
453.2686
737.2315
11.2683
414.3486
544.3785
441.0002
186.7808
565.5460
846.0722
706.9898
225.7110
187.9954
270.3968
447.3204
771.6115
736.6538
430.6956
212.9089
975.3564
372.6460
165.1429
403.3849
942.2184
462.9651
152.8477
703.0627
8.1638
584.7222
398.6667
455.5175
831.9629
339.1791
144.2230
65.9389
269.1734
955.0634
827.2279
74.4505
845.0490
337.2029
52.7910
270.2785
666.9858
150.6041
917.1542
252.3147
906.2959
697.9813
220.4082
341.9562
879.6190
429.5404
758.1513
821.0834
219.0289
597.9702
574.1028
681.2264
937.1694
511.5817
629.5891
221.8418
131.0522
958.5451
988.3395
543.3849
493.6056
740.7908
209.3484
413.8406
827.8731
306.7742
590.3496
401.8739
841.1265
842.7231
919.7348
548.7297
500.2043
422.1362
853.6621
189.8549
692.0075
383.5325
238.0838
890.5118
931.9989
920.4617
738.4996
347.4364
902.0382
733.6671
196.5257
855.8324
779.8764
754.9550
31.3306
809.5985
223.9686
254.4650
458.6239
536.1709
358.0658
861.9311
536.1988
632.1934
244.9686
877.1316
531.6447
953.0739
210.1351
360.7410
394.1969
816.9958
825.2226
320.1619
409.1749
15.1565
549.7738
507.9499
9.2334
204.9419
264.9062
626.7557
358.1431
886.8725
944.4131
298.7237
777.0142
313.2269
883.3658
798.8070
259.0691
775.7385
636.0788
994.5757
856.0922
759.9074
91.4428
622.8219
529.8934
607.3478
280.2023
291.0912
692.5386
123.6471
260.2831
900.1894
168.0671
278.4146
376.9654
800.4841
756.2994
600.6209
451.2247
643.3833
520.1310
390.4018
126.8533
291.6107
228.6921
653.6672
585.6425
723.2344
890.1708
395.2597
770.6003
208.2830
193.7073
11.2735
434.2040
528.6474
21.8805
909.4821
657.3686
544.0380
566.0780
99.9620
381.8322
31.2124
121.6053
947.1224
565.2848
199.4282
877.3422
46.2320
90.9161
431.3739
95.8292
439.2510
371.8192
243.4788
138.6910
204.3701
770.4716
975.1361
277.7752
21.7594
184.0261
212.3652
915.3696
6.0413
473.7576
768.2082
753.4585
122.9619
536.0375
78.3254
267.6783
889.8200
344.7052
54.8201
605.0340
210.2261
338.7552
917.8706
139.0022
41.0449
684.4801
99.3458
744.0963
351.1191
203.8483
69.0573
770.3993
2.8075
666.5628
263.1261
733.8787
473.5599
968.9176
256.6383
619.8048
652.9882
366.2778
713.6336
259.1455
697.5542
8.3156
317.2352
346.4341
341.6695
741.8023
294.7701
846.8259
812.4946
519.7475
53.5575
352.2659
844.4667
39.9755
697.5855
784.5317
539.0064
342.3918
800.2141
227.4358
271.8157
478.3804
88.6504
98.6413
359.9384
221.5937
2.0351
339.2751
878.7585
59.5995
255.9584
707.8661
126.7053
110.7662
703.7055
315.7955
279.1472
136.3778
258.4447
447.8845
783.7034
463.0222
973.3306
401.0141
75.9220
779.0547
699.6055
931.3690
537.7644
752.7213
1.1455
779.6039
124.7881
142.2725
604.4215
971.8345
463.2616
906.1541
785.3238
38.3813
240.9636
325.0982
602.0877
557.5933
877.9843
404.3940
30.5986
595.7623
832.8884
215.5146
190.9485
397.2544
165.6250
204.9111
201.0286
257.5027
696.0799
710.6206
820.8102
305.7708
127.4511
333.9684
998.5532
346.2286
352.2594
115.5267
7.0233
743.0145
851.7064
189.2075
994.6611
112.1617
259.0841
934.7240
330.2538
605.6673
760.2378
799.3758
574.3310
443.0036
441.6871
36.2423
525.1859
922.6634
11.2302
866.4596
290.2654
456.4502
163.5713
869.2331
272.4241
88.7618
641.8334
980.2914
518.0761
606.4879
257.2515
518.3907
195.8262
540.4971
186.8172
89.0302
112.9303
143.9875
569.2375
828.3169
650.9072
598.3431
595.1420
424.6257
208.4245
998.8507
286.6991
122.6549
655.5216
865.2150
218.5615
680.4453
563.5478
355.5141
990.8651
298.3133
822.6480
905.4294
365.2403
344.3883
959.7688
658.3306
302.2712
455.3206
343.8072
438.0296
545.8796
999.9976
419.0700
799.7891
318.1417
206.5829
728.4741
275.8268
277.3769
273.8917
962.2394
453.4739
212.8817
536.0557
183.1034
725.9037
404.2255
426.0317
139.0703
871.0058
138.9805
50.7655
372.0620
597.5883
122.5633
244.5167
819.1074
834.6939
811.3667
429.6826
268.0096
395.5572
918.8392
914.6651
736.3080
337.1451
311.3168
618.8645
173.5073
736.2104
687.6923
368.5845
332.9498
813.1122
256.5001
118.5651
379.8335
156.8053
688.2904
798.5118
592.4671
457.8654
857.6496
462.6676
842.4287
618.9242
859.1676
629.1162
756.6695
731.8560
318.3205
253.9721
918.9792
15.5657
348.4841
914.2566
621.5826
609.8258
480.0656
446.0977
878.4257
407.3544
648.7499
767.8862
256.0611
359.9779
963.2556
889.0556
129.8658
272.0890
515.7148
281.6324
31.3139
532.8825
415.9981
393.1088
87.5953
951.0912
414.1329
248.1683
146.0585
341.0961
687.2116
981.6958
400.8536
360.8860
908.9992
308.0835
648.4341
437.2549
511.9613
905.9735
556.5942
460.7467
485.7901
19.0751
520.6542
562.5592
1.7775
119.7432
155.4951
856.3946
68.7461
113.9905
867.1216
739.9166
199.8436
776.6855
239.8590
712.1088
210.6825
9.8129
260.4988
96.5616
408.8335
231.3543
984.8509
835.8067
251.1335
615.9939
556.4704
239.1418
16.6251
155.3017
840.3885
783.4243
150.4909
231.2507
637.8813
609.1188
85.2745
632.7648
709.9223
254.1281
978.4363
990.9433
649.0821
145.4092
605.0134
328.5049
880.7076
497.3910
767.6579
57.0980
208.6719
499.2885
814.7348
450.3240
682.1299
337.7497
776.6171
675.6447
189.8084
342.1850
983.5101
553.2636
881.5554
850.3474
153.3102
457.8771
479.7174
752.6425
594.9916
250.8717
499.9163
535.6175
663.6393
178.0077
145.0509
359.0501
972.1677
729.0905
807.1550
784.7612
695.8390
331.6348
745.1992
838.3092
933.8499
812.2918
502.0276
80.6663
559.9631
309.8229
671.2188
368.1236
629.4966
517.9774
214.6374
268.3311
249.4318
159.7050
945.4818
898.9256
69.7617
775.3939
444.8567
569.6571
93.8821
705.8144
138.0171
829.5392
393.3566
727.4814
553.6785
525.0360
235.7239
887.6220
554.6562
273.1758
996.4589
122.4446
801.7980
807.4368
78.3186
690.6028
145.5094
467.6544
271.3668
172.2150
945.7340
979.6255
32.3815
847.5941
871.5776
982.6359
665.1215
974.1014
285.7667
924.7143
194.7127
45.7631
811.5022
561.0275
729.6453
286.5308
605.4273
89.9252
457.5805
822.0341
349.6698
749.3807
194.7839
571.1959
241.7318
585.7454
945.6716
8.0094
517.5442
304.3111
733.5242
729.8647
146.8074
742.6859
893.3424
625.8977
198.1061
540.4024
858.3538
379.9055
6.8880
74.7171
274.9188
742.2302
620.1997
423.8519
162.4380
911.6607
551.0436
982.1282
35.5026
934.8115
860.0836
280.5107
285.6637
288.5194
295.1904
994.7768
859.3978
350.3248
262.9781
356.5483
609.1525
376.8461
495.1837
397.5169
523.9851
141.9740
875.5144
113.2965
909.6187
134.6807
325.2972
880.4547
699.1292
521.4531
400.5263
104.0040
464.9015
31.8951
888.3296
587.9830
27.0363
196.0476
483.4472
565.0781
692.9632
159.8107
885.8833
680.9105
43.0126
651.9420
213.9873
727.0135
310.1310
141.3503
164.9646
12.9074
753.4914
729.7570
215.6203
209.6725
243.6716
40.8593
823.6460
290.1250
419.6150
84.9898
203.7855
903.3693
266.2568
781.7846
675.8818
924.4114
911.9188
345.8039
633.1944
223.5021
131.9843
502.4062
736.8335
800.9752
719.2160
529.5397
864.5004
822.7220
855.7350
195.2475
438.1131
931.7045
785.6631
567.9570
634.7084
831.5711
497.7861
845.5587
773.2116
324.9889
688.1679
280.3370
31.0055
478.8424
521.4707
317.4409
248.1321
297.8864
337.7027
400.2394
831.3771
565.0509
417.8371
590.7947
78.5080
609.0033
326.0504
278.3018
900.2344
296.0105
968.2168
341.4447
825.4710
469.1679
713.9495
440.1118
318.1356
827.2834
716.2735
765.1797
800.9595
240.4332
151.2166
425.2987
882.2711
732.0400
785.7460
332.2309
282.8229
971.2872
392.0901
87.2537
136.2250
22.6057
274.3411
690.7465
263.1531
282.7159
25.4411
667.1492
285.7262
320.8160
454.1095
123.7447
781.7296
623.6658
804.3148
788.4214
958.0763
603.0785
155.2446
813.7542
968.0806
439.2192
758.7125
908.2821
49.2828
610.5918
979.8602
110.9091
32.4654
860.4805
99.9336
109.2951
212.1208
831.4646
930.2227
474.8948
806.0079
639.9410
632.8212
338.1024
940.7545
897.1477
226.2251
300.5543
399.0055
77.0759
874.5912
686.6568
165.7058
185.0897
48.9641
500.6782
196.3689
153.8939
175.8828
353.0785
14.2979
9.9399
282.0733
88.2320
853.9876
184.8270
250.7159
122.0655
343.9962
274.6243
151.0827
286.8337
345.6493
718.0944
454.5178
27.2984
912.6621
488.9185
805.6331
78.8093
39.7837
182.1751
404.9858
884.7078
348.5877
359.4059
48.2393
468.0349
521.6019
268.7308
918.6611
499.8734
894.6645
261.0285
198.6598
243.3288
624.8711
751.4078
698.1321
729.6925
65.3284
367.5565
39.7953
875.7358
718.6712
880.3101
374.0514
803.9190
187.2929
889.9499
708.2875
897.5890
124.9144
41.3615
21.9070
780.5207
243.0982
223.9270
866.6144
333.6071
450.2643
460.7756
271.6267
650.4243
427.6556
811.9051
310.0656
374.8011
338.1403
213.3127
588.5849
134.3178
677.2449
535.4308
715.3732
758.9795
365.9025
470.3626
453.2944
417.5600
721.0354
634.7715
695.7198
54.0379
134.4699
892.7756
227.4234
428.2462
240.6534
550.7111
259.2920
637.1355
178.8422
962.2795
663.1206
768.2782
338.7006
330.4057
306.8500
17.2101
926.5670
382.4778
895.9843
765.9498
396.2014
250.9328
933.2069
787.8333
89.7267
129.0519
766.9051
905.5783
801.5444
557.2659
458.2421
890.5498
212.8541
683.8252
164.8199
140.7471
295.4132
13.0973
561.3462
429.5450
336.0393
916.4215
463.4952
116.9058
29.7955
454.1328
454.7236
217.7174
314.1046
700.5124
645.8077
863.1896
551.5445
646.3782
542.0103
669.2961
921.8372
153.2428
582.7634
124.2132
210.4366
71.4924
529.2238
556.8658
806.6209
455.4659
541.9561
528.8143
529.2283
421.6830
395.8250
527.2719
208.8374
629.8729
38.1408
301.1602
752.4311
2.8054
410.1010
933.8498
84.9524
266.8578
926.1095
779.9976
731.3256
762.0384
604.6112
474.9120
470.7850
75.7087
573.3414
497.9397
84.9574
550.9130
214.1467
125.9132
540.4531
713.0073
244.5960
849.0555
785.8852
514.1018
718.8651
370.9108
838.9413
786.1085
526.9349
498.8041
815.7017
21.8600
247.7213
907.4535
223.5616
830.4660
475.2109
396.8373
478.5465
364.2514
285.1154
102.6266
980.2984
187.2915
642.1444
374.8683
292.8190
583.0681
867.8024
882.6577
858.7345
203.4753
51.4265
153.4876
825.2143
247.6363
754.3089
450.2249
956.9188
916.2570
633.6686
585.5217
407.5810
851.3325
238.0730
361.0101
414.7895
291.0573
433.2785
981.2808
284.0910
473.8543
18.9350
353.6034
887.3103
169.7947
62.2133
626.6459
743.2238
978.8222
421.8471
673.8626
414.0349
876.2366
421.9965
106.7963
987.4636
173.4639
655.4976
143.5477
353.6530
873.7039
870.1848
640.0416
677.7549
913.5839
334.2938
518.6353
595.6944
144.7013
888.1171
43.8060
553.3749
34.7958
81.0369
22.0144
587.5722
419.2776
251.3214
476.2510
644.2735
141.6776
751.2678
179.7483
957.1524
801.0463
165.5201
992.5701
178.0127
659.9404
616.1756
214.2098
982.7329
326.3407
814.0850
109.1749
952.8213
998.8532
249.1073
360.7657
262.3329
198.9181
480.0935
856.3673
254.7328
302.0661
38.6398
54.3001
781.5710
780.7361
361.9283
351.4413
493.5506
202.1605
556.2552
422.3888
124.5276
543.6209
499.3682
195.1092
699.9660
587.9457
634.3872
682.7624
348.5481
182.9599
582.2541
861.2424
913.7180
290.3579
977.0369
724.8540
546.5472
404.0438
532.4180
903.7868
11.8615
860.9649
202.5549
222.2689
799.3549
193.1049
715.4275
365.1588
901.5741
66.8980
497.0198
391.2331
61.5978
760.4986
505.1539
401.9939
149.8883
494.1602
363.2373
673.8542
308.6693
522.5916
845.6913
169.5688
797.3336
90.7781
689.8608
617.2195
966.0564
387.4851
242.1346
763.4516
895.6433
928.8712
768.7819
367.2701
173.9339
868.2345
795.0239
466.7344
905.2002
270.9122
893.6579
248.7607
229.3990
594.6386
271.9789
790.9090
287.7478
284.3194
461.6586
923.4808
612.6827
177.8019
444.5343
205.6748
667.7291
448.6103
467.5754
690.4666
468.3569
537.0730
508.9606
331.3752
571.0435
871.6510
280.0512
914.9814
247.5436
712.4580
361.2455
452.0285
361.6207
515.5184
517.1286
7.7836
209.2491
439.5894
449.0841
214.4833
157.8410
414.6698
207.1641
840.5505
593.9480
480.2603
560.0446
976.4663
964.9961
477.7376
94.8753
847.4818
452.1962
51.6880
499.3367
119.2528
954.8916
925.8232
489.1472
669.6235
66.1158
229.3716
852.0338
372.9472
8.0790
542.5714
526.2694
220.6341
287.3144
681.2627
742.1264
362.7536
434.2623
472.1922
413.4053
399.6574
326.7550
182.8124
317.1213
427.7410
218.9192
668.5915
462.2743
143.5274
327.8917
97.9115
204.3150
95.6549
594.9028
539.4980
562.8117
608.2365
146.7111
658.1011
153.7055
85.9351
156.5315
83.7294
941.5868
504.4151
282.1464
641.6279
456.0763
612.0425
329.5757
772.6988
374.6763
228.4935
745.8773
923.7227
202.2687
79.5966
576.2242
19.8084
941.6489
209.5968
486.3394
829.4350
936.2527
622.3119
231.6728
232.2554
987.2898
149.6736
743.8564
104.8076
921.7291
700.9489
746.7949
186.1197
273.3767
299.4632
384.6421
170.4076
241.8880
242.3947
248.0654
667.5769
193.4399
839.2725
265.6417
798.5088
132.1310
236.6904
624.3631
424.5906
751.8522
389.9864
719.4459
908.2042
109.8071
66.2530
237.0969
318.9906
626.6597
21.4341
154.0329
482.7137
652.1899
538.8411
580.6020
772.4486
182.8835
287.3139
473.4200
605.6634
907.6047
319.1928
200.6536
139.9960
349.1806
776.7749
82.0938
436.7681
78.4573
682.6311
171.7292
919.0494
974.5917
538.6376
417.0372
643.8464
770.3149
556.7973
413.5173
33.1056
460.2486
407.2098
937.5758
357.2105
748.3891
865.5531
977.2195
315.5255
241.0136
331.6191
342.0632
405.0744
174.6573
611.7103
457.0000
89.2633
538.1365
488.8365
180.7299
943.9087
838.5459
762.1279
758.8723
613.4734
644.0133
618.9883
818.2601
75.1718
880.6860
870.6914
227.6025
892.5466
132.2161
499.0847
88.4715
621.9028
870.0195
651.2477
87.6787
848.5780
596.2892
831.8871
354.6691
857.2324
916.0932
3.4144
647.5833
88.6868
847.6660
452.6173
536.9772
887.5891
47.0540
286.3537
622.4293
877.9173
4.6121
710.2171
192.6857
160.7749
770.3061
496.7860
521.3101
2.5582
165.2774
830.4821
626.6694
944.4191
499.0173
416.4592
569.4919
400.4624
129.7375
918.3904
389.8591
782.1715
184.6645
228.0594
411.0339
530.3247
620.4601
515.6233
827.3696
695.6863
336.1357
724.1120
399.2715
230.9079
850.0869
378.5757
806.9517
408.6908
564.7514
453.6543
306.9186
736.1470
695.8377
268.3957
297.4176
656.1514
567.1327
656.4023
221.6061
528.5901
27.3106
852.2783
859.8860
66.0445
62.9309
508.2255
917.6406
539.3637
360.4847
662.0449
124.7728
303.1769
100.4306
954.3583
91.4601
984.1143
38.9616
244.6494
985.9296
730.1151
321.5705
66.5071
672.9359
527.0208
169.3079
492.1423
742.6885
377.2827
282.3847
681.3106
980.8734
808.6325
254.8200
397.6349
64.8721
124.9651
615.3592
819.8037
240.5349
649.3025
157.2604
680.2980
244.6803
868.0025
950.5217
745.6614
73.6842
541.1361
998.3499
320.1821
750.1856
192.6621
249.0888
26.0569
330.0768
578.4708
556.6078
269.5742
288.3169
110.5034
798.8489
295.5328
927.6398
819.0855
890.9037
116.6704
106.2472
10.2741
903.6324
114.5917
389.1926
444.9447
74.5625
457.7854
135.2587
945.0234
321.4536
980.2686
3.7653
887.3234
694.6884
348.3857
134.6846
999.9515
537.5873
417.6582
305.4192
614.9937
669.4333
954.1459
800.9539
239.7539
2.3348
265.6296
974.1866
55.5031
7.2040
77.7810
669.7545
368.8546
747.7302
853.9921
847.0688
361.7842
559.8341
372.8636
905.3626
150.1746
403.1726
376.3352
62.4431
502.4057
60.6488
665.4230
459.6431
959.1855
663.6160
158.7191
699.8221
850.3647
371.6735
216.0776
136.6171
26.6185
788.9670
334.6301
572.7720
514.1028
697.7507
453.0318
251.2037
870.2361
294.4123
344.9856
464.8180
123.8629
487.8884
771.6183
425.4272
228.1916
454.3042
328.4171
770.0594
143.4137
381.4628
511.7339
670.1726
648.6123
723.1238
548.0691
234.8899
430.5942
884.2003
406.4236
342.7596
191.2680
358.6845
928.9978
257.4667
113.3004
922.6113
593.3371
319.9817
783.9845
993.5772
198.8987
834.5509
418.5980
980.6108
31.4115
600.4690
948.9567
453.1127
292.9687
797.8764
881.1690
52.6599
864.7088
69.4500
565.6581
891.2961
608.9310
839.9378
943.6614
891.6907
58.9455
889.1434
486.6237
374.6939
435.6578
164.5186
852.0645
482.7965
323.7189
822.9141
485.3007
612.0254
907.0118
65.8260
933.2072
998.2806
167.0454
222.7296
244.0959
91.3526
155.1092
620.9450
545.5187
936.1827
137.4231
534.7163
475.7887
247.8225
783.2058
180.7470
711.4818
322.0384
196.9671
350.5189
324.3071
59.9770
953.2419
435.0515
45.6721
356.0987
431.0341
902.9654
368.5144
292.5832
305.8193
770.1598
485.9827
946.6916
304.4397
793.5196
634.5962
966.1623
742.2180
887.4794
705.3130
62.7380
828.9983
297.4592
596.8079
460.1300
754.4514
481.8691
757.2195
452.8851
770.1803
263.3384
951.8447
476.4849
415.4046
596.5938
192.9633
913.2932
282.0275
518.2094
95.2132
836.9317
690.2027
706.1897
146.4480
74.0394
801.6473
792.9821
940.8955
366.7711
455.6247
101.5764
669.9427
635.8199
431.3315
75.9918
873.2790
960.6801
881.5972
438.2730
472.0731
345.3682
358.4746
168.8436
7.0587
745.1047
564.1832
273.2026
803.5590
909.4657
36.5420
553.3299
609.9646
278.1393
414.4223
82.6430
79.6966
972.7006
982.3801
624.0504
661.9184
176.7650
434.6453
291.9117
274.8907
687.1266
762.9398
264.8742
426.9411
336.9423
997.9447
570.5688
646.9919
32.1862
642.3639
803.6958
936.3738
950.4896
740.7546
84.7179
909.1274
897.2129
122.9275
870.2676
416.8078
646.5517
531.4466
309.9387
361.4067
128.5531
997.2520
45.6979
291.3336
873.5842
548.4939
937.1454
119.5898
769.6121
98.1969
628.8490
230.1316
393.2077
551.2153
623.8461
656.5925
241.6625
517.2074
103.1661
202.8444
289.9951
93.3243
44.8106
353.1536
509.0825
991.4237
108.1041
702.0806
1.7684
385.2967
686.6406
763.1943
658.8306
399.4835
567.2143
869.3561
121.6301
864.9133
437.2340
2.0744
608.9217
706.8039
459.9673
993.2309
846.7698
846.8586
833.3415
762.0523
489.8489
51.8770
668.9727
755.3503
532.5945
125.0477
251.0704
961.4704
877.0049
333.7520
685.7830
704.4899
322.9906
936.1840
47.0150
340.6873
625.7809
145.6905
896.6302
502.4254
157.7892
261.7514
153.9157
568.3159
631.7376
372.7279
383.0447
915.7313
477.0196
694.1174
573.2323
420.9777
545.8276
781.6532
854.3387
303.9596
933.1458
301.7394
236.0342
111.1264
394.1012
234.2724
686.6539
879.2114
403.6412
14.7313
850.5051
392.9949
29.3089
615.0083
710.6197
589.0591
106.6752
308.0842
523.0467
715.1786
311.5306
810.3393
208.5571
697.3821
371.9409
407.2803
796.0551
621.0650
605.8897
896.5787
820.1553
517.6979
284.0803
414.4680
964.5576
0.7380
211.7123
527.7036
545.8360
973.6160
504.4575
309.5723
123.1534
455.7331
554.9322
132.7369
71.7602
769.0798
341.4626
805.9346
959.4999
279.5801
36.1396
571.0063
272.3835
614.9670
956.7429
850.3637
133.0041
813.4487
766.6245
545.3245
283.7427
117.9637
526.7125
246.9249
838.7222
100.5349
535.8090
539.5880
996.6075
366.3476
140.8581
566.2973
319.0269
71.2568
799.3223
591.1090
804.1144
266.7099
196.3385
501.7811
69.7624
265.8608
419.7055
872.0111
400.1555
270.4624
432.6865
154.9937
818.8901
219.5850
626.4114
406.2423
875.4830
281.1338
699.4115
583.9339
348.3043
805.2188
316.0926
404.9402
501.3634
199.2270
138.7024
830.6201
683.7048
323.9099
813.9316
467.7115
635.9069
51.5751
550.6209
478.0196
556.5295
327.7011
321.1077
470.1985
348.4955
694.0270
378.3066
643.9334
352.0805
604.9595
834.7818
336.0158
71.5452
879.5519
840.7829
739.6324
346.5872
148.5958
443.6069
464.2182
137.3214
727.7344
27.4406
53.1078
538.2102
619.3026
526.5921
643.5828
209.9603
703.7825
44.7404
433.3616
284.1308
697.1197
498.1009
200.0213
315.9871
406.1541
523.2456
148.9656
918.6638
145.6700
814.3388
495.8972
423.8588
842.8125
643.5650
320.1657
696.7649
56.6119
186.2585
276.7299
178.6115
476.8056
692.5772
911.8485
487.4688
947.7905
446.3280
208.0586
228.6624
257.0384
258.6879
631.7467
271.2154
933.5604
622.4182
878.6097
421.7064
300.6429
143.2255
419.6222
230.0347
94.8755
414.5950
584.4043
918.4141
908.3311
860.2551
363.7543
830.8037
338.5310
848.7939
438.5108
987.8198
97.5684
962.5099
799.0378
14.8740
189.7945
365.3083
659.2287
137.3011
729.5042
361.3970
324.0355
783.2421
167.1706
502.4486
429.4590
963.7930
886.1854
136.9953
140.5521
61.5899
416.3406
134.9906
508.2780
713.2926
911.4020
572.2011
310.9044
750.8209
452.1309
888.9918
674.6502
774.3234
15.3624
393.6063
148.6135
935.6523
41.8924
833.8175
592.2373
737.6143
65.5992
868.2287
811.6350
297.6652
476.6218
440.2049
296.3303
486.4026
293.6542
182.3991
460.7351
827.4659
672.5262
860.6752
906.0031
99.5887
402.6286
574.1551
652.2799
907.0801
156.9443
948.9461
515.7194
762.8197
756.4154
316.1702
855.4307
986.6797
848.4699
689.7237
916.2577
710.5243
646.1754
771.7590
936.8460
3.9396
504.3588
427.0912
135.3294
643.8554
591.0611
289.9916
401.5108
888.6956
591.9057
39.2842
373.2890
855.3609
516.7831
551.4183
835.8462
87.8239
842.9255
614.0594
871.0636
964.7124
2.2351
305.9119
773.2257
552.9116
978.2071
975.9473
405.5163
297.6697
849.2303
391.0149
794.1125
738.0735
777.8441
955.3320
734.6885
135.7571
854.6742
814.9844
102.6756
145.9179
552.8029
68.8717
195.2036
338.2347
496.9675
329.2856
316.2056
143.0131
308.9292
20.6574
363.6884
959.5116
244.3742
514.5213
754.9421
581.0623
454.1387
622.2174
72.0087
388.8185
677.9432
144.3363
866.1615
141.8131
104.2477
929.4242
441.9805
699.9230
294.0556
613.0785
402.7409
882.9593
405.2885
610.4007
601.5391
666.1159
256.3502
876.6442
419.9965
563.9101
32.9638
287.4721
522.8093
337.8440
748.9989
85.8513
41.5166
585.5722
314.8979
816.8265
966.6592
485.6149
969.6239
288.6548
25.3334
203.8451
849.3346
163.3397
620.0660
269.4985
328.8326
501.5979
566.4164
8.9369
527.4568
560.9643
286.8226
330.8452
295.2680
645.6874
355.1436
833.9550
388.9055
76.0656
981.6242
975.4197
333.7327
351.5816
643.0782
154.0424
600.1786
837.8280
185.0353
455.4826
337.0770
935.1343
236.6664
34.4647
943.5325
424.5234
180.9211
239.0115
931.1086
58.1099
644.1916
532.4315
779.7178
8.9658
310.4848
604.3078
142.5645
641.1867
119.6033
908.3134
559.0837
724.6504
993.0094
998.1815
995.0273
349.6094
807.5766
761.0725
181.0562
41.2805
844.0907
467.2727
467.1271
85.0296
999.7480
609.9095
965.1105
361.2233
725.5126
894.5186
420.1881
955.6486
377.7972
626.6223
626.1741
797.1072
89.7370
597.3947
915.2382
544.3988
754.4655
811.7437
467.7444
752.5954
700.5824
31.8535
592.3030
628.9865
467.4010
755.0568
582.4664
866.5017
394.9978
515.9197
168.4208
610.8239
232.8412
90.2644
783.5286
443.1884
896.0937
679.8548
265.4893
599.6507
760.7536
899.0164
312.2662
72.1105
690.6949
908.5889
668.2144
322.0490
306.0084
998.3958
965.0731
300.2701
290.9547
394.7987
607.6416
483.0598
28.6403
327.4722
348.3059
612.1356
141.4902
125.0545
632.4334
92.6816
549.1493
873.2953
693.5097
345.0387
193.9718
730.2142
343.2923
850.8259
602.0880
48.3295
178.4218
153.6545
151.3679
757.2315
796.8635
359.6555
865.1282
349.9726
669.6912
534.1955
466.7404
393.5474
158.5650
170.1225
601.2477
974.4266
566.0635
875.1291
769.5099
927.1065
563.9023
172.8854
534.0490
951.7863
367.0002
55.3717
257.4297
540.7293
326.6839
475.3726
304.1340
963.3621
287.3360
33.0673
227.6134
968.8880
115.0379
392.9679
921.6624
926.0510
722.5943
450.1734
470.9628
58.1746
241.3263
42.8831
28.5252
728.2811
299.2349
432.5214
816.4099
487.8168
301.4617
711.4298
253.9662
990.7262
70.7843
712.7028
947.4567
499.8210
834.7872
540.5425
90.3049
879.6485
734.0799
932.5157
584.5822
353.7897
588.3089
845.9894
680.5825
309.5527
617.5769
693.0088
117.0591
470.2733
366.1253
895.7860
173.0088
86.0936
612.2417
632.1995
522.8461
862.0333
767.9994
482.2013
340.4242
975.7638
145.6774
772.4492
780.1605
727.8891
106.4127
197.2259
301.0195
627.1397
485.4175
357.0015
360.8949
717.0084
285.2940
459.8612
536.9330
894.1884
669.9361
449.0161
761.2998
970.3514
375.0033
266.2348
65.5242
983.0916
630.7645
715.4862
521.9783
839.6739
263.7430
410.9312
277.9042
917.7804
312.7441
209.3335
155.1484
812.2102
341.5184
282.7119
640.0160
9.2244
244.1739
921.2743
109.1364
668.0409
443.8872
927.0391
226.4156
836.4264
879.6167
48.7760
764.3607
924.1172
562.8551
395.2732
265.8749
869.9245
413.0787
72.1344
635.1361
551.1766
927.0243
852.2780
217.4590
697.6630
152.6720
872.2272
33.2310
764.8330
764.7595
934.5042
612.3711
458.8666
311.7873
467.3705
425.6868
318.8820
761.1982
168.4979
970.4764
366.7111
12.9020
433.8392
293.1023
925.9288
958.9317
709.4348
548.2948
697.8714
469.1329
489.6404
236.1530
506.6822
850.3591
207.1229
681.2521
193.0107
197.8703
284.4800
888.8477
618.5667
24.9334
964.0849
286.1549
943.3340
397.4348
294.2464
793.3839
3.0275
573.3639
310.1255
87.4637
569.9196
98.9935
660.6059
255.6773
931.1038
289.0839
747.6282
34.7440
965.4895
938.1977
193.6031
70.4398
731.6887
920.1318
572.1088
370.3855
990.5132
185.5762
546.9643
575.3193
952.5222
203.0217
729.4155
982.8314
686.8145
188.3195
3.6229
968.9116
116.7351
457.7896
22.8971
986.5117
837.5656
793.8707
420.1254
592.3564
173.0335
132.9579
81.1221
226.7410
256.4927
47.5418
433.3150
483.3915
107.0236
733.1632
677.7258
512.8811
227.0179
418.4030
392.4731
522.4348
663.6879
490.8224
251.1319
112.3138
42.4749
815.0492
591.6938
937.6694
748.4000
566.6234
350.4128
47.0138
353.7561
543.3510
265.5951
947.3434
105.1546
676.9705
906.4182
562.6500
490.6415
432.8691
426.7726
78.0045
646.6749
81.9059
35.5088
751.1928
182.7824
536.7909
536.6209
854.8109
27.0351
438.6125
278.1306
391.4936
837.5529
782.5527
738.7554
122.3983
151.6586
151.5415
75.0093
794.3842
50.5735
453.3430
397.2350
459.7621
212.5441
878.8462
914.0722
911.1141
165.5243
485.3237
940.3972
895.3254
348.3762
575.1332
726.6484
820.2287
302.8199
617.4629
729.1434
490.5797
382.4670
58.0645
228.6387
747.9440
582.4081
756.6711
296.2228
232.5136
738.7245
613.3688
281.4287
27.0777
434.4974
407.9283
409.3412
393.3667
954.6084
642.7540
577.0739
191.2628
271.4652
389.5916
919.8835
344.2354
398.6521
964.5766
725.9109
735.8686
107.0750
803.2360
131.3366
385.4610
328.2826
585.6521
416.4833
531.5627
714.0793
969.1847
840.2821
586.0157
307.3033
567.4247
467.9265
582.0136
98.7854
528.6749
314.0646
12.0324
293.4153
532.7849
928.4290
791.4280
79.2742
599.1399
342.0154
356.2592
815.3468
946.0516
258.3861
185.6730
643.3764
262.8650
236.6480
149.2455
172.8863
780.1422
836.8853
332.3998
843.2744
262.5605
780.4903
630.4551
762.5891
126.6127
162.2124
932.9937
287.3366
312.4217
672.4938
485.8129
243.4600
506.9485
587.5753
813.6069
446.0830
672.3970
897.2155
806.0663
182.5706
499.4342
637.7025
788.1584
280.4395
766.7128
516.9107
345.2248
393.6526
490.0008
811.9556
985.1579
911.6377
578.5626
849.1159
313.7398
367.8223
247.6361
851.0032
846.6963
715.0392
467.3481
818.2035
307.3619
467.3166
543.9426
384.5444
381.8136
807.1903
778.0903
609.1333
820.9182
287.7250
207.1975
245.0100
871.0635
167.4887
279.7241
662.9378
584.9444
386.4386
452.9346
555.9491
514.9145
55.4338
484.3009
386.8252
646.9520
259.7815
523.4313
606.1692
223.0642
751.3875
609.8332
222.5357
353.5583
592.3322
173.5600
85.2742
142.6906
681.3474
931.0313
675.0349
89.2697
989.9714
550.5434
250.7843
66.8821
747.9096
346.0562
532.5591
919.8548
460.3381
231.9758
237.0547
282.9247
100.2093
407.0095
847.4206
903.2797
916.5777
95.3947
772.1838
292.9700
395.2084
426.7974
822.2252
462.2295
377.0591
327.9291
903.3430
917.5168
192.6590
928.8369
524.4523
949.7658
608.7233
258.5008
982.5916
175.6875
337.0757
751.1556
294.5201
916.9304
931.3398
831.2143
136.5355
731.5849
653.0588
916.5207
325.2021
849.3496
535.4901
975.7041
261.7055
892.4188
896.3367
530.5003
173.0554
596.2814
967.0850
597.8481
579.3036
158.4591
583.3197
94.9048
621.9928
330.2758
644.0168
594.1310
379.2440
561.2948
407.8641
108.1829
413.3424
339.4455
783.8212
46.4358
540.8865
543.3467
55.1857
102.2538
979.7827
62.6614
373.5142
752.1622
719.5079
358.2801
165.3266
460.9140
183.2774
133.1326
642.2322
306.5395
891.2058
427.8496
685.5643
424.3847
856.9753
748.5542
441.0222
968.3802
720.9675
768.7104
13.1696
122.3560
274.9634
220.2937
262.9614
753.0098
949.6354
130.3729
538.9431
649.9406
835.7204
458.1081
61.6753
778.6108
160.1618
749.7388
944.4999
597.1964
879.1164
795.8092
281.8312
368.0262
402.7552
889.4710
636.2292
238.8621
135.1773
626.8942
132.5646
2.9747
507.5196
751.6779
111.1691
555.0664
858.1258
452.2874
105.8624
464.7189
972.7193
657.2591
355.0677
34.9020
195.0092
462.2574
279.8302
175.5474
936.5015
58.1894
867.8803
306.7221
427.9066
1.1707
711.1051
366.8727
221.5602
345.0737
849.1420
840.2507
767.8884
18.9865
413.6356
530.8530
459.1512
744.9360
249.0244
718.4552
187.7045
843.9200
48.0664
732.6663
758.7833
957.5082
287.4464
329.4206
73.8619
399.0595
66.6878
711.3074
297.4197
478.8864
573.6059
927.9965
160.1571
97.6277
230.9253
566.4806
22.9292
628.7817
254.5635
656.0108
221.1073
316.0852
415.7349
392.0810
298.3561
574.3311
585.3651
289.6814
20.9767
752.4157
173.1227
737.2330
46.9370
428.8834
471.2355
643.5053
750.3611
467.2547
516.3288
49.5481
207.3745
910.6884
541.5681
565.5877
365.2427
227.3455
206.2307
184.5080
655.6005
10.1981
52.0979
968.0046
529.9563
796.4279
693.6010
299.4658
641.8401
535.8843
878.1586
114.5077
235.8718
326.9861
135.3373
245.7961
510.5685
487.9286
914.7239
291.9526
485.5173
546.0005
125.5250
845.2827
59.7902
235.1267
229.3408
36.3836
78.0587
427.3346
931.3599
110.8161
701.4644
204.0197
633.8626
471.9620
436.6102
996.9254
196.1547
433.1163
633.0314
488.8774
257.8043
569.9115
626.0652
316.2376
226.0867
734.9378
194.9253
270.7304
360.9196
282.5010
82.4717
373.0402
389.5391
820.7459
799.4203
720.8792
897.4206
1.1374
327.1801
403.5780
506.5329
606.0996
513.8159
280.1892
199.9156
236.4875
681.4178
326.3128
683.9671
648.2921
415.6820
75.0312
775.8002
707.8730
224.9932
150.0612
261.4575
695.0812
641.7330
901.6805
197.9845
501.1570
389.0445
422.5426
661.4798
139.8601
138.1231
782.3195
492.2660
202.6491
198.2464
680.0181
791.0430
271.1705
35.2315
627.8356
297.2087
886.0281
685.3718
458.4777
572.7259
296.7985
987.2536
336.5771
731.3531
609.1245
577.8013
179.4544
940.2880
133.6210
549.8404
306.6148
815.3988
78.6192
735.9979
292.8265
210.6316
978.9939
728.7188
735.2449
136.3106
184.2651
32.0652
98.9508
489.2730
795.0024
194.3398
770.2365
487.4673
457.9895
751.9012
548.3465
354.6167
133.1739
741.2895
208.7252
254.8833
919.0643
589.9768
337.1913
926.5411
745.4013
391.6341
748.2055
471.9581
710.0839
305.3795
693.4948
912.4851
727.4567
101.6408
256.6792
257.8090
620.0596
621.6478
399.0834
867.0981
141.3181
772.2421
974.7308
437.5332
906.7285
604.1029
413.8062
398.0555
223.6749
758.8983
729.6999
218.2773
654.7403
601.4079
820.5127
155.6688
783.1078
431.5167
709.3104
644.7061
484.6423
355.4460
380.4884
890.3158
614.8070
511.2454
377.1821
835.6162
996.5801
44.2180
290.8154
193.6366
346.3177
771.5056
177.9797
625.6386
162.8144
250.5210
793.1250
890.9542
833.1667
967.3960
205.5379
536.8286
12.5484
332.8238
855.1360
421.6980
374.3436
808.2921
372.2173
329.5409
549.6102
113.8437
760.8843
684.7445
22.8696
570.6695
671.4137
443.1915
524.8252
907.8993
627.2217
679.9238
368.8151
894.5122
723.1184
704.8265
580.3204
696.7187
284.2793
371.1785
809.8839
118.1866
599.5501
191.0745
214.8292
616.0715
67.8585
377.7677
838.4059
869.0798
425.8844
853.4862
267.6634
161.5133
984.5217
569.9993
2.0593
14.5028
937.6245
986.5367
877.0683
13.9795
974.6116
821.0186
33.5563
353.5094
520.3209
750.0240
427.3189
140.7725
397.2535
0.0829
196.2665
704.2043
723.1187
488.5570
666.5485
497.8622
938.1371
551.8775
816.0215
914.8326
473.3184
917.7647
327.4004
152.0266
779.0347
964.6963
479.8590
662.1553
848.3035
590.7799
895.6771
660.4566
427.2567
335.9724
141.0555
646.8782
34.2662
86.6470
439.0135
767.5028
29.5176
424.8545
952.5098
973.4980
162.3674
520.0039
841.1318
64.3047
954.3969
915.2801
957.4611
734.3459
551.6330
472.8727
58.5923
923.5801
524.4763
710.3732
57.3589
141.1676
800.8263
235.7262
518.3002
140.7360
652.0852
380.1162
590.5213
792.2998
192.1922
414.3096
524.2691
851.5317
900.4895
7.0404
750.9302
758.0503
154.0674
780.9816
281.9089
620.2862
39.3045
15.9337
700.3002
424.1236
389.3056
463.0185
386.8492
90.8562
373.9959
813.9261
178.1489
917.7506
719.2337
269.5463
503.2747
696.4372
863.5172
439.0006
836.0798
130.2585
715.3873
865.7720
573.7954
110.6155
241.2728
237.6149
15.9251
687.8417
947.9747
884.3043
47.4034
756.8495
735.5949
327.9742
318.1310
299.2869
47.7778
188.4962
354.2769
834.2978
680.4505
928.9189
620.9651
252.9918
252.8894
719.5507
192.0532
473.3092
891.6893
348.1706
657.3213
462.4452
330.2725
721.3534
647.6107
338.5237
990.1820
434.8769
110.5264
274.6026
540.4759
309.6200
343.9845
476.1888
724.0814
585.6709
654.3528
705.5591
993.4108
70.0796
521.3859
63.7722
24.6755
411.9580
516.2268
42.2995
768.9011
68.8064
981.8667
540.1539
794.4340
144.4473
91.6168
836.5745
970.3486
138.3419
225.3793
806.2502
609.5906
387.0856
702.3462
455.9141
500.6613
290.5682
832.2340
819.0443
125.0507
422.8831
110.1448
257.3855
664.6365
507.6147
324.1800
713.8897
336.7785
309.9235
455.7575
124.2263
21.9486
576.5922
697.6790
657.9609
913.0218
756.1935
536.9833
432.4518
960.0312
116.5872
591.5915
292.4669
336.9845
934.6598
625.8680
804.4897
58.0452
268.5627
221.5867
364.1864
15.9602
977.2915
476.3523
222.5813
203.0674
301.1443
766.6074
589.2458
696.7701
735.2528
497.2260
71.2071
709.2940
282.1392
354.2602
29.3219
750.4290
165.7975
914.1003
519.7832
233.2268
835.5155
76.5545
326.1091
377.9386
17.8564
981.6882
643.4445
434.1249
472.9318
728.5681
377.8660
487.3480
269.9786
907.2780
369.6759
818.8492
695.2684
42.9639
711.4340
715.7802
493.4111
328.9066
232.2491
678.7241
694.3360
967.1878
326.1719
231.5521
458.2428
318.8415
301.7120
759.8071
381.9516
739.9351
659.6282
609.6761
60.4206
942.6132
769.0304
523.9952
747.7926
577.4651
527.4746
509.2642
163.2686
886.8447
253.9311
332.1389
926.5195
79.9916
491.2548
170.7958
13.4056
610.0708
236.1431
649.2829
488.9525
525.4233
88.9295
532.1133
607.4256
113.7864
376.8232
512.2355
735.1253
325.9969
405.8443
38.5225
332.7037
253.3178
969.6727
845.5283
566.2483
920.9025
102.6085
614.8761
971.2680
900.4496
587.2049
430.3877
580.1688
909.0716
538.9616
733.8960
519.1092
691.2743
750.8928
162.5190
381.1571
855.0359
729.7434
981.8925
775.4256
459.5821
75.3036
441.9450
422.8101
459.2503
993.8237
70.1232
616.2891
194.9294
423.2529
390.2967
530.4910
230.2722
861.0872
353.5855
170.0378
76.8719
235.1376
613.9203
673.6677
496.1218
232.2278
906.0978
794.0650
981.4951
303.6223
892.5724
813.5335
760.8721
425.8656
160.6631
593.0993
964.6478
345.2447
113.7437
94.6725
542.7720
790.2355
131.1337
628.6520
513.1812
642.5422
766.7920
401.2332
99.5432
483.5478
168.2699
756.5270
228.3035
488.1833
27.8839
464.3328
265.4330
353.4464
604.3730
26.7312
785.9147
171.5257
391.9412
347.1392
194.1972
509.1581
565.5660
575.1619
622.1678
226.8567
186.4983
936.5435
244.2991
307.6184
166.2541
680.5765
44.1489
981.8610
304.9815
770.5937
942.3341
435.1807
468.2772
390.3384
746.2230
701.6161
973.9271
522.8987
757.5737
189.0297
533.0478
140.2524
72.0266
235.6167
993.6260
644.1927
114.2487
230.2222
13.7722
329.6031
968.8001
957.5724
503.2301
131.0337
929.9994
758.3984
898.3599
527.6002
433.0429
885.0641
513.2566
743.8322
855.8632
810.6775
330.2589
665.8268
650.4580
1.7301
814.1695
116.7250
55.1800
838.2275
573.4901
472.2951
405.8298
336.7651
568.4414
523.9849
573.4068
617.0580
967.5257
704.8465
419.0373
341.9503
699.9715
20.9419
105.2344
131.8008
212.3110
636.4294
606.7470
816.9999
77.3573
400.9995
313.6506
5.9721
832.6544
852.5574
976.6288
193.9647
346.7849
995.1169
359.7937
178.4519
71.1015
525.4469
559.6372
55.2263
172.4930
727.5576
886.4309
924.6616
296.9825
964.4459
439.1754
16.1121
273.6146
810.1297
599.7177
902.5051
318.7712
741.6898
179.7754
325.0779
48.4350
599.6351
696.1708
914.8442
654.8881
781.8838
362.4936
417.4896
703.3524
397.7980
832.0843
677.0967
358.8806
735.2770
486.2012
873.1366
243.9159
109.2929
262.9082
293.5720
193.9092
44.6575
586.3744
336.8557
373.4454
682.9979
332.9195
170.5530
636.1169
837.8948
707.0434
282.0001
802.1826
66.3472
930.6333
67.2982
126.7746
276.5417
208.3660
992.9917
183.8480
69.7469
487.3526
239.6544
312.9001
368.8463
947.7604
223.9045
559.7741
49.2390
382.6880
149.5456
121.3913
449.4700
806.7907
252.3993
387.6450
833.4904
579.1294
80.4556
630.3458
915.7599
491.4038
324.9017
521.3420
399.2503
275.9078
312.5918
78.5707
960.9445
161.0112
719.1604
414.8358
166.0757
917.3367
421.4305
608.9226
8.1538
679.3387
19.5569
891.0513
839.7413
715.3925
805.3009
643.9396
398.1249
716.7688
515.4940
507.6167
658.2862
735.8998
763.2054
599.1450
72.4465
9.7113
94.1291
206.7890
853.6334
618.0936
852.7265
686.9671
894.1067
551.6096
141.4294
375.8317
402.4658
426.4302
761.7439
924.8810
120.1298
564.5843
525.6141
781.5814
12.0776
39.0957
644.0342
548.9522
593.9750
16.4234
768.0109
939.4156
796.5401
328.0397
458.4044
315.2885
842.5468
758.6631
304.5647
664.1794
670.2811
591.3121
633.7655
964.3922
350.6230
853.0892
0.0228
186.0016
934.4533
770.5115
427.7647
433.2904
341.0039
6.2705
253.2215
926.9701
954.6665
300.4860
659.7134
292.9273
714.9949
529.4875
143.3925
128.2638
368.1948
901.8274
501.2823
112.8262
617.8503
734.9196
368.7794
218.0511
613.4951
195.3432
439.8021
335.3907
928.3538
574.3059
242.9610
806.4363
746.7101
963.2847
713.9355
196.0056
614.1475
697.4115
736.7339
952.1233
432.8792
238.3945
96.4326
277.6087
9.7502
428.8551
519.0463
855.9191
628.8235
369.3539
740.4259
191.0763
839.0557
125.0083
372.6537
605.9670
697.3426
335.8355
179.4318
322.6966
593.4352
470.0314
656.3972
202.7630
941.2841
72.4731
286.4982
357.3581
898.4713
352.6061
474.4802
604.2845
626.8843
807.8497
460.2498
334.2363
468.7946
354.5315
933.4074
690.6956
667.5689
866.7418
965.8813
825.6447
68.5068
992.7814
823.9582
284.5915
33.7623
598.6113
56.3649
847.9601
747.1617
809.1927
629.3452
314.7566
958.7866
80.5627
88.6892
426.2009
350.0021
326.4428
841.5973
825.6449
976.3557
217.5783
683.6715
431.1003
986.6906
437.1812
561.3042
550.1605
551.0152
495.6632
424.8665
641.5685
806.8228
604.2243
97.2396
47.4955
572.6748
381.2562
741.3134
453.4548
776.2221
311.9526
954.4726
637.9803
840.4374
593.0088
876.8372
572.2824
163.6924
710.5949
824.9659
727.2238
247.5487
326.4301
325.4051
548.6588
287.9180
977.6967
154.1890
432.3469
573.1643
488.0255
186.5673
882.5411
978.3985
317.8314
843.5426
891.5627
611.2738
330.7787
980.1098
813.5767
78.2851
249.3772
188.9968
496.6216
368.6802
635.3254
641.6478
734.8222
726.6954
835.6914
150.2864
375.7392
556.6964
512.7329
881.9464
464.3663
680.6330
252.2597
337.5306
567.5298
262.9777
179.6381
660.3883
544.9443
816.6357
197.2937
141.0738
580.6165
324.2529
224.6180
561.9828
199.6717
842.3590
172.3089
932.7494
904.9311
146.0056
354.0077
188.4107
158.7232
682.9265
665.3281
711.3840
292.1253
77.0734
672.1756
631.3670
685.4685
702.8399
230.3863
537.9101
544.4999
638.4656
516.9430
402.8986
737.6093
544.2392
256.2232
873.9170
311.2691
894.8530
640.3341
105.0813
697.0273
745.3146
60.0721
248.6494
150.7821
390.4787
431.4284
554.8671
320.9210
740.3198
671.7904
688.1413
9.2557
128.1239
426.2284
68.9074
492.9879
294.8874
249.1702
262.2888
531.3782
849.4880
88.3897
100.4201
458.1580
307.8541
965.0413
100.0803
963.5868
805.4242
576.1108
615.9729
61.8234
799.5838
596.7844
793.0944
580.6946
70.7670
713.1577
214.5210
489.3482
69.9495
627.6051
949.4089
971.7760
513.2206
254.5520
928.8105
515.9976
945.9695
199.5988
942.8692
939.1418
786.7866
665.2618
391.4442
122.1131
827.9096
408.0704
721.9064
273.8576
219.0528
710.7169
602.6349
245.5388
846.3592
643.1014
821.2276
329.9367
496.5341
365.5756
765.8050
118.2181
257.9957
894.4631
177.0543
644.6383
683.0642
609.8116
35.0367
475.4688
240.2027
804.3269
440.0249
805.3166
583.6679
742.0006
851.3502
447.0823
115.5688
649.5829
856.3426
573.6802
770.8033
655.1893
426.8061
733.9608
217.0814
68.7137
899.7064
834.5131
49.5747
186.3211
852.1042
718.1180
915.8069
144.7082
131.6382
529.3811
439.1100
251.7130
516.1071
482.4285
120.2564
494.0463
989.6257
496.6045
226.0423
805.7843
279.6359
839.1491
581.5908
678.2258
800.7049
16.4974
914.5829
736.1133
806.5729
781.1746
353.4057
472.3540
232.5526
245.2984
195.9165
334.8439
740.5671
73.7194
607.6791
828.6151
459.5031
574.7378
947.8184
524.1027
321.8117
110.6487
919.7693
117.2194
851.5384
0.3375
450.5372
278.1248
831.3623
691.8145
81.9033
273.1552
808.6534
308.5859
856.2658
335.2521
746.2887
49.2383
662.9574
481.2708
262.4576
868.6836
825.5425
454.1594
333.6672
722.9865
335.5830
585.3510
242.5340
5.6939
569.1260
586.6670
529.8960
298.2951
487.8977
785.8728
451.1287
319.4230
320.5991
786.2675
823.2615
900.0105
645.0305
978.9577
345.6577
810.7128
935.3887
183.5713
936.4508
85.4841
212.1132
397.3334
777.7921
537.3352
366.8323
789.2980
722.4071
762.6971
79.7618
672.1831
292.6313
222.7251
788.5097
881.8165
123.7644
429.6600
787.2769
42.2624
353.8736
856.8793
51.6375
434.5256
575.0130
446.4385
876.2202
811.3238
2.5454
520.5641
229.7018
808.4174
493.4616
494.5535
155.7087
985.5335
243.6267
825.9391
463.8381
615.5989
238.1459
306.5712
989.2513
242.4053
292.8098
834.4878
781.9860
583.2417
765.4002
340.5518
844.9435
223.8094
241.9831
826.5411
421.9173
587.8582
401.2781
898.6538
908.1079
249.3894
309.6424
910.0938
131.1354
664.2001
992.9530
812.0371
651.9397
292.8269
942.4817
854.2556
500.8736
291.8344
446.7796
520.5910
68.0429
500.5133
975.5905
202.1561
773.3408
101.2016
887.2943
834.6647
114.2516
742.6210
632.8205
201.4837
288.6985
737.1318
389.8283
28.8459
326.6918
33.3985
509.4130
504.8541
767.6753
311.2162
159.0810
917.7790
312.9405
638.5440
277.3589
71.3456
758.8096
498.3755
618.6505
569.0339
64.3839
556.9360
616.3106
941.5207
65.5803
923.1727
673.8830
515.2783
851.2591
273.8083
758.6990
475.0564
44.6835
583.8965
865.4355
323.9152
931.3249
342.2634
353.0994
354.8711
462.8488
881.1641
301.4417
237.7390
911.2981
166.0912
261.8754
3.2891
259.6491
88.2794
397.2245
956.3731
761.5073
715.7260
66.2289
593.2097
346.9426
202.9767
451.2708
299.9995
938.2203
334.0700
288.9597
854.2787
225.2143
212.2132
854.2214
200.9227
983.8507
558.3415
869.0609
227.3038
193.0465
875.0111
547.6321
788.8890
488.9998
861.6562
313.8725
810.7900
667.9410
379.3910
949.4982
703.7553
262.5592
243.9246
112.5946
185.9187
638.2922
836.5452
112.5319
24.2044
705.1506
121.1615
949.0393
188.2441
470.0229
868.5647
161.4431
947.5159
737.5361
546.9339
548.3889
356.1811
474.4062
683.0438
75.3922
593.0026
513.4501
191.7861
592.1276
359.1863
116.9672
63.0875
182.2366
574.6972
822.3130
641.2384
396.8224
507.2341
786.6212
451.6067
245.3750
404.2680
623.9789
299.5715
435.6483
557.0133
124.1507
714.3588
8.6703
775.2226
226.5712
705.6551
932.2770
760.2116
9.8151
594.4380
794.0707
750.4776
910.5600
228.6191
183.8377
709.5628
156.9848
837.8813
269.7827
114.3562
631.0894
684.6603
698.6862
491.5658
249.6238
141.3122
979.0266
775.7215
515.0805
826.3412
422.2680
358.3116
260.6479
859.1247
120.3501
830.6209
992.3419
545.7633
713.6564
864.9747
546.0079
660.0421
248.3610
350.8073
595.2551
939.6415
536.5992
123.3469
601.2767
843.8623
680.9690
957.8662
473.3083
11.2709
9.4960
579.4871
26.1547
266.5673
788.4468
108.2017
679.3286
181.4853
524.8415
855.9549
187.7473
755.3728
25.6914
871.4966
356.6133
319.9739
605.3297
378.3947
349.0851
982.2526
639.1849
828.6682
626.2608
200.5904
430.4927
632.8125
284.1767
921.4494
745.0902
159.8053
596.2516
920.2075
906.5333
932.0001
887.3101
77.9928
77.7816
958.1431
370.1561
262.0835
919.7868
62.0845
340.4841
739.2362
356.3051
73.5025
789.3732
570.8055
867.9886
553.3330
737.1022
866.8399
535.5743
873.6717
905.4585
639.7715
237.1974
219.8686
955.2026
357.0201
17.0530
607.8102
268.6048
805.0931
903.8468
709.3724
549.9003
852.8047
48.4956
879.1196
821.3243
84.6629
218.7237
998.2865
253.1820
649.0099
97.0692
252.7216
822.7811
265.9825
832.9734
978.9432
333.4950
9.5409
223.0363
833.3325
99.0381
362.1745
880.6993
621.1162
349.0333
485.9952
699.7751
993.1131
772.4391
19.4413
117.6675
812.1864
756.2013
890.6922
983.9437
409.4306
289.0034
708.3130
557.5074
955.7125
519.4904
172.0248
918.4622
171.8335
879.8065
45.2829
24.8171
810.9222
267.3815
904.6752
474.2262
5.1579
512.7599
501.5733
548.6614
44.4980
319.2035
449.4309
470.7808
541.4496
377.9326
474.5478
914.8376
551.7864
355.1291
513.8662
369.2092
72.3921
16.4209
836.0629
298.7507
245.1831
175.9410
840.5620
620.9134
45.9247
628.3858
190.8993
562.1699
313.8887
133.8901
125.1874
0.9966
226.2036
240.7667
142.1959
850.9298
668.7758
633.2365
159.1721
517.9585
693.3706
132.0521
167.9933
600.5866
707.7723
85.7457
590.1258
277.4349
150.9333
764.0250
818.6776
520.5434
456.4390
145.9104
825.1112
556.9463
912.8612
229.9921
537.4875
335.3256
638.4125
976.2655
283.7665
672.6372
662.4782
521.0400
648.8531
811.5633
83.1454
882.6260
894.9063
13.1703
921.2028
868.9967
660.6555
152.4862
278.9837
4.7896
667.2032
986.3063
322.7224
703.2436
531.1269
800.4749
806.7244
250.4587
615.8724
399.3864
735.4496
92.9193
79.3309
24.7404
141.5437
607.3637
703.7889
771.3238
55.5397
316.2621
276.7058
117.1680
161.3463
371.8158
472.2340
938.0820
337.1849
580.1256
89.3463
276.1795
848.9568
28.7110
927.0505
695.5137
570.6296
536.3991
469.1919
739.5098
241.5607
995.0404
84.4129
283.0369
654.1445
684.2146
163.9887
85.3811
525.5841
695.8396
890.2233
382.4717
82.9899
290.9526
478.1710
539.8192
216.2562
446.8092
447.8614
591.9201
917.7410
362.6851
235.7609
373.7790
221.2304
273.8726
762.5741
69.6954
439.2213
745.7182
147.3340
738.7225
481.6689
738.5365
302.1740
274.6423
346.3207
982.0585
790.5906
372.6338
448.4952
917.7442
938.0288
390.3545
689.6125
693.4788
209.3277
702.7206
373.6642
756.0562
729.9020
712.3015
945.4604
464.1106
983.9681
740.5459
233.1317
357.5073
275.9875
84.3394
866.7967
74.9721
739.6608
384.6197
995.2452
90.0218
389.2432
185.7774
783.2725
815.0841
607.5941
794.5094
41.5648
995.3380
293.1839
597.5197
965.9251
749.7555
675.1342
260.2081
131.1959
974.4351
207.5142
519.1211
101.3431
740.9518
246.8598
740.5734
91.5591
212.6702
152.1544
147.9454
309.8740
891.4431
143.9370
404.3107
481.4334
150.8944
274.0090
656.9251
517.4964
749.2486
520.0761
337.0975
321.2691
574.8896
233.0229
143.5842
963.4035
5.2873
941.9900
512.1095
317.5261
912.9138
168.7684
880.0936
219.2182
182.8019
871.1541
231.7923
228.0288
490.9219
548.0234
216.7484
969.2170
701.9735
611.3678
771.7060
818.2928
455.2618
757.6962
192.2850
575.1742
340.3196
752.1952
413.0785
933.1631
452.7462
463.6373
189.6674
191.9848
458.7057
207.6992
885.7203
865.4331
643.0479
778.8127
86.2372
133.5274
3.0159
532.3488
903.8240
84.9042
579.5846
646.6603
518.7126
100.8341
94.0277
703.3999
26.1225
195.9810
189.3394
696.1675
777.6957
339.0366
133.0241
14.7181
157.5832
680.1818
578.2183
34.7425
486.6791
852.1478
705.2878
258.6325
643.6767
774.2467
336.2374
666.7713
10.6554
405.7930
103.4258
823.1804
961.2161
842.1671
800.1964
828.8723
797.1381
978.7786
816.2717
420.4738
796.6195
505.9222
549.4817
966.5282
183.6821
577.9379
307.7934
914.9530
877.9846
927.5711
761.2861
382.8318
118.3146
309.9043
890.4544
81.1842
861.4379
907.3789
231.3971
833.3816
590.7898
541.0765
390.9219
931.5658
345.8985
142.2225
730.0026
122.5436
835.8816
940.3090
584.8780
813.6255
180.8674
509.7716
717.6159
521.7194
498.9498
62.6765
550.3953
310.0083
683.4804
204.5888
548.0855
242.5260
741.0840
843.0072
599.9641
510.9231
372.9721
721.0572
45.0399
260.7454
299.8391
899.6830
209.5028
734.6869
197.0070
625.4704
592.7397
167.5781
866.0990
135.2646
155.3691
210.8815
327.9976
706.4431
977.2724
346.6869
27.0126
798.1518
305.2236
2.0668
498.0906
971.7819
70.5192
277.8466
963.2501
136.0646
228.2735
717.4147
94.5448
964.7209
939.0984
312.7227
702.3086
75.5954
106.8605
911.1764
378.2463
280.1204
913.5091
159.1397
130.3165
885.4060
564.9496
568.1162
334.8945
722.9290
152.8087
465.8431
820.9793
972.0547
726.6265
190.2398
957.7345
738.8396
981.4558
951.1261
81.7940
346.1378
690.3340
69.2325
206.7966
766.1885
645.5669
351.4157
293.9339
23.7343
882.1101
741.4819
880.4299
570.3194
69.6620
8.4147
252.3138
760.1539
58.9776
28.6459
634.8865
927.8166
293.1120
710.9113
226.8404
185.8077
376.8685
666.3505
552.4849
255.6674
69.0997
573.5944
489.2027
569.9795
108.9900
660.3612
710.6869
157.3763
424.5525
657.8525
692.0853
830.4754
430.2560
296.4303
379.9389
418.1461
318.1512
453.3685
832.3770
940.0123
691.0196
809.5135
623.2719
441.6261
736.0202
847.0358
816.6834
421.4263
316.9994
86.9609
989.0574
410.0063
333.9100
871.1203
113.8476
590.9441
171.0348
732.4492
37.9096
935.3740
807.3931
990.3697
62.1537
358.2405
721.6123
273.6573
253.6574
446.8289
359.7353
322.6214
894.4326
335.3033
416.2479
60.4263
727.0478
318.8853
227.7678
661.7682
492.8429
528.4432
600.6534
706.3036
205.2538
208.1342
34.5726
222.9994
563.7317
616.7888
518.1802
351.8332
74.5211
190.8701
341.7159
755.9933
66.7794
610.5166
974.0515
532.7926
245.6902
332.1827
389.3196
815.9896
268.0627
414.5681
234.8431
4.6407
299.3872
911.7444
985.7691
995.8697
227.2708
806.8644
249.6637
801.5754
19.2447
891.6256
846.5845
44.1997
225.2251
295.7752
19.5883
176.1513
610.7392
748.1026
309.7082
712.3995
202.4049
339.4783
322.6211
515.1011
476.6622
916.8204
291.4718
91.7817
772.0064
834.4838
685.1792
510.7676
378.5429
942.9983
626.1443
861.5656
664.4384
165.6955
535.6340
585.2918
889.9076
985.8460
803.1889
540.9713
889.3659
904.5758
354.8457
432.7170
636.5697
814.1039
461.7166
76.3694
519.1724
451.1454
172.6367
617.2080
17.7576
554.6173
833.5489
79.9776
141.0772
58.5986
283.7892
365.3361
70.9214
180.0283
786.9824
102.4151
820.4998
590.7245
150.2439
286.5838
6.4904
460.2261
670.6469
663.0717
473.5763
884.8030
818.7732
370.7140
142.7935
45.3513
636.6784
257.7145
755.5219
67.2527
425.2417
0.1193
230.0683
976.9938
998.8805
269.2393
526.3599
741.0726
24.0927
680.8138
113.5564
813.6958
535.4224
470.9659
21.1694
747.8912
735.8738
716.6493
51.6521
148.2186
764.0459
41.7511
712.2622
49.0283
690.8244
84.7709
524.8494
701.2098
333.4691
406.2098
685.4378
990.9205
117.7039
167.3366
694.1547
834.6753
424.4292
602.4761
738.8722
384.4853
603.1444
545.1652
625.6919
646.2499
682.9852
576.8128
180.9182
964.4971
86.1568
609.2951
299.0528
34.3968
794.1924
689.8772
668.2340
853.5180
853.2168
719.6169
236.4708
754.1339
452.6068
933.5650
931.5325
833.0758
615.4239
412.3556
687.3137
976.9633
353.7092
450.4438
332.7311
95.3465
840.2177
673.3409
481.2290
140.9324
448.4949
220.4225
357.0378
804.8349
370.6751
583.6857
512.0533
1.6801
791.6462
598.1587
655.4433
899.5359
355.6005
568.3002
452.8599
927.3648
36.8171
709.7412
463.7227
562.3991
99.3407
937.9112
587.7508
740.0333
932.2279
982.6935
743.4730
468.3291
573.0537
840.2175
549.1897
672.4627
912.1658
519.9171
526.9465
483.1259
464.6995
318.6731
131.4384
574.9677
439.6740
31.8731
62.6432
725.4884
943.1599
394.7400
375.6385
859.8983
246.5656
151.6117
214.8566
778.0226
626.9162
761.5722
913.6804
913.6852
972.5751
756.9509
181.5280
607.2692
564.7875
835.8810
423.1570
212.7514
460.6304
725.7663
533.1462
242.9508
290.0592
808.1800
408.9489
382.1070
803.7009
745.9400
154.1375
336.2685
349.6788
153.4230
294.1794
547.0449
754.9199
914.9063
853.7323
597.4982
336.4215
585.7391
685.2993
45.6888
500.6044
421.3080
149.7232
228.6854
673.1237
321.6526
511.3215
872.6210
671.3962
462.2976
238.4150
264.0178
67.9235
616.7633
720.5927
683.0329
695.7955
156.9347
989.9201
83.0749
215.2886
237.8665
302.1527
688.6323
768.7944
998.8235
557.0778
770.3389
343.4518
937.3755
405.6694
288.7416
905.2638
713.0915
991.3865
416.6902
458.5627
886.1263
494.9991
58.5155
69.8589
659.6499
181.9602
335.3704
169.1877
905.6905
179.2387
471.6577
251.8805
990.7550
534.2810
638.2751
365.4172
851.6851
83.4133
990.1516
484.0286
938.3335
45.8190
550.5514
709.9585
795.7908
241.9180
783.5384
571.7267
677.6738
885.0163
90.4798
168.0464
617.8700
134.7749
580.0192
585.0611
906.8120
104.0390
290.5558
307.8961
580.9984
410.2973
915.9844
778.6335
258.6507
670.7554
557.8680
461.0112
983.4012
65.9170
5.8930
708.2556
938.9875
162.0815
261.0918
543.1917
735.0228
703.1454
634.8302
111.8946
423.1097
174.3596
601.3213
554.4051
685.3533
609.6316
249.9605
23.3194
241.6242
213.9457
418.8328
237.2761
26.6324
800.2145
66.6273
3.3838
538.2551
343.6043
641.6765
688.0393
517.6789
719.7049
691.1513
595.9373
647.4492
89.4404
721.4371
264.7525
982.5192
798.3805
472.7039
742.0537
602.2515
721.9328
112.5768
456.4892
48.4642
235.9950
990.8584
442.1172
482.7167
932.3749
171.4571
33.7474
723.4258
641.0897
887.1804
897.9581
660.8612
278.0917
574.4711
398.6247
239.6661
458.1264
185.2811
566.0525
690.8336
993.2732
326.6213
137.2286
711.6056
979.5019
248.6017
44.7172
248.0754
470.0068
309.4846
973.1043
564.0134
466.2107
129.6379
302.8074
535.5944
143.5449
677.2455
92.8526
854.3932
581.7434
932.5670
123.2121
350.4140
568.5940
67.0967
498.2168
963.1552
801.0493
378.1111
441.9919
204.5061
691.2492
937.4224
398.8533
710.9007
444.6246
63.3952
45.2046
635.4566
321.2075
436.3710
781.6195
712.1005
344.8033
176.9026
786.7473
88.4373
570.3259
672.8541
924.7942
98.2763
237.4875
613.3427
946.3575
66.0058
850.4198
410.2739
643.9132
439.7688
486.2698
326.8085
405.0100
315.8392
676.3962
202.6386
902.4363
231.8224
541.6773
652.6297
206.3108
268.1890
113.8314
210.3004
517.5307
906.0087
104.8042
396.8980
174.4520
946.2532
112.8184
108.0016
182.0769
369.9789
468.0378
601.7096
698.2830
234.4274
859.0399
320.2508
317.3348
142.4780
463.1768
540.3366
975.0311
219.5439
789.6316
425.9581
189.3533
114.9196
837.1065
764.0189
193.6139
580.8307
629.3539
497.3766
871.5121
349.4912
426.7782
231.6612
448.0636
663.8634
933.4896
723.2939
124.1734
906.0169
508.1312
689.2286
222.8462
795.5224
439.5604
405.0737
686.0788
416.4834
386.1512
37.2109
541.4784
8.0080
604.2346
215.0465
565.4349
577.8368
199.3791
775.3740
92.4114
466.5115
945.5205
513.4972
816.7964
554.1815
609.0693
23.5410
104.4048
700.0146
206.8874
311.1794
983.6369
292.3915
264.3610
727.7854
732.3220
38.3119
305.6892
631.3888
740.3541
411.6051
169.6412
860.1014
358.9673
872.2095
636.6600
817.1845
308.5609
354.6947
850.0908
493.6543
134.7381
69.4378
214.9893
549.6706
931.6818
28.2982
438.8994
603.2365
252.3206
361.6012
997.3862
370.0132
877.1361
852.4775
547.3666
619.0717
995.1417
790.6144
6.9261
433.9649
390.5257
123.8227
941.4505
510.5042
858.9122
880.7514
938.0238
825.9889
158.1734
483.0041
680.7978
532.5624
450.7450
602.1628
221.2889
99.8958
745.6148
257.9768
572.0789
330.5296
555.7927
485.4195
612.3742
73.6091
450.3942
586.8830
537.7367
419.4051
752.4459
783.8872
658.6513
108.9332
378.2328
527.8138
537.4454
606.0202
204.9332
234.9182
720.7084
660.3001
932.8375
155.5538
581.1536
193.3711
341.3315
631.4490
789.7776
53.1376
590.9065
418.7335
465.2407
530.2753
837.3772
621.5559
405.8983
499.7150
973.4462
218.3514
825.4603
577.2011
195.0360
363.0950
125.6509
729.2764
278.3786
621.3191
110.0885
52.5264
31.1293
220.8946
920.9270
949.7727
340.1294
581.5544
305.2179
397.4350
205.5127
405.4668
554.4604
899.1227
418.9498
709.6802
378.1031
996.6048
604.8560
953.9585
572.3118
291.3366
486.1914
384.3755
260.7392
330.2868
603.5590
665.4806
353.1987
6.8566
786.6034
635.7606
240.6263
841.6492
995.3113
80.8097
720.5947
797.9749
556.7633
710.2359
394.9331
808.7995
235.0229
612.7716
78.8320
837.7096
174.6807
510.7748
662.1099
678.5261
180.7434
837.9238
302.3759
825.8004
550.9950
222.0195
797.6281
497.2068
635.2954
696.0468
81.6879
966.9700
838.0800
98.2773
664.0705
95.8423
151.4385
719.9165
419.1781
178.9478
234.5476
391.0129
277.5643
12.9523
274.6703
234.0138
319.1303
581.1570
469.3454
590.2892
470.8982
495.8613
337.8116
361.1563
527.4800
849.2064
325.0867
127.8736
823.1928
233.7806
350.3226
539.5176
961.0364
958.8809
845.3132
37.2169
20.1422
373.5303
378.6503
337.0958
342.0177
205.1962
791.2920
481.1478
246.0338
850.8549
812.1892
563.7579
212.7704
263.3101
300.5212
394.9824
502.3411
243.1249
244.7037
385.2599
49.0807
673.7233
106.4389
530.9383
589.0466
863.7866
930.2766
720.5034
88.1263
276.1184
366.1783
918.4517
628.1880
391.1288
252.2366
833.3600
446.5840
900.2207
180.4075
905.1786
936.6496
869.4253
539.6704
61.6677
375.0955
296.9568
888.3838
445.0857
169.6544
831.9789
983.6627
478.9440
660.3125
765.4337
399.8299
949.9286
999.0917
951.5063
700.1693
922.3090
195.1617
542.9984
356.9574
848.0130
138.6169
601.0585
949.9044
466.4748
988.0556
857.8433
413.7671
283.7808
60.7403
418.0457
240.3305
904.7443
376.9005
838.7121
693.9608
237.5921
779.3226
102.9863
667.5403
318.8525
307.8316
196.4566
65.8861
829.1569
501.1583
441.6982
777.1119
771.7005
247.4343
724.8979
593.9261
662.3117
835.5120
744.6037
853.5066
639.8788
822.3177
373.0479
171.9535
493.5048
981.3933
30.2289
423.7314
791.5350
970.1773
912.3960
185.2032
933.8200
815.1331
520.2352
439.4275
729.6052
174.2722
38.5761
56.5291
619.1937
514.1028
691.9819
940.2532
81.2301
386.5144
548.0949
572.3463
429.9371
213.1003
833.2841
978.9943
619.9042
481.7455
750.8037
537.6268
421.8562
993.8021
396.2148
297.4329
655.4904
61.0809
187.4266
938.7470
881.9272
634.2339
732.5228
321.2716
891.1571
678.4138
990.6465
74.3093
732.5003
176.7113
962.2445
482.6614
373.9421
696.5489
708.1007
991.3123
203.3000
335.0103
504.6203
726.6968
986.8908
190.7579
70.0246
885.2399
778.3144
269.7078
805.2447
833.1186
727.0715
844.4979
31.8765
825.7718
818.9595
221.6604
571.6841
658.7043
412.7280
544.3545
875.0838
863.1560
29.5046
442.5230
876.8190
801.9815
814.2131
124.5934
691.2228
914.2452
627.7002
737.2792
167.2550
337.4652
702.6027
427.7916
988.6857
630.3060
939.0858
225.0092
307.6232
96.8223
433.2026
742.3469
576.2685
42.9546
744.7740
799.2968
382.9921
98.5960
711.6227
430.4911
785.8864
670.6247
381.3190
262.8398
724.2018
866.6468
300.2820
341.3513
558.2370
680.7647
894.6924
309.0491
182.1751
828.2125
256.6839
989.4282
27.1552
755.5664
648.9296
367.6256
856.3637
801.9863
954.6148
583.4030
603.0226
142.3678
558.3972
407.4034
809.8073
232.4005
387.0352
511.1168
891.1122
588.7606
233.7570
898.7032
792.1751
748.8642
496.7817
455.0438
327.7111
836.5818
839.7692
181.2029
321.6580
686.1914
680.9417
817.3067
719.4260
471.0758
602.4961
176.7261
722.1327
13.2481
214.7443
605.3218
987.1113
321.4350
444.3004
306.0323
185.4749
600.9155
926.1755
792.5427
401.2826
744.7702
661.5958
620.4753
183.1622
776.7059
56.0775
433.2662
322.9166
370.8807
65.9810
401.0649
92.6268
598.4586
578.3618
545.5058
286.4434
875.1180
68.5242
215.3247
89.2496
296.5011
361.8613
473.2711
328.2941
617.1812
792.2326
904.0092
578.3844
979.0805
949.9860
743.8436
932.0471
181.2015
556.4130
441.4269
749.7090
204.4311
29.9606
323.8203
50.9902
707.3581
597.4720
844.8063
911.1829
80.4140
421.8681
746.6056
703.6017
383.9430
536.6593
113.7783
286.9825
303.1386
878.6209
71.3032
923.4320
553.1492
235.9727
10.2973
725.5688
272.8124
648.7279
826.6028
890.2961
208.5594
693.5108
863.5956
260.5823
130.2966
411.8519
525.8099
987.4470
641.1071
514.0098
931.6284
368.6990
86.9097
628.5736
757.2397
61.1476
346.1238
792.0613
114.4669
162.0364
100.3114
247.7107
817.9023
635.6663
441.6895
351.4095
549.7762
261.3472
654.6272
514.4524
27.3571
300.1725
926.2623
590.6442
82.5967
690.7800
443.2496
361.0610
962.5306
437.2197
175.1435
647.6675
454.4889
865.6148
562.9425
590.1376
520.3396
206.5216
180.0875
505.7378
128.3818
632.8787
218.5278
47.4681
151.5515
29.5606
87.9101
368.7834
475.7336
103.4190
291.9397
936.0330
243.1582
718.5761
747.6538
503.9023
478.9652
355.7920
943.8154
978.7199
330.8372
555.7868
218.6597
251.3997
968.0494
133.7664
915.8310
852.5953
499.8508
398.3264
402.8091
737.8963
505.7391
499.4326
511.3260
250.1610
219.6128
219.1107
540.7961
790.7796
269.6119
555.1254
900.6587
79.4768
120.3920
928.1885
535.5682
709.7128
246.5811
773.0691
755.2646
622.7558
56.8154
829.8514
861.7936
9.5709
793.6385
142.3452
170.3086
156.2634
835.2544
73.0357
251.7797
452.1269
464.6290
118.2219
430.9140
13.9047
320.1791
769.1453
178.4766
836.0643
864.6691
533.3209
912.1309
496.4413
984.4633
872.3140
869.5346
294.4231
341.2266
614.1253
418.2659
530.8304
500.3974
821.1853
141.9408
3.7146
763.7321
647.6130
607.3418
298.8721
860.4782
159.9248
449.2211
55.2212
137.3775
922.1815
759.8236
801.3434
960.1435
167.7183
790.5760
183.8718
400.4778
864.3728
517.2829
910.7293
566.1729
7.2845
370.8180
975.1946
147.7027
887.5725
724.6619
28.0634
567.3727
636.5749
925.5240
563.6164
239.0700
389.2719
512.3412
884.5743
991.4755
105.0433
712.8316
750.3295
778.0743
858.9821
295.1872
430.0838
864.2469
854.0064
269.4131
494.7264
117.6166
569.4392
306.5041
479.1253
979.8801
629.1919
937.0378
27.2258
5.2883
957.5927
921.9316
901.3937
210.0857
163.9041
898.7381
100.3064
319.0265
422.9429
404.6854
185.1289
953.1218
745.5007
777.1588
368.2030
900.1972
76.2860
945.4761
985.3625
364.7178
484.6889
204.3824
197.6251
732.4734
593.6210
614.3185
845.8752
905.9827
957.8610
336.5813
68.5962
162.0266
567.2778
402.4731
444.0725
702.1399
282.0230
751.8343
298.1874
668.2683
197.4479
667.7042
84.9749
11.6690
750.9509
517.5653
685.7526
814.1181
183.6455
670.7728
741.2395
576.9630
798.5363
48.8397
169.6487
144.9186
74.7709
789.7387
156.2404
536.1700
284.4405
468.0028
110.1774
282.6916
424.6219
602.8895
78.8177
923.8475
879.4360
38.5954
747.3122
192.0600
304.1621
463.5254
761.1153
108.8551
584.7295
611.7567
805.8174
368.1078
76.7726
562.8464
149.9671
237.9218
818.7947
94.2778
933.4678
639.6263
486.5241
674.4058
452.0032
536.1356
946.3990
20.9885
226.6656
72.1781
202.5484
101.6128
365.2989
670.8200
895.4974
85.0126
57.6841
828.7708
249.9082
209.5358
825.0845
991.0618
100.0091
29.2390
246.3767
830.9787
111.8060
165.7924
518.3389
873.9063
5.5087
390.3874
902.6617
249.6634
846.5338
538.3611
621.2953
0.2848
40.3435
388.2665
821.7693
234.1861
585.9470
6.9025
273.2036
740.6555
894.6079
800.0520
89.8509
343.1581
862.9266
196.0289
915.8234
968.6931
461.8661
441.5743
148.5648
605.7615
920.3459
567.9920
877.0874
547.4679
361.1232
436.4103
976.0498
767.3204
993.7929
558.6662
572.6460
470.7546
523.6606
402.3780
465.2116
466.7985
315.8703
64.7434
892.1139
112.1653
551.2751
258.1592
333.2534
851.3101
572.8287
152.6627
678.2029
888.1082
997.5351
584.4566
499.0364
514.4951
695.5054
8.2473
68.8227
311.0543
783.9811
62.4336
342.4851
132.3703
84.8278
995.2547
42.7762
322.5663
717.5808
272.0632
620.5984
243.7853
662.5353
792.0953
624.0858
700.4373
828.6664
215.7027
562.0753
318.1302
175.0725
89.2525
519.8747
657.1906
98.9928
594.8661
535.9764
381.0411
997.4351
783.3186
452.5090
299.4618
165.3096
145.8578
601.8010
116.4103
220.5677
506.8170
498.2749
888.7963
61.7862
290.4329
784.2307
927.0727
750.8293
508.8155
704.4022
757.2110
885.3277
936.1046
216.7082
31.4059
513.4668
101.5218
175.9126
230.7771
742.3689
819.8266
950.9038
145.3090
409.5517
539.6550
918.7210
414.0770
16.5158
196.2938
273.5555
48.1409
928.5926
611.8136
884.7921
414.6079
428.9719
623.6074
725.5366
489.9044
900.1329
977.5921
329.2963
45.4937
702.7765
421.3133
689.6488
506.3537
782.0911
836.8530
591.3817
825.6738
203.4248
34.5927
448.9357
902.0936
521.8331
983.0269
969.9874
50.0923
330.5178
534.0683
638.8784
13.7720
593.1994
972.0547
746.9477
829.4014
114.9918
939.6101
589.4228
759.9632
372.0604
639.9452
21.7812
960.5124
295.8582
775.2324
251.4618
274.7026
84.4422
240.9938
51.3715
160.0913
799.0606
713.5274
806.5834
933.9644
932.4520
130.7786
155.4437
289.9614
107.3988
664.1605
9.1721
852.4097
509.0411
472.0348
677.1517
736.9245
534.3583
768.7892
267.0358
816.0598
364.3754
920.1786
638.6153
348.8736
111.7138
758.1119
996.3112
218.5522
166.0733
144.2390
322.9523
166.2426
584.5922
752.9823
755.6186
885.8755
283.4909
991.3175
774.5807
288.9630
87.5712
68.3423
801.3460
958.2502
105.2725
432.4596
860.8746
725.6035
910.1846
361.8436
775.9240
670.0783
585.0725
677.6449
958.2085
507.7332
666.8300
138.7878
729.2534
740.3794
124.4540
715.7541
686.5510
627.1449
909.1990
599.6500
73.1461
405.8517
895.7391
44.2773
21.2850
348.0586
727.0190
983.3267
870.0417
717.9171
213.3969
37.5963
907.1277
902.7936
877.4459
102.1194
927.2415
755.5396
438.6822
373.7487
415.0929
389.5971
70.2849
455.6657
625.3428
994.7543
540.8869
258.8732
766.1184
428.2253
886.2738
201.8018
74.7854
935.1209
854.9693
391.9952
675.4429
860.2758
590.9085
841.6755
326.5653
860.9955
672.2272
289.2591
633.7746
693.9848
193.0960
219.9839
727.6685
811.6002
828.3544
132.2354
585.3144
709.3838
995.2859
592.8905
734.6340
901.2456
768.0312
514.8573
436.0804
401.7005
244.9815
515.3679
947.3052
451.3617
890.8073
115.9354
427.6230
542.0759
888.3848
976.7808
994.5703
825.3378
24.7885
438.7026
312.1612
395.2419
941.6756
719.8667
581.1318
539.7086
759.3799
389.2836
313.4918
368.0757
698.5741
72.1729
56.1897
197.3699
896.0409
400.3480
306.3182
999.7035
894.4629
639.9793
398.5730
583.0539
391.4438
561.7979
909.6393
579.9927
529.3198
307.6986
109.3558
985.3694
225.5245
302.0477
159.5744
30.0481
622.2965
351.9829
151.5629
94.3238
89.4368
472.0544
403.4109
233.3519
862.4529
574.8183
755.9152
844.6059
166.3339
945.1100
194.6859
103.7425
581.2883
655.8755
645.7029
28.7812
979.0537
672.0249
837.0883
395.3743
529.9058
852.0033
152.6758
521.1307
237.4945
423.7728
192.6743
878.4235
660.8781
86.2300
323.1747
137.1561
751.6726
690.0527
655.5530
16.9246
81.9091
237.8323
74.7340
412.4755
89.3622
787.8231
834.7282
418.7846
706.1245
665.8200
473.8020
321.7611
117.6573
598.9952
640.6459
874.4074
939.8564
300.2229
934.3817
856.9788
82.5503
96.0029
90.5263
733.4633
877.5674
573.0286
258.3823
488.7843
243.8798
816.1865
777.3948
348.2099
705.3472
672.0940
64.7376
791.8142
384.0207
855.3787
464.9837
931.8020
184.8211
8.4666
602.2281
539.9744
478.0775
849.8290
348.4246
292.7440
868.1092
317.9711
614.0632
67.8437
782.7938
536.3651
783.5998
132.6727
235.0271
95.8103
506.8761
249.4609
227.7625
303.4849
774.1484
118.3066
517.2409
942.2980
275.9630
542.4456
508.4810
37.2279
475.7309
735.6693
383.6087
929.1705
293.0119
963.8815
199.9220
934.1282
891.3232
139.4647
477.1055
256.1682
633.6861
5.3445
795.8066
253.4137
929.2971
472.1203
937.7901
177.5596
78.6017
68.9415
747.1209
415.1382
135.8714
304.5753
669.9982
605.7229
212.7711
633.1284
362.2408
754.9288
90.3337
265.0533
883.6521
155.9563
445.7027
538.1721
162.7874
33.4101
346.9465
238.7933
861.1960
309.6329
539.0505
11.6472
599.0425
733.3617
473.9405
712.2059
177.9569
252.6866
201.0997
227.4050
595.9218
149.9930
411.1515
937.1668
329.7218
512.6966
768.1462
150.2855
103.9499
405.8697
502.9725
233.2040
38.5449
87.2924
265.6462
962.9237
146.7377
279.6217
646.7830
407.0534
406.0887
702.3329
330.6829
373.1537
73.4446
374.8967
298.6453
527.6778
485.2084
834.6518
145.5582
864.6412
293.8065
982.6570
29.6229
385.8368
226.0234
53.4456
523.2559
332.4163
722.8602
481.4257
868.4721
65.5756
298.3272
47.8996
208.3962
570.0664
310.6609
296.2977
200.4424
571.4336
226.8681
603.1760
557.9569
195.9394
735.8060
161.6015
249.1673
820.8679
551.0712
817.5413
31.8600
496.2409
543.3666
302.2968
64.4694
971.5579
376.9933
273.2588
310.7082
782.5178
468.7550
819.5986
277.9184
179.7272
580.4037
628.9170
711.8256
949.4645
11.4685
767.1294
219.1400
850.4573
844.8118
96.6012
688.3404
365.7944
718.8873
19.8846
986.4935
839.6618
646.5714
949.2281
513.8369
63.7922
702.2064
597.8665
795.5061
144.7434
919.5139
386.3687
271.1039
734.8841
8.7739
185.4744
288.4031
423.2005
722.1186
758.6144
28.2979
125.6601
166.3208
271.9708
258.5223
138.1045
682.3868
194.0408
568.3967
879.2955
189.3474
264.8930
834.9634
771.9392
926.3476
750.3713
458.3953
835.8984
35.8084
118.7422
638.1248
560.7512
713.5228
625.8712
552.3784
890.2810
656.9397
103.2575
7.1659
700.7207
799.4325
160.8720
170.3107
888.2402
429.6167
67.3920
565.9293
852.7551
884.5636
77.2749
45.3922
493.5760
22.8724
858.4676
610.1614
679.0413
588.7653
441.8290
74.6754
967.4451
78.0755
943.4547
224.0065
148.8504
412.0682
796.2464
967.8948
721.1827
771.2120
312.3209
588.5742
695.6764
334.3683
545.4193
127.3435
554.0420
856.8911
699.6912
753.2743
311.7768
797.6474
863.1759
234.9101
326.2161
318.1534
305.2676
582.1971
433.0853
123.2517
314.8422
901.1869
516.2345
150.5453
607.6914
782.5031
609.6875
901.1066
757.3926
418.4062
286.0365
351.4195
174.2261
379.1020
797.1267
164.9629
100.3763
844.0150
473.7226
993.0604
500.5920
470.7550
732.2753
459.1975
733.6205
301.3770
971.0231
564.2881
216.1048
303.1429
74.9866
117.0827
678.8602
320.0166
741.9656
767.8910
612.2739
78.3901
898.4126
962.3502
312.2191
568.6091
348.8524
276.4946
704.9183
949.3422
224.1807
905.4277
425.9008
597.3234
616.2741
312.7333
171.2838
953.1353
372.4714
673.7008
940.1800
178.9854
110.9722
98.8986
42.4209
805.8828
653.2178
787.5565
556.7356
733.3198
608.2001
932.3172
208.3602
853.9926
349.0763
958.2879
420.1956
29.9729
810.5339
887.3330
627.6116
428.8993
627.3463
565.7901
512.4505
339.0425
738.6796
999.8601
735.5822
894.3942
973.3435
419.8576
560.5682
380.4203
739.5539
237.2308
299.6536
831.9405
441.0458
120.7598
661.2945
787.6006
958.4885
175.5088
405.0101
277.2574
346.1027
451.7913
294.2888
313.0090
48.7193
332.1816
263.3203
404.6426
242.3115
174.3709
831.1928
586.3333
696.1931
896.7495
7.3412
536.3036
276.0508
325.2031
210.7278
766.9565
917.3119
810.6546
138.5711
489.1527
165.2099
339.2408
229.6295
439.4998
64.1390
7.2410
285.0114
544.6108
257.5094
930.7957
987.4730
736.3353
58.1232
602.7226
580.1151
542.7716
182.9070
379.4403
629.5486
12.1386
430.0596
129.0266
752.5322
552.1334
532.8861
73.9039
275.2854
506.0244
560.3124
259.6857
474.1652
773.9740
695.8455
853.0935
540.3180
893.2262
387.3056
19.3032
758.1246
487.8666
64.0307
122.0205
456.9066
631.9109
389.5579
994.7224
903.3673
645.3012
86.5753
482.6206
731.3917
795.6603
955.6402
926.8056
514.0325
214.2316
269.7419
928.4517
685.6751
808.0082
874.7555
569.8357
335.5796
525.7150
56.8925
244.0823
104.3810
428.3496
320.5627
901.3694
674.1927
231.4151
239.9557
62.3487
315.1492
56.2292
474.6797
756.5065
672.9570
801.3743
737.8629
304.8395
122.2980
618.8361
543.1637
677.1165
672.8574
48.4128
767.9389
793.9997
534.6514
363.7702
347.0276
879.9738
282.0340
722.2051
497.3907
109.4363
556.7496
197.5651
15.2056
608.0156
904.3520
584.6126
719.2582
808.5964
30.2598
401.0630
500.1155
608.4072
873.3825
118.2715
945.1862
624.5558
621.5578
733.8050
581.6245
875.9153
392.5848
446.6285
223.1520
869.9340
768.3808
946.7317
511.5272
655.9649
522.8022
122.6646
310.9693
934.9770
942.2888
339.7686
3.8876
60.5980
343.7817
578.8290
363.4085
37.0004
162.6266
131.4452
446.9348
387.1420
237.7435
599.7246
64.5172
47.0175
764.1363
459.2977
631.4746
738.7331
203.8480
449.4469
89.5534
120.5876
735.1090
660.0291
796.4528
213.1526
887.2022
704.0657
575.9218
167.9745
4.9330
717.6565
86.3074
30.8448
674.5662
355.2087
145.4484
608.5288
447.1061
716.5123
991.6006
370.6728
752.3344
666.6067
40.5572
775.4130
12.0351
371.5526
570.6921
952.5018
505.7806
769.7525
132.3666
976.8516
696.5511
146.6615
253.0982
167.5553
969.0807
255.3193
220.2585
107.6332
365.2098
541.4983
568.1587
144.9984
673.6134
695.2828
731.8277
843.3432
604.4048
256.3643
988.1970
849.0921
216.4455
518.4046
737.0566
931.0341
139.0177
183.4803
986.0964
676.2575
966.6393
727.1416
808.0248
127.7163
499.0599
652.4715
636.2253
424.4785
313.6435
750.9313
237.5946
563.8720
541.9362
348.7054
328.2613
29.6542
460.1445
423.2236
664.6114
245.4066
311.5755
966.4093
306.3714
631.7377
789.6240
316.9295
335.6186
263.2257
744.0910
680.2971
348.2832
288.4860
195.1738
505.5512
356.7788
532.9194
101.9107
995.2820
959.1415
973.7361
602.0877
249.1441
707.1253
755.5429
258.3039
642.9648
873.4137
132.6287
485.5038
230.1604
434.8483
368.3292
706.2716
655.9558
376.5617
206.3506
129.2159
753.9608
959.0029
921.8885
839.6896
647.6921
785.0827
431.1882
797.0685
79.6129
119.5234
2.2577
385.9011
776.2991
557.2354
103.1955
113.5564
907.7765
206.8964
667.2180
253.0179
887.7271
214.6374
809.0540
265.9926
281.9940
967.9165
759.4909
994.0974
355.2044
331.2251
83.8719
720.4919
978.8766
618.2442
672.8552
17.3060
188.0512
30.6047
405.8923
426.5770
172.2939
585.6457
99.6109
599.6267
257.5462
795.9716
922.4993
570.1386
815.7066
172.7730
825.8966
519.3199
114.8289
562.5051
286.3352
695.8920
917.0960
823.3978
904.0763
82.1439
689.3727
686.2662
984.4992
3.9788
306.5420
317.9945
208.2396
721.9871
764.9230
122.1795
217.2449
175.6487
630.6971
72.8095
326.2409
934.1828
995.3364
86.3589
939.5331
88.8172
149.7559
793.8361
238.3645
746.5674
660.0227
881.0576
242.7023
604.3951
475.6291
16.6182
950.4526
679.5032
787.4635
889.4931
484.6691
439.8382
383.4648
599.2907
675.6349
736.3465
997.2153
833.3506
438.8015
837.7329
0.2778
95.9449
881.8448
863.5786
20.1971
926.7689
126.6008
899.9597
14.3329
193.3588
799.7101
201.1849
481.9486
549.9286
379.9969
622.8636
803.3822
113.0427
124.4366
297.7828
741.8901
58.3847
572.5127
903.1087
134.4404
273.5143
179.4998
577.1340
462.6625
431.2017
324.6119
966.8608
670.2775
115.1707
573.8832
263.7777
958.3926
512.7356
60.3605
919.3472
545.5072
584.4878
476.0425
611.3322
897.9603
457.1694
171.8522
486.6207
315.5794
546.1971
598.7101
401.6134
32.7277
452.4033
674.6490
477.3456
106.9297
237.4939
237.1441
962.9466
638.4537
379.4127
371.3279
679.7242
788.3888
721.2102
400.5254
194.8197
299.0156
96.0479
662.7282
910.5813
908.5450
123.6979
535.6814
262.3350
507.0830
743.9521
146.0084
341.1744
238.7259
484.1770
903.4599
193.3748
409.6016
965.4458
373.6847
47.6320
330.6565
85.3066
646.2349
195.8911
592.1129
512.3610
830.5383
898.9789
774.9434
339.6823
756.3121
178.4600
113.4157
112.9725
310.3719
339.1347
975.7727
746.8224
496.6762
714.5459
678.9867
390.3258
182.2518
64.8007
137.8030
985.0646
729.6037
195.8556
431.8891
441.2843
256.8438
189.1003
970.9407
192.7097
172.8685
530.1021
253.0321
466.3164
565.8838
884.4107
916.4299
994.0197
220.3460
321.7723
482.7840
696.6421
581.5357
130.4979
234.5593
614.1272
366.9604
124.0942
694.8720
112.6740
976.9374
0.3654
563.0615
464.8345
256.5230
429.9673
95.7702
167.3018
845.2732
193.2039
51.0864
161.2586
84.4098
423.1298
66.5074
410.3611
813.0294
20.2288
652.0506
555.1884
246.4720
62.0026
185.9977
644.0261
419.8449
604.5975
220.6923
34.0922
871.9731
229.5740
401.4713
459.9666
425.0917
916.4463
361.6930
92.8938
868.8829
821.4324
528.3318
176.8904
812.7150
553.7906
611.7998
764.9787
955.0847
457.9806
992.1711
805.8790
475.1223
735.8772
449.0609
325.3868
255.6411
62.8722
507.3443
372.7050
880.0292
501.9695
851.4604
482.7187
855.2055
739.4800
274.2380
815.9664
447.6605
602.0913
297.4022
624.4794
22.0693
588.9421
799.0329
873.8917
777.8417
816.5276
694.3787
650.9469
937.6548
902.9040
583.7274
466.5993
584.0430
738.8724
731.5363
653.8898
89.1785
493.7356
931.7378
275.6249
76.7118
485.5860
571.9745
868.8914
148.9333
136.4195
226.9750
806.7217
961.9593
652.5934
265.9719
430.5541
892.8786
49.4931
62.1605
828.6356
218.2064
501.9921
720.2329
259.7242
292.3046
751.3737
967.0294
109.3500
825.9883
86.8220
555.2684
904.0493
118.7947
846.3788
51.1445
589.9829
863.6521
649.6991
166.2358
229.2275
221.2469
802.4625
921.0956
241.4441
778.6281
5.3782
606.3604
751.4837
476.4630
794.8092
195.9765
258.7710
548.2926
401.8419
817.0301
167.7731
502.4816
635.9979
764.8208
703.7325
974.5824
39.9461
548.2562
295.0697
930.5808
582.4584
831.6912
113.4156
667.4126
663.4509
295.2907
768.0949
316.8559
849.0026
971.4684
295.7554
519.0917
601.0110
293.9100
612.5470
912.0453
938.0218
191.9172
869.9384
197.3902
80.6536
643.7848
0.5841
980.9016
811.7145
334.4718
266.5559
99.7357
992.1186
458.9137
242.3912
340.8499
833.2166
826.7920
376.8286
698.2422
200.5461
610.8096
550.2397
187.1447
984.4128
925.3377
944.5146
407.7761
340.0400
966.9716
746.7965
996.6622
663.3864
32.4399
907.6560
245.0680
240.7541
523.6745
607.3450
159.9298
766.7943
357.0459
229.1786
312.4011
452.3271
602.6944
63.2349
542.8614
685.6754
919.3950
890.5679
158.9213
477.8087
14.8526
961.3602
646.6088
551.6133
314.4853
518.4225
947.7543
599.3495
525.6667
153.8399
923.3660
180.8346
74.0813
460.7454
921.2897
308.1107
646.6152
355.9457
265.8119
804.9402
857.5278
764.9461
292.8077
544.3964
431.3276
769.5520
968.1654
433.8070
206.2031
20.3775
703.9823
2.5245
625.8269
948.8379
158.7756
138.4726
747.7211
896.3063
613.7425
332.4653
497.3863
429.9916
375.9118
8.6871
287.0553
308.4678
229.5866
815.3605
738.8862
834.4468
489.7699
425.9280
591.5862
311.4363
547.2730
121.4517
33.6363
361.3883
410.4645
522.2060
147.3605
411.6583
393.5013
760.2486
949.1425
253.0774
43.3925
92.7918
52.0573
564.9820
560.2746
51.8778
222.3013
616.9700
458.0860
431.0374
263.2076
227.2092
571.5421
925.3208
534.3918
808.9526
76.7794
980.9562
227.5143
984.6090
174.8296
923.0384
37.8698
99.9326
291.6307
510.6351
667.6651
812.1110
175.5840
156.2718
551.0109
988.8238
12.8465
295.4328
183.9321
979.6614
1.8895
547.3644
475.6483
281.2655
735.5998
958.0210
304.7823
998.4979
44.5653
140.5863
846.8444
795.4312
782.0070
71.7264
2.2154
594.1175
236.3113
322.6673
744.2488
857.2062
825.0401
673.1705
929.5319
827.3371
913.1695
49.6689
911.1069
826.7583
174.7727
467.3997
656.9726
911.8174
373.2935
897.3851
685.2572
98.7137
537.5615
127.3557
679.7478
874.5373
24.0585
536.7973
943.5568
214.4104
631.2592
739.3748
366.0576
610.8751
793.9443
642.8628
781.2654
601.0211
538.2512
999.7088
451.7627
31.7680
587.6306
604.7897
603.3208
68.2615
749.5055
668.2097
745.8927
44.7219
953.7662
462.9357
866.1719
63.6123
444.6814
357.2623
298.9949
854.4504
489.5940
689.3963
52.3789
654.6437
533.1749
825.9633
710.8214
137.4506
34.7552
851.2191
112.5528
587.6480
580.0498
578.4967
406.2158
417.9514
786.6351
83.3090
909.3076
762.1963
386.0738
931.8394
637.3557
886.9435
803.0088
3.9679
105.7650
194.1301
151.6007
289.9624
837.8280
634.9287
184.8206
992.4203
19.4917
726.0452
552.7752
43.7620
569.8760
719.6282
673.4709
238.5846
582.3645
532.7912
648.5572
276.0797
999.3030
974.1353
861.9284
880.0323
397.3535
282.1443
103.2052
251.1421
598.7243
128.2162
829.5761
165.5583
542.6360
895.7469
416.4679
350.0133
222.0028
419.8661
594.4322
34.1717
883.0677
688.8798
711.9443
758.6060
450.5688
83.4820
607.3184
281.6847
178.7630
233.6135
574.4894
745.3275
867.2278
197.9379
373.2974
60.1853
297.4586
980.8346
457.0030
799.6858
267.6762
167.3894
794.1191
167.5277
81.8449
702.9238
808.7931
478.9714
999.7276
478.2974
152.4262
59.3551
562.1300
685.2482
42.8577
629.5557
279.0931
71.5157
818.2033
63.7627
649.0539
997.9530
105.8720
15.9204
929.7805
875.9974
71.2114
157.0908
124.0637
41.4373
923.9844
226.0160
560.6397
819.4241
48.3877
227.2203
97.9218
737.4714
647.8735
254.6266
806.6066
391.2569
416.6477
810.9051
574.6421
990.4846
968.1366
120.9401
907.3985
262.5908
136.1094
403.4518
421.9783
906.3306
701.9042
164.5036
526.3043
675.2830
481.3469
549.9750
912.9687
296.0297
872.9878
865.6642
404.9372
536.9570
785.9200
983.1998
429.0689
839.0863
811.3393
162.2941
924.4087
457.9859
370.6895
70.4416
635.8528
531.2736
972.6835
691.2346
622.9332
946.6430
593.6559
152.8397
399.3893
109.1293
851.9122
944.9828
771.8089
404.1024
813.5646
800.6880
786.0323
343.4979
454.4829
300.6566
918.2537
419.4098
983.9202
967.0964
852.5972
509.3373
503.4286
845.4425
851.2398
667.8482
879.2822
674.3076
52.6348
85.2301
805.1125
159.2646
51.9046
357.1863
885.0908
252.9215
602.9066
94.9607
817.5662
951.8060
31.7526
965.2631
612.2111
345.8074
549.0956
338.2196
443.9623
62.5022
996.0711
543.8519
641.6115
834.9075
802.4297
648.8369
6.4980
159.2636
426.2952
320.2983
220.2385
793.3927
977.4402
479.3185
297.0052
626.9931
418.6343
102.6138
404.2598
697.6027
784.1994
592.5615
421.2012
323.9031
745.9566
445.1897
590.5452
143.0089
189.7969
207.7671
538.3731
215.7428
468.3828
78.9306
708.7661
762.6612
185.0225
243.7002
718.4434
643.4085
823.2427
8.6387
635.4585
179.5237
83.0654
922.7600
546.1429
518.7092
270.9306
943.5823
282.4689
669.8129
109.6692
529.1114
856.8230
181.7559
659.4915
516.3320
609.7796
860.1554
209.2775
337.4056
86.4256
296.8333
195.8394
383.3177
211.2890
647.1221
379.8014
143.3845
439.7207
280.6185
824.7356
285.3942
987.2798
233.2251
997.1413
592.1106
701.1603
326.1543
990.7667
574.5179
232.6437
230.6977
356.4644
461.6446
83.7365
757.1684
730.5660
734.0933
779.5509
665.5084
878.3781
982.4732
140.3641
782.3999
721.7091
660.7241
728.6314
243.7747
121.6775
39.5679
329.6093
478.8672
454.9275
872.6514
583.8803
614.3571
883.4380
318.1177
181.2509
263.7031
211.3548
979.9946
514.5011
127.7671
201.0459
204.6821
509.2293
657.5062
163.0084
293.5360
779.6602
680.5538
861.7716
705.3847
97.0163
164.4278
421.7677
898.8585
405.5080
522.7485
554.3245
762.1540
718.5853
977.4966
588.6597
509.2361
584.4109
89.7560
33.2882
23.9536
385.4234
864.5568
990.3012
770.2921
604.0006
856.9348
109.4473
470.1735
855.7206
971.5845
613.4941
919.4223
69.3040
756.2839
949.6351
949.8267
483.3026
837.0027
838.5471
576.0486
100.8550
561.3365
38.4259
214.6651
570.0010
928.0690
553.4879
454.9216
142.6073
886.2084
781.0789
426.3085
739.5597
158.3605
90.7365
636.0869
334.3752
361.6389
172.4695
408.0940
50.4514
9.0049
582.7873
697.1035
715.8899
19.6858
77.4429
329.5768
750.5495
463.4055
412.5510
812.7486
423.4017
691.2181
495.2076
841.3051
23.2151
239.8494
266.9017
934.6536
923.2874
601.6059
556.0375
522.1536
749.0501
975.6889
334.6034
656.1705
516.4463
585.4822
497.2969
607.7324
646.0749
794.8448
489.6143
951.4184
643.4214
572.0508
565.4197
127.7462
705.9870
458.7004
64.5118
719.2281
954.5354
805.1381
337.9070
183.4143
483.1730
98.4261
59.3466
970.4426
441.9498
70.7092
95.1338
599.9717
159.4437
103.7902
290.9318
666.3420
294.7819
114.8694
91.3887
182.0629
203.1272
284.2522
524.4985
451.9300
989.2571
166.5084
918.9576
371.8542
852.5579
461.2641
968.7271
591.4156
848.1856
915.5480
466.0815
243.6401
289.4871
232.9450
290.0727
16.0564
672.9577
784.3943
873.8558
478.1556
660.2262
580.0750
328.9112
252.0292
348.0341
464.9050
488.9641
926.5853
541.0052
914.8593
82.5014
292.4978
233.0222
42.0060
653.5341
197.0948
780.5497
940.2213
801.0379
444.5899
521.6316
145.1609
416.3960
309.9880
13.3123
144.7285
159.9591
678.6054
824.9784
321.0677
164.7672
961.9900
12.7103
316.2345
512.6143
794.1463
789.6478
266.1618
358.5175
794.7497
707.1218
343.1018
568.7780
108.2682
414.9072
520.9584
980.5712
884.7314
24.3202
767.7107
678.6051
303.3917
189.5626
415.1417
389.5928
612.3820
593.9424
913.5124
635.2242
229.6423
676.7716
213.8539
504.4887
226.5878
48.0753
375.8637
56.0946
481.6720
524.4673
789.3243
543.2126
54.0042
573.9377
639.4136
499.7159
791.5410
95.4507
618.4156
223.3084
744.7052
852.4704
456.6838
303.7262
586.9041
174.1291
708.8135
489.9157
801.0610
794.7611
259.0098
525.2655
789.8205
40.3114
300.7470
389.5783
97.9719
491.0865
407.2130
764.0313
86.9457
995.1648
762.8541
176.8109
565.4664
227.8424
11.4335
794.3650
365.5411
755.8695
580.1087
345.7240
553.6014
80.1212
484.4060
918.2742
74.2699
437.1504
601.5296
589.7384
497.3468
932.7893
4.8251
690.8311
620.5968
336.6569
504.0344
479.1694
235.9393
986.7388
671.7371
455.8173
237.4573
811.4410
59.2202
449.5444
567.5096
54.0036
761.0803
498.3491
72.8138
588.1853
248.0474
904.3354
158.6151
233.3212
423.8244
567.9770
277.5739
574.7316
550.7241
588.2162
925.9259
13.0249
20.6493
886.9535
42.0954
293.1512
367.0871
64.2180
111.0276
645.0438
428.8660
942.6407
669.6674
458.9428
254.4107
496.3995
711.6547
397.5553
670.0834
706.8366
682.6806
118.8515
971.9383
144.1287
85.8880
387.5114
745.8129
231.2622
854.7730
873.6532
730.3251
657.9941
687.4967
987.6378
192.6959
457.8402
73.2755
322.1214
843.7431
237.4672
346.4728
904.6618
429.4974
830.4181
533.0921
143.9082
130.9207
383.1124
900.2655
797.9984
192.2023
949.1207
127.0567
109.5130
955.8328
892.6674
246.7113
762.1758
221.9907
180.9440
965.7776
300.3869
506.9982
891.4986
97.2506
314.0120
2.3154
344.4441
273.4578
648.8257
475.1270
389.2729
614.5665
727.2851
300.6164
348.9947
670.9062
809.3621
887.1858
699.5885
784.1436
477.1455
876.1475
352.6747
558.7203
320.3413
647.8893
243.0531
307.8574
414.4220
74.8566
834.4202
397.3893
510.2293
790.6927
661.5969
395.2350
870.6047
698.1816
508.3003
905.7918
464.2441
746.0153
45.7550
573.9525
452.7510
817.7203
450.9148
398.9354
477.3622
945.6853
573.4028
905.9073
688.2136
11.5622
179.8751
12.6475
579.9820
569.3224
23.3255
45.0469
677.3213
581.5759
97.8843
833.2392
603.2415
528.2010
425.2333
861.4752
891.8185
42.1660
540.9488
884.3606
149.9293
475.9205
255.3474
390.9422
370.1973
763.1002
818.2380
627.2406
198.7636
235.4807
668.6582
642.6480
601.6872
813.2130
195.6789
714.0383
210.8145
202.1670
838.7731
742.1031
790.6572
479.1844
284.4735
10.4239
524.1935
112.6896
58.2973
24.9606
351.0190
454.5340
657.4224
245.9901
801.5812
722.3473
9.9658
44.0853
119.5785
450.4284
673.3667
811.1454
647.2185
654.6552
725.4846
697.0887
431.1326
36.7451
428.3690
653.5754
412.6330
680.9711
967.8666
319.9490
711.7228
642.4489
272.6535
645.8734
86.6869
561.4667
724.0562
575.0602
815.7371
507.1294
60.6159
47.5630
640.9602
187.8016
442.1036
614.3187
117.0280
630.5974
872.1254
933.6549
675.6456
330.9346
208.0871
504.9196
876.2003
346.0183
103.4502
883.2544
517.4719
953.8620
431.3399
866.7889
524.6549
200.5937
430.4441
236.4701
401.8185
108.3115
256.0210
823.0917
717.3963
333.0303
420.3906
590.3293
734.5001
935.6169
959.0288
853.5184
225.1070
277.9725
513.5208
450.1095
25.8193
76.6965
10.8795
159.9728
908.7483
43.8578
409.4658
713.6401
366.9499
871.6522
366.0659
527.1603
500.0491
792.8328
573.8797
421.9789
101.9212
843.3486
352.9427
213.1409
939.7962
107.1724
346.5994
130.5974
282.8196
268.7924
346.0599
485.0385
298.9684
842.8218
719.8610
9.5005
386.9995
297.3227
254.8473
460.0804
935.4867
257.1151
93.9719
365.0287
57.5257
611.2583
850.0033
331.6126
456.0000
775.7018
148.3350
661.4619
532.8079
302.5294
106.7329
900.3669
756.0174
488.6815
277.3488
740.5680
747.0626
111.7963
491.3231
445.9061
557.6219
311.2462
252.9237
786.5093
12.6745
902.9811
464.3018
918.4282
394.6297
881.9219
766.1857
242.2090
154.8375
513.7405
520.7691
747.6017
172.5686
771.8017
492.4594
420.3128
691.7411
806.4866
343.2973
430.7281
14.7230
630.7804
330.0831
831.6504
329.7322
891.0280
143.4216
639.0742
95.2760
971.8333
757.1208
866.8104
831.0079
396.1791
819.9460
846.2617
845.0037
21.0983
334.5106
430.1149
180.3429
837.7551
465.3275
757.5034
630.3273
94.0121
583.3195
425.8918
262.2428
197.7205
856.5513
563.3532
517.7441
793.3395
192.0641
752.9341
260.1601
533.4451
47.0692
261.9889
441.0219
37.2114
26.7126
880.6796
153.3021
507.7640
557.1069
8.4431
636.3556
215.7570
213.2813
850.5832
107.5094
89.2446
728.1193
877.6229
309.5807
788.5849
609.5600
239.8852
35.3742
885.1251
373.1884
417.5855
397.5099
297.9500
843.1913
845.8319
385.5833
326.9292
594.5408
831.5871
42.9122
498.2586
474.7876
634.5911
278.7780
378.5112
25.7757
870.2241
560.9638
97.6305
706.7676
723.2648
113.4865
568.6339
390.0792
128.0205
297.0776
383.4400
87.2577
975.7958
239.2910
324.6451
722.3997
12.2200
426.1487
287.1328
351.4602
887.3279
186.7544
934.6575
466.9833
244.5323
205.6581
921.3857
519.0582
879.3025
159.0120
241.8129
561.3870
972.6718
789.1745
358.3365
325.9798
237.4153
768.6565
727.9198
709.7402
93.3333
351.2856
32.3126
674.1097
812.5224
92.2222
149.0488
701.7337
602.8135
457.0691
210.1358
963.6089
773.4361
829.3576
28.0882
843.6880
164.7352
810.9597
506.1748
409.2525
726.6698
665.7119
318.5490
340.9401
280.7263
53.9163
137.4007
184.5269
401.5417
394.2381
569.9814
95.0763
991.3047
631.6170
462.0295
879.8003
670.6561
915.6725
353.5664
846.0290
966.0568
396.2872
90.8242
998.1932
999.4080
620.1964
688.8251
992.7722
803.3620
358.0945
949.8046
651.0617
246.6126
340.8066
699.9507
821.4490
956.8114
911.2872
872.8718
983.0088
105.8135
928.4120
44.3171
512.1888
629.9683
440.9591
177.0176
774.0008
833.3143
443.7229
139.1028
719.1763
933.0468
749.0203
829.1495
259.6569
549.4386
139.3246
564.7980
961.2681
720.6388
13.3937
903.9521
283.1261
651.9059
363.1498
197.3768
422.8174
102.0511
280.6682
270.0460
639.6168
540.2090
64.7408
285.4350
603.3095
590.8545
922.4452
412.6083
644.2146
872.5749
359.9535
527.5696
49.1581
867.3255
742.3098
149.7209
719.7276
798.1085
575.1171
448.0090
994.2621
224.9566
477.8185
713.8178
284.7859
190.1191
423.1302
731.2311
619.7446
499.6660
625.1692
886.7349
649.4013
988.6907
12.3835
183.1421
722.1309
609.1906
278.9328
174.8628
707.6911
659.5101
205.2257
478.2836
874.5164
949.4935
961.8213
445.1138
324.0670
952.3193
689.0307
146.6030
85.5843
324.0576
628.1205
431.6312
416.6591
727.7409
750.4177
853.1960
321.3090
103.8103
497.1067
99.1431
542.3222
167.2673
441.2892
201.3877
10.7043
211.4961
954.2675
916.3531
561.1192
685.6650
636.6607
960.6859
764.1597
510.6571
1.7576
926.2248
985.0451
15.7834
934.9648
167.9373
996.9412
381.9334
643.2099
339.8874
858.6876
489.0394
319.2199
132.1703
288.8663
873.5840
429.5779
212.6370
34.8681
281.7307
330.3123
620.0304
736.4220
844.5580
737.7538
54.5931
252.3519
794.7260
921.6800
99.9922
863.6985
608.3760
540.9469
336.0378
692.1948
38.9443
908.1884
135.1660
751.9696
856.9056
756.3978
201.9957
842.3885
347.9684
648.1990
349.7936
429.0265
562.8365
137.3038
499.6588
846.2885
963.6795
189.5145
41.9517
33.8088
761.6900
498.2868
636.6741
715.9576
993.6177
794.3401
583.3450
882.7265
672.0708
142.3851
637.5647
864.2929
285.6098
283.8510
544.1578
749.2739
164.2271
868.9344
182.0695
305.1620
176.6582
414.2136
406.0021
100.2535
150.2454
96.1131
366.6804
458.3611
514.1871
518.0534
985.3943
943.4753
902.2016
662.5638
828.3526
370.5557
840.6781
351.7036
540.3988
603.8998
944.9090
689.1094
318.4936
220.1171
95.3704
459.8587
904.3426
441.1046
550.7167
690.7866
270.8140
157.5408
829.4638
214.3575
913.2109
232.7082
7.1741
135.7308
360.1182
206.2390
815.5470
839.7618
104.2473
21.2079
757.8648
745.5972
874.9478
151.7044
334.2308
822.5353
765.3556
529.5201
458.1061
352.0889
575.1599
186.9426
173.7110
238.1341
327.9227
659.2075
291.2273
221.6980
21.7462
393.7414
456.2655
305.0820
984.8957
991.5986
130.7449
118.1273
32.5840
389.8398
200.3275
802.2611
185.1350
283.5982
869.3487
752.4585
768.1335
219.8403
301.6737
661.5379
256.6768
653.9784
826.9125
286.9955
477.5443
220.0224
854.8533
657.9968
375.8436
805.9053
837.3674
528.3766
894.9654
567.8771
829.3163
188.8830
708.4726
236.3177
452.2452
295.4725
718.3489
923.2467
436.7776
314.9264
503.4090
0.5335
756.9085
286.5028
321.7441
845.2016
881.6684
665.4415
54.2916
28.7265
911.8571
785.6123
373.8076
428.6171
620.0248
514.7442
464.5779
82.6040
566.8070
616.4068
542.4321
298.2866
62.3616
888.7521
200.7945
641.4397
286.8353
659.3903
333.6782
536.0628
584.4836
860.3247
148.4059
908.5886
187.1675
558.1083
596.8257
32.8041
33.2041
248.9769
545.8274
164.6932
731.9081
60.8653
88.2676
225.0893
952.8965
93.5770
744.0102
983.1992
613.2727
609.0784
680.8379
993.2455
808.2354
856.8561
40.3480
807.9546
251.4873
363.9477
60.2160
313.3648
581.9586
773.9101
674.2417
285.1073
50.3844
780.5034
894.4962
86.8730
596.1216
816.5876
612.5283
843.2057
840.2445
90.3827
64.3860
334.8981
89.1092
628.4604
108.9789
925.5450
45.2611
779.1380
224.0838
917.5852
512.3132
944.7805
313.9787
38.7490
671.1891
39.0886
858.3663
64.1839
414.0010
311.7459
240.8673
794.3254
965.8812
260.8542
867.6701
185.2471
424.6707
623.5479
554.5849
468.5733
913.1592
351.7326
837.3628
703.1171
797.1035
36.7755
595.8747
424.6794
573.3570
277.2870
25.6745
212.5378
746.0617
336.0557
193.8804
831.4400
748.2764
144.4023
922.8861
431.4208
196.1603
346.5333
7.5248
478.2005
144.0027
266.4492
384.9123
297.5492
400.4713
346.7091
228.2287
262.7083
689.2024
980.0749
301.1274
579.8546
92.2206
944.5756
281.7085
747.5075
272.9655
970.4823
981.1325
161.7293
763.9020
549.5542
678.1721
536.1131
598.5970
819.3866
350.3421
88.8090
448.2287
998.6506
50.4245
14.5343
249.1311
873.4173
11.3070
36.0352
60.9013
826.9189
611.0125
899.3132
882.1550
983.7933
398.4429
794.9232
616.6276
199.5902
987.5283
214.9906
709.9445
249.2626
956.5087
730.3826
186.7433
60.5242
639.8425
328.2303
489.6949
470.2526
746.6583
646.4134
715.3526
998.3362
761.9302
993.9880
404.9974
147.8373
93.4336
580.6762
768.0531
76.4155
445.2368
56.6015
7.1701
638.3037
56.7814
177.3720
88.3929
919.1379
895.8861
871.6334
903.4213
545.5409
102.6785
619.8796
534.6144
742.9553
348.4427
772.2839
92.2922
84.8739
952.3915
523.6123
877.0960
638.4212
806.5646
419.4308
883.6928
13.8882
898.2423
705.8812
450.7075
135.3354
956.6142
744.7971
80.1218
128.3274
800.0506
138.8616
277.3441
484.3470
145.9359
698.1776
725.8496
814.7837
506.0135
676.7334
102.8937
579.5968
152.2918
375.6575
10.5740
162.3724
762.4571
523.4490
752.1673
660.8618
641.4290
935.2850
200.5969
433.4391
736.7575
318.9559
162.4763
886.3378
636.1651
720.6840
381.9617
425.5791
942.2593
47.3926
232.3182
796.7901
444.2310
213.7034
788.7600
302.1871
200.5358
302.0184
84.9129
22.6557
270.1237
350.6523
477.2164
533.9136
416.5328
872.9197
481.9809
479.0603
102.7764
434.4158
325.6308
76.1960
328.0773
855.4497
523.4235
551.9173
262.6176
851.4804
960.4719
555.9511
360.6175
406.5536
197.1271
838.2134
775.7480
76.9858
187.0578
627.5222
82.9507
43.4979
432.1078
216.0471
889.9974
498.6421
690.6165
307.5281
290.4787
775.1587
707.3611
894.3037
94.9372
403.4487
561.0719
559.4376
949.0139
128.3313
716.4214
884.1516
889.6468
662.7345
285.9712
486.1879
897.5757
558.2541
448.3900
112.7944
669.6059
922.6878
856.4352
692.6183
317.4353
738.1595
432.9903
418.9125
769.5194
697.5118
938.4113
875.1425
489.9110
704.5098
730.3747
592.0706
334.3528
317.9875
548.2051
354.7274
9.7565
306.4551
135.2057
753.8744
361.6490
707.5386
592.2197
351.7458
159.8078
372.8781
495.3601
28.0288
999.7079
695.0911
480.6679
377.2950
574.6527
598.5981
382.3559
511.0361
521.8621
186.4886
527.5387
615.3288
593.0822
73.4354
571.9718
785.2444
100.5138
544.2243
315.1168
37.4399
420.4160
534.0617
645.7558
375.8988
658.5699
36.3637
730.9361
679.0401
570.8609
993.5112
263.7436
733.4463
997.4621
526.4500
936.0767
268.6520
509.5454
610.2528
16.6072
310.8033
479.9229
881.4405
726.0871
823.6205
89.8692
207.8045
882.4937
444.9035
150.2091
763.8026
64.4175
81.9968
471.8602
534.8061
965.2874
548.6213
772.2079
906.1310
916.6186
542.1097
868.1013
463.9806
998.5900
102.4126
583.8753
933.7145
767.1695
338.5884
608.0080
257.8016
366.2068
467.4430
762.7543
844.2258
444.4837
410.7832
47.7555
638.7064
988.1183
551.0232
395.4648
260.7293
171.9503
194.8869
419.6811
14.1981
165.4346
112.1047
816.7944
259.4381
309.6528
13.0669
279.1816
642.6938
738.0100
9.4854
902.1002
563.9809
337.7711
928.7805
968.6212
775.6315
365.5706
347.5068
256.9330
804.9528
141.7250
530.0951
887.2002
49.4828
196.6763
716.5089
729.3057
464.4770
921.4897
249.5103
273.7823
490.4298
11.5332
499.3788
153.2783
554.1709
822.7245
317.9701
394.1517
833.4043
53.8712
410.3479
706.5070
396.5445
568.2651
790.9544
211.0895
309.9347
142.6864
459.8892
647.4454
268.2838
237.9157
385.0411
947.5892
689.3324
244.1541
58.1400
850.3031
415.4812
701.9316
915.0004
719.5204
334.6115
809.7010
537.0283
634.4533
84.0971
823.0592
877.3289
632.6118
728.3496
660.6311
883.7850
753.6912
788.0467
506.5654
702.4513
882.7529
930.3531
74.7751
564.8665
495.6276
887.6048
479.1161
363.4694
716.9807
397.9918
700.1243
485.5636
942.0742
149.8389
620.5942
599.7196
47.4145
216.1171
84.7620
282.1002
12.8670
868.0074
684.9682
406.2104
750.0565
699.8252
201.8505
874.4496
56.3835
622.3832
986.2698
310.7644
212.2186
697.7552
476.0580
292.8654
241.0906
386.0884
144.1525
560.7312
384.4500
184.3918
704.4457
413.6002
3.4198
243.5039
553.4802
77.0529
28.3005
962.2773
763.1568
654.3318
530.1773
774.1646
554.8177
61.3956
869.3595
600.5032
982.1099
699.7575
744.0900
390.8736
385.8097
952.1384
844.6111
163.1096
711.1429
883.2895
703.9971
248.2974
827.5248
618.9278
337.2980
345.5163
182.4470
371.8881
400.9340
79.7523
680.7738
293.6823
477.3278
174.1364
854.9832
146.5263
696.5797
747.8524
973.7563
352.6424
895.9990
348.8193
324.8163
910.0112
559.8891
358.3227
7.6000
541.7875
154.5221
878.0927
927.3530
762.9943
118.5533
260.5135
641.3391
565.0480
656.9204
386.6738
85.3070
371.1677
16.3934
628.4693
863.0401
250.9486
935.3659
615.7825
43.2613
859.7365
10.8261
69.8007
183.7423
949.8191
37.6824
36.2904
216.2265
4.2141
66.7939
850.9796
247.5230
378.3724
799.0239
659.4351
310.0817
249.2579
792.3202
92.0545
466.4990
721.4579
847.3845
438.4226
110.9112
277.6564
871.3374
670.6903
662.7153
193.5843
829.1604
26.6768
377.5657
700.3632
888.8748
801.2505
356.7902
10.0378
944.4052
653.7560
315.3229
585.1992
310.3113
101.3013
291.7897
329.7580
895.0243
65.2540
418.1413
342.5533
696.5029
731.8796
804.9749
40.3201
32.5235
363.0713
618.4840
167.1059
294.8086
151.2934
390.8294
474.1378
156.9253
954.4961
690.3319
127.4139
282.8870
157.9819
45.8711
499.2411
326.7866
982.8753
516.1245
455.8378
921.5513
714.1087
349.7856
128.3554
699.0939
699.7203
784.0554
518.1670
603.6686
139.9292
137.0136
531.7408
741.2798
255.3355
531.9659
257.7594
631.8702
762.6338
591.6098
84.9565
884.0443
111.6070
221.9734
19.8914
655.4524
22.6012
58.8257
572.7502
791.7463
193.9140
892.4789
387.1181
75.0757
967.1497
732.0653
7.9648
146.1838
714.7528
333.9824
670.6821
812.1475
799.0704
460.0865
553.3135
547.5014
527.7268
957.5288
5.5763
442.1492
161.8638
58.9729
211.6721
284.1002
531.5949
564.4380
845.6274
273.2753
615.7754
157.0316
283.9493
771.6365
90.1861
164.9135
916.9558
608.7205
788.6050
110.6238
76.5836
322.8578
84.5070
797.5890
399.1953
230.5292
191.1907
14.4237
661.1778
358.4286
451.7009
75.2100
641.5791
610.4816
867.5192
573.3206
121.2768
166.6087
155.2440
695.2688
558.5622
450.1387
766.7255
529.6106
363.2460
533.6945
22.6157
374.7236
14.5836
10.9987
682.8993
427.8342
450.7954
977.1118
398.5314
651.6303
354.2144
142.0525
92.4597
657.9891
573.1843
23.3338
143.8656
757.6853
525.6190
338.9628
929.2954
376.1171
552.0505
0.9910
330.5405
108.7538
78.2065
228.8762
295.5826
75.3934
314.9535
543.4077
289.5272
185.4471
354.8394
106.8010
263.9253
289.0605
775.1755
25.3669
908.4516
927.9036
751.8393
568.8013
735.9677
211.9978
84.2266
756.3965
835.9911
76.0349
671.7825
270.2484
826.2187
404.0626
813.3236
823.5377
167.2643
419.0388
640.5299
607.4203
152.8407
382.0887
485.1254
133.7636
749.5466
125.3760
116.6036
850.3506
536.0551
784.6675
773.1716
434.4545
15.9522
929.4654
143.6580
527.1816
618.0685
783.0178
12.1906
676.8215
313.7542
410.5920
358.8645
315.4928
9.5547
828.9375
301.5901
975.0370
777.8069
283.6200
649.5190
731.1383
935.5954
797.6675
107.9650
878.0359
142.5671
942.9985
506.8838
475.3893
657.9353
426.6017
99.9093
375.8446
420.3179
832.1212
779.8763
258.5463
110.2762
515.4590
278.4344
441.3560
113.0219
656.6241
329.1762
916.4484
53.4330
259.3298
825.7402
109.5403
388.6310
740.0479
357.2730
521.5352
861.2257
978.5846
43.0675
685.5411
398.2697
844.9768
830.7854
923.3583
150.0934
403.3181
30.8278
496.2116
623.5160
168.2587
901.0658
377.8399
115.6799
823.5432
944.4718
800.3561
319.4761
97.3262
617.0940
826.7345
804.3767
332.7151
736.2654
933.0930
623.4498
683.0023
631.8235
448.4958
257.8101
436.3298
479.6437
93.1443
398.1326
37.6024
407.3909
993.5728
903.6818
98.8763
856.0269
125.9431
626.7061
494.9689
47.1436
177.5422
123.1034
488.1154
221.4404
509.0641
196.5532
936.6967
828.3604
128.5156
216.2318
106.0131
839.1691
117.3288
953.0752
884.2066
21.5252
452.5470
758.2050
832.1170
80.8197
802.3307
810.3705
937.3765
435.8192
134.5594
435.9106
995.6008
767.0069
804.3573
81.3217
371.0900
269.9135
695.0372
537.5706
859.1416
565.8821
826.8216
12.6789
511.3712
457.2601
106.6918
332.3941
74.5108
139.9020
168.2387
578.1438
280.1874
760.7450
538.4672
35.5629
70.5106
651.6927
156.8110
178.6037
35.8690
145.6495
359.2425
482.4498
323.6384
924.1219
647.0598
739.2118
122.4213
953.6093
281.2646
927.5667
84.7778
144.8994
137.9530
367.7052
660.8811
906.1112
399.5304
694.2777
558.9375
517.6580
249.6790
702.3681
422.4400
555.0879
215.8130
24.8205
334.2787
766.6724
744.5933
497.2988
384.9827
280.1616
510.2825
56.8395
313.9121
171.5022
493.4016
281.1038
898.2241
554.2073
409.1238
299.4608
906.7399
438.7513
32.5985
202.4225
794.8693
25.3234
450.2332
226.2893
475.1690
879.1955
924.7889
944.2297
855.5640
833.2840
812.4829
310.9234
678.2509
966.6409
251.6849
601.8862
953.4693
670.7048
161.0771
861.1521
703.0334
468.4921
570.6647
523.0145
630.7543
570.7139
401.2983
920.3754
983.3144
779.9196
756.4865
257.9018
580.6608
793.8049
150.1009
466.9673
162.5772
141.9846
466.6260
69.0487
208.9176
0.8865
55.3648
915.2637
142.3915
929.6446
980.4407
625.2938
47.8676
219.6979
64.2001
661.8252
640.3912
227.2429
851.6485
70.8034
540.8816
856.8622
265.8341
699.7328
650.3836
115.6906
995.7952
737.2219
590.6292
218.1790
277.3336
450.7659
947.1655
430.8760
716.4772
835.6647
149.9221
875.0671
570.3421
781.0794
368.1332
618.7873
150.2889
855.2303
168.4356
580.5240
142.8138
866.1766
43.8830
26.2682
106.6704
584.7488
236.7272
904.7251
890.6297
448.6123
261.6694
307.8038
311.6431
157.5402
61.8077
909.2205
891.6423
836.0963
211.5893
353.6391
763.7325
679.7160
705.7865
386.9672
949.0205
831.8594
196.1137
732.8260
621.3416
780.1644
303.0821
28.6001
251.8329
736.8287
954.4159
872.8429
844.6252
176.9557
536.9463
337.8705
471.4700
561.3192
490.6802
556.0164
135.0262
969.8659
82.8644
210.5692
427.7242
325.4152
489.9413
648.1176
138.3761
434.9095
693.4250
981.8601
252.4622
775.6462
866.6693
847.2921
967.1137
620.7078
732.0004
77.7751
606.7557
11.5395
956.7495
379.4586
671.8812
769.6567
242.6460
713.0671
111.8090
83.4214
923.5079
174.9429
320.5493
106.8128
824.8583
56.4205
397.4304
455.7396
23.9357
120.8012
957.6046
183.4516
310.2208
979.3991
982.7790
246.4962
798.7036
277.2315
984.4405
55.1277
804.7745
166.1767
31.2795
667.5955
659.5871
799.9902
473.2588
10.1304
172.8070
508.5368
913.5474
660.2494
366.4827
809.1762
337.9285
993.5895
246.6267
633.7636
252.7748
73.3382
243.1268
854.9670
120.5167
679.1792
673.9420
655.7237
570.8404
937.5593
407.4597
445.1150
883.7903
676.7931
222.5737
559.4865
540.7883
829.0663
126.1035
908.1064
553.3468
353.8296
58.0341
696.4912
731.5166
92.6443
276.1728
367.8343
17.2822
991.8586
343.0659
452.8363
388.4820
403.8819
404.2594
11.9968
385.1138
387.7677
360.8884
633.7034
241.1335
425.9948
658.2302
467.3511
363.7112
111.0536
79.2372
870.9446
11.1860
934.8260
565.2139
371.7394
642.9638
802.7282
764.9798
367.4162
794.6317
396.3605
336.4739
526.7841
521.7833
268.6368
435.1124
803.9085
812.8714
356.2719
358.4728
147.7875
854.2018
912.5821
452.1060
598.7840
24.8748
711.0888
488.8278
448.4177
579.4722
774.3392
840.3528
985.5228
130.7162
730.7033
350.0708
752.2499
601.7676
896.0784
943.8073
98.5853
52.6875
329.6136
594.2075
424.7441
196.0797
739.5877
883.7442
43.5762
844.8957
551.0524
661.1842
514.2893
998.1857
516.9618
344.1356
566.0697
945.3833
429.4132
177.6995
161.3782
343.5472
628.7000
129.8434
458.0678
239.4070
267.2191
29.8323
140.2294
501.6177
576.8286
375.7492
637.1486
800.5194
282.2527
274.8989
515.1965
42.0429
647.5731
219.1965
566.6677
850.0548
795.1683
445.6438
239.6231
747.9318
743.9067
535.5844
472.2583
385.7817
199.8673
419.3712
307.6935
523.0922
879.7879
146.7658
937.7186
608.6038
324.9375
507.7793
859.1775
807.0881
427.1995
29.9453
930.7457
419.9330
508.9555
416.6608
730.4185
631.9623
908.5567
73.4113
854.7109
712.5387
815.9218
450.4974
233.0275
381.3194
433.5715
916.2702
57.3230
290.4009
820.2664
273.0411
263.7301
244.9048
251.5428
859.4335
993.8519
459.5000
429.9563
535.5168
926.6721
741.7942
507.5420
31.6961
650.5205
142.7474
620.5141
210.4616
137.6989
287.3052
696.5196
764.5125
597.0679
155.5088
701.2370
453.2796
833.2940
333.2948
70.1438
810.0639
309.0220
219.9246
806.0739
895.5703
135.0027
322.7552
941.5177
697.4778
819.8163
845.2063
531.7277
525.8181
353.1362
809.9516
606.9667
341.0321
584.4526
134.0159
301.2756
302.8353
913.2980
997.8802
434.3177
264.6276
256.5018
336.5132
72.1939
884.1738
150.4642
874.0106
76.6153
397.3898
423.2816
516.3120
876.8557
279.6643
354.1663
382.8401
160.1550
314.4475
708.1262
275.1538
395.6042
541.3873
83.2695
897.3986
619.5600
172.8960
387.2630
193.6195
779.3398
363.0826
908.6587
807.9830
912.4984
263.9732
95.8231
357.8885
444.5039
438.0294
351.0715
680.4027
598.6761
242.7043
462.7763
509.3615
928.8804
496.3312
202.5202
276.8429
882.8951
922.3407
582.7984
34.6852
767.2395
65.9370
998.1547
698.1512
1.1257
440.1870
663.7474
566.0977
301.1662
317.8389
726.9713
0.6897
754.5410
933.6021
468.3901
236.9503
926.1755
766.4450
71.0266
820.5130
559.5694
411.9601
746.3864
871.9585
884.7427
227.9505
361.3720
100.5531
818.6260
427.5163
621.7942
626.9408
41.4064
4.0081
974.9669
110.8848
893.8879
644.2243
293.8335
762.8000
712.4259
89.6344
757.3473
356.6861
439.6187
858.9100
297.2400
72.1487
338.2732
429.2105
987.1402
863.8295
376.0740
796.3501
395.1293
985.5155
491.4323
957.2928
177.1130
52.1927
14.5515
987.0906
251.5142
271.5292
360.8937
623.7817
706.0543
547.4381
942.7178
161.9023
119.3311
39.8065
745.1908
654.7371
260.0494
692.7658
668.4543
413.7110
585.5776
14.9853
171.6224
958.9732
460.6408
670.7541
444.8064
761.8533
806.8712
866.6669
868.1558
756.1747
161.9717
861.5724
617.0392
153.0498
665.9099
432.7632
95.7257
394.9486
226.0017
872.0153
309.3096
114.6081
382.8974
621.4664
779.0323
928.6769
837.0958
685.6046
628.8919
884.7532
172.2293
269.0106
680.1653
77.6882
264.0674
675.4709
610.9923
875.7272
803.2629
370.3010
876.6866
350.5134
125.8826
840.2255
381.1447
701.4703
742.7224
525.3399
712.7253
608.4945
609.9030
721.3702
510.6924
8.0344
792.4466
453.6151
767.6252
730.2763
822.0870
113.9719
693.2011
253.9414
365.8285
989.5679
714.2507
701.4522
468.9918
453.8372
747.2424
906.0287
262.4328
295.9097
225.0664
507.7003
189.8099
719.2497
100.9646
649.5286
296.9682
694.7913
835.8273
571.4700
221.2010
412.2689
429.2178
866.9102
131.3956
349.7259
686.1332
974.4571
183.4680
665.7417
439.0099
753.0582
150.3742
599.3054
176.1183
577.9874
782.7002
715.6408
359.1959
409.1570
36.7069
671.3715
411.4841
553.1831
343.3483
782.9131
244.3286
538.6577
686.0961
635.5635
919.4136
65.2258
555.1249
335.9467
832.3626
741.8154
279.2068
738.4997
112.6405
929.6926
623.3821
274.7022
123.3698
539.1089
366.5014
599.8113
395.0705
787.9653
567.0130
994.9873
250.7130
416.8096
716.6662
34.9631
948.7692
93.9517
767.9789
866.9759
633.7849
316.9766
446.1440
788.1423
709.8088
869.6010
181.6286
913.5446
509.5446
675.1917
402.2799
517.7966
86.8023
449.9750
357.9289
684.9831
786.1286
692.4147
48.9567
42.2710
994.7429
595.6489
975.1407
685.8412
498.4944
784.7740
168.0493
334.7903
771.6864
813.4866
910.4010
801.6550
303.9941
611.2957
262.9492
198.0111
157.7235
587.3820
820.2646
831.4216
82.9122
735.4086
527.0006
686.6134
139.9365
754.3264
749.8631
915.3695
152.6106
713.5746
637.1912
464.3285
596.5042
257.5315
333.2793
216.4417
240.3360
426.1169
425.5537
130.8749
410.6663
720.5167
538.5615
896.7242
184.6537
399.3028
809.7332
975.1670
351.1414
306.7432
236.9395
860.7351
441.1853
748.4269
304.4171
472.3877
690.0485
704.5563
30.1354
497.7614
13.3431
200.9408
747.3036
430.4986
20.6377
517.0249
248.7988
569.1959
448.3442
703.5070
458.1729
43.0383
358.4392
911.4807
861.6236
830.7723
864.9523
291.8517
766.0896
791.5396
528.5001
183.5719
933.9105
816.9270
851.2548
834.3455
915.7585
929.0626
536.5588
545.3345
554.8095
620.0262
500.7083
128.1999
739.3980
232.9027
134.9435
556.9658
85.6764
854.7895
843.5562
780.7469
603.4188
475.9464
997.4061
511.0735
439.8201
617.2938
561.6823
366.6358
110.9547
807.3329
451.6833
856.0809
761.0119
540.4603
427.2024
954.1854
566.7239
561.4559
646.3041
541.1281
491.3916
784.3096
648.2323
652.2939
94.2588
948.6056
262.1129
622.8932
76.6785
760.1551
508.5467
500.0288
838.1866
579.5393
540.2511
934.9053
247.5832
415.2481
952.5484
617.1619
418.8755
652.1992
109.1098
639.4645
140.3008
884.8293
32.5418
666.3908
731.3452
949.8199
214.4251
765.0567
517.4944
553.7414
627.0744
291.9046
847.8479
31.8685
327.7200
804.7495
996.5489
47.6678
192.2557
633.4641
108.1300
332.4812
289.4298
294.1713
752.5204
934.9474
606.1526
110.7039
230.6520
688.3399
795.0441
901.4508
850.1509
471.2588
941.9994
451.7467
969.5228
154.3186
484.7881
54.1630
381.7284
312.3072
61.1829
457.4060
419.8229
693.8404
805.8020
816.9622
58.7165
729.6864
450.6558
171.2495
63.0213
774.1000
526.8634
620.9739
523.2530
267.3779
104.9649
578.5895
964.4224
706.8835
123.6414
922.5670
788.0010
692.3509
658.0113
291.2713
595.3135
519.1055
192.2010
745.9750
367.9931
289.8328
547.3354
647.5477
311.1811
58.0424
288.4626
301.0364
675.0894
628.9048
534.8797
417.8303
670.2079
291.8381
695.5720
717.6334
704.5700
60.2053
264.0323
329.3254
528.5113
214.0176
347.4035
537.0330
554.5115
155.3382
296.1281
787.0814
748.8731
547.8400
777.3486
721.5130
583.9522
405.3017
557.6037
152.1831
103.7911
565.7008
720.0425
61.2380
938.7444
347.2972
636.7858
391.1411
425.8960
182.3317
790.1359
710.7585
96.4327
337.4357
183.5235
479.4859
698.6366
512.5046
68.5772
658.6128
793.8391
627.5733
960.9516
680.7976
279.9718
842.2817
701.8955
535.1605
234.7399
673.6885
328.9454
233.7909
711.1405
183.6184
512.5399
646.7221
614.8419
271.6796
628.8868
492.3437
528.3778
145.6028
117.9864
661.3647
192.7438
349.0480
965.4925
608.8151
455.3764
315.9672
989.8475
709.7377
780.7573
626.6204
277.3950
540.4474
512.9634
908.2509
560.3850
957.2609
16.7111
790.5379
63.8778
523.8020
890.3177
703.7428
356.6395
911.7429
680.5127
775.5366
238.1865
177.6353
927.7846
443.7481
925.9976
348.8072
567.8624
733.9840
422.9794
952.5714
203.4779
881.1793
343.1678
74.3217
51.7883
848.0442
679.1737
925.7224
739.6289
336.3576
636.8470
419.5712
881.8117
322.3632
446.5791
921.3504
476.7943
161.5181
872.1924
999.2394
486.1186
648.2041
493.2158
757.2440
333.1738
91.5887
647.4810
881.4816
30.5856
213.8674
235.3507
428.8482
196.1292
952.6965
434.2089
120.0792
433.5041
257.7241
387.4431
457.3278
175.5431
841.0653
300.9502
582.0228
136.7617
8.7748
420.6905
901.6281
636.6576
724.4770
44.2903
862.2867
587.1147
314.1905
250.2206
871.6399
262.3758
81.3551
969.1316
483.7919
750.7639
497.4282
893.2275
834.7888
552.4578
743.5896
225.5583
989.8842
895.7764
662.2639
669.6607
147.0109
49.0543
516.0220
456.4149
733.7504
295.3415
770.2084
522.8607
472.7446
850.2158
480.4815
296.4362
907.4193
727.0961
561.9006
906.1931
126.4443
144.8393
11.7417
564.5242
8.4276
317.6136
724.2916
377.6469
925.0457
363.9161
0.5226
911.1030
593.8482
181.1907
208.0945
984.3854
128.8471
962.1430
705.5131
77.9590
742.0953
77.2291
120.2762
44.4702
9.4801
189.0380
821.8350
765.6701
872.8880
581.0974
697.5499
654.1795
869.4945
721.7489
109.8621
984.9200
149.5009
683.1860
772.2043
162.0268
955.4589
864.9819
104.8942
345.2549
151.7950
541.1356
402.9584
267.2343
120.0791
930.5492
493.6877
478.9946
167.6253
883.0207
375.6898
883.5640
954.2498
991.7223
485.7773
841.4917
999.6678
610.0856
571.3083
593.6939
193.8951
596.2576
973.5009
58.2600
410.7315
954.2088
311.8424
311.5216
978.9455
362.2868
363.0055
193.5549
956.4733
668.7835
812.2791
476.0752
265.3619
900.0574
159.1895
364.5000
323.5059
686.0786
882.6606
601.5420
829.3580
373.4188
87.9908
63.1362
831.6036
399.0554
905.2299
894.2321
55.2416
940.1969
63.2824
320.8640
211.9175
803.6326
588.8266
359.4071
846.6893
169.5426
9.6274
682.7435
698.7617
253.3009
769.7510
561.9242
583.9172
866.5625
189.2996
56.0126
733.7957
502.1636
74.7557
588.3438
851.3306
363.2690
842.2398
844.3456
306.7143
172.0784
661.0496
495.2278
240.3897
865.1715
866.8774
75.4636
303.1628
288.9281
419.2425
150.3098
819.9241
547.9219
336.5006
4.8205
664.7609
447.8165
26.3597
71.2053
402.3148
38.1023
17.9479
756.8510
240.9686
749.6468
403.5835
205.5412
521.0692
840.6340
466.0169
415.8951
213.6385
299.2366
791.7337
382.5635
48.6806
84.1375
304.8852
588.0462
931.5943
157.3399
460.5554
228.8609
266.4637
144.2657
328.9563
928.8795
493.6972
912.7451
914.1541
40.6801
42.1963
31.7942
916.0679
652.1541
888.6803
665.2615
994.8783
480.9815
435.7157
90.7475
996.7979
237.8654
948.8968
180.3391
638.8332
40.1296
969.9606
280.3669
405.4231
653.4941
984.2931
417.4600
325.8327
291.1769
230.7040
603.3940
665.5320
875.8959
172.3381
562.0908
131.7100
335.8438
452.3496
650.2120
973.6782
166.4152
155.0080
970.7926
85.7618
498.5173
198.3702
695.2250
242.1826
120.1388
656.8384
443.7066
795.0272
188.6009
416.5763
748.0983
945.4030
167.0544
738.2549
527.3175
512.1192
704.9152
159.7461
73.8577
981.7816
971.8080
419.6264
940.3827
391.5876
932.4968
105.7900
538.2845
389.8897
896.2300
984.1425
644.2678
404.0080
53.3432
961.0421
333.0164
983.9789
359.7522
65.3197
311.8384
495.2162
236.3788
947.8382
921.7071
543.9276
804.8340
90.7535
713.2922
440.8198
834.2588
726.5565
343.8305
991.0851
33.3479
129.9975
191.9620
749.8549
290.9216
155.8664
790.0290
981.8071
163.6719
31.7047
832.4354
655.8674
489.8040
569.5711
286.9025
370.1642
902.2409
287.8846
263.7960
303.4839
527.7951
729.9236
596.7905
898.3065
603.8734
8.6077
951.2408
114.4977
162.9220
396.2626
408.3445
621.1661
24.5446
578.6784
805.3672
55.6489
999.0521
632.4773
331.3688
669.8936
253.5538
216.6838
336.7208
790.0591
212.2760
618.3887
469.4540
197.1129
706.4176
685.3800
631.0161
850.6560
298.9853
595.4817
732.9486
378.2818
933.7155
752.0690
931.1761
956.9282
158.7448
839.0515
478.9560
258.2043
637.6077
834.4079
579.8946
997.0973
588.0535
57.3090
1.0701
871.9355
770.6626
412.6671
823.8828
581.5041
589.5352
296.4546
155.1452
613.9082
872.6423
828.9220
76.2241
249.6989
862.5882
67.9369
858.9222
400.4954
595.2863
813.6486
660.8134
771.1083
402.9923
996.0581
910.1140
727.7230
776.4564
748.9967
999.8694
614.0242
681.5716
625.6818
649.6910
428.4412
994.7335
577.9380
446.4696
139.8640
378.5065
237.6309
42.9323
499.1319
561.6616
620.2601
291.5175
78.8867
376.5978
588.7351
757.8672
262.2024
889.7754
820.5643
636.2247
874.3403
281.4160
615.0169
342.1144
507.0205
610.3945
482.7698
128.5867
827.2675
93.3559
53.3844
702.5429
953.5067
696.2883
804.4304
717.2640
529.1709
9.8484
718.3626
218.0196
127.3256
509.4181
917.1911
704.2712
135.4201
796.8067
41.1413
885.4802
11.3983
306.1053
369.8987
957.5293
880.5489
713.1926
840.8343
365.7058
254.7710
980.0630
69.6035
329.6561
634.6029
12.1290
152.8812
703.5025
285.6257
339.6657
789.9838
136.7059
720.1914
991.4674
831.8785
171.7768
926.5428
479.7607
430.1865
309.2981
934.7689
262.0046
379.4560
969.2913
82.6601
46.8209
254.8457
842.6985
51.7960
780.6453
11.6942
572.5339
619.4832
0.7564
95.4495
146.0037
499.4977
841.9822
560.3612
693.9543
80.1907
482.5173
935.5879
635.2610
220.8043
532.4466
31.9008
837.4635
113.4520
573.5688
209.5623
0.5241
691.3816
159.5560
123.8651
93.1748
730.3457
235.1140
97.8501
323.1638
16.0641
378.5930
499.9844
136.3889
909.2422
283.2876
33.2507
354.3064
730.7924
841.7194
809.5625
741.3201
2.9453
410.8211
903.2627
130.1250
393.1634
80.1401
254.0123
995.0778
337.0284
452.4816
665.3276
817.0685
706.3148
160.5633
477.4179
81.4819
804.7990
660.6561
561.7333
32.8635
996.0392
112.4826
638.4421
672.3495
289.8207
18.5709
799.5948
415.0874
55.3611
257.1766
96.6377
393.5053
287.0380
319.4451
222.3025
712.6832
304.2211
855.3254
885.7787
814.5314
851.1695
250.9073
123.7567
362.4557
265.8225
31.4514
860.4448
547.4998
427.6132
257.1146
252.1585
666.2507
324.9110
564.4028
237.1432
515.7199
774.2778
349.7492
842.6193
455.7971
134.8521
136.0860
36.8535
677.8086
410.1945
141.2349
44.3268
595.4163
860.9369
228.4236
295.4507
345.5194
414.6445
360.9582
791.2733
925.3968
872.4057
769.2406
918.0158
278.6105
717.8391
867.6752
691.1035
836.4431
584.9952
644.7758
905.0212
443.1711
949.2966
763.8607
437.3750
589.6822
647.4961
922.6964
888.2437
239.2003
915.1343
319.6562
945.6397
157.5661
342.8691
462.1879
656.6738
102.1403
960.3141
789.5557
352.2405
591.4489
532.6790
538.8822
487.9665
802.7359
68.3483
378.5194
643.5737
798.9130
227.8665
234.7006
312.2526
482.6367
819.1148
164.2336
881.5545
825.2930
386.3862
863.8581
213.7660
246.9757
920.7718
762.5039
417.6960
229.2586
829.3441
819.8673
995.1663
798.0112
59.7454
632.3330
819.8925
47.1274
589.1203
461.5044
33.3198
208.3332
243.5863
261.3718
55.1527
18.1298
657.5515
721.1348
221.8650
706.2009
866.3929
41.8689
898.9585
255.5064
520.6899
12.5200
726.1790
203.9049
379.5754
794.5050
789.0461
543.8940
436.5119
848.7525
630.3673
270.1510
605.2648
432.9195
39.4888
20.4523
171.7466
262.6128
183.3644
664.4757
381.0753
394.8644
694.8790
361.9757
402.7578
684.8262
544.2500
114.5588
539.2623
443.5330
961.4176
703.7495
52.9000
912.5368
261.2682
355.1426
335.6566
792.0361
135.1639
108.8230
665.5475
586.6079
260.3377
549.9380
661.4199
856.3022
549.8667
538.6564
971.5003
319.3651
432.2634
847.6224
590.8238
102.0109
330.8012
923.5720
302.5675
838.1801
697.0470
778.2917
933.9352
364.0570
679.4403
224.4286
326.7106
463.2423
305.2732
780.8292
691.1802
654.1849
174.9059
381.4286
39.1356
192.7897
44.1593
64.0787
731.0216
27.8191
256.9208
392.7294
757.6740
356.7189
967.4100
81.5969
98.1269
562.0175
740.3385
923.4433
221.7645
522.3757
344.2723
680.9880
951.1073
165.6865
24.4011
702.4992
475.6137
20.4969
18.8953
906.3678
551.9758
889.1647
365.9228
459.4616
764.0370
453.5783
468.7952
202.5683
950.3325
217.5467
212.1895
842.6303
19.4903
510.7569
559.7281
46.3283
854.1179
509.3422
935.8877
594.4319
835.1729
640.7268
938.2722
998.6197
331.2189
61.6148
936.9099
347.8733
447.8456
442.8375
953.2454
468.4073
553.9459
681.9337
314.1926
719.1214
285.3511
941.0549
250.5591
337.8638
159.7011
715.4883
764.0522
777.5506
536.3499
623.8016
10.2085
621.7754
500.4822
947.9063
26.3966
689.8653
860.0515
757.6163
302.2318
41.2464
707.5496
626.4385
713.5343
501.8310
11.8805
874.6556
672.5146
132.7453
240.7905
430.3270
407.8766
330.8555
461.3356
724.8669
353.7636
23.2091
254.4917
306.8717
236.8630
841.4283
29.5429
773.4759
374.0624
574.0710
116.2112
779.5029
378.0077
731.0705
402.7710
95.9102
617.6037
83.9578
388.8909
627.0195
483.3098
174.8547
823.4803
527.2139
252.2334
468.1453
673.7788
509.4444
185.3603
124.7767
374.9086
627.0080
791.3490
654.1121
202.5870
310.0460
589.5132
864.0678
600.2059
183.0952
44.2750
551.2606
480.1672
243.1160
463.4006
52.9395
922.1694
468.2581
314.5267
58.1808
543.3307
533.2827
181.6187
117.6203
894.2926
779.7585
353.6895
181.4875
725.8204
429.2694
513.3356
786.7817
986.8861
138.5912
171.7617
25.6898
851.6896
870.0287
244.8204
689.3914
200.7092
632.7840
645.9192
119.6438
877.1887
419.3650
11.8484
0.8478
557.8995
444.0297
430.2248
13.4647
686.2152
851.4342
936.3268
914.1313
898.0050
562.6370
236.5777
98.3966
275.4962
273.6575
99.4405
199.2299
519.7023
532.2066
752.4133
879.3090
313.1281
780.3172
466.7194
979.3329
707.8271
56.0792
745.1829
984.4764
888.8807
756.8758
274.5354
989.7231
575.0576
169.3689
130.0014
13.4505
539.8612
365.0291
950.4286
725.9829
0.0459
281.0395
353.2190
425.4701
860.6271
960.6998
373.7665
723.1174
217.9930
530.7058
676.8316
530.1977
807.9121
911.3288
841.9480
223.8793
266.5077
603.9287
259.7679
229.2023
599.5763
25.8365
514.6986
67.6245
180.8535
287.2121
625.1244
338.1616
645.3627
62.2203
667.8563
253.0705
960.9321
883.5875
476.3083
625.5239
216.2169
815.8628
272.5073
924.5197
118.7332
121.9023
118.6420
941.9047
108.9416
744.4733
250.0778
18.7059
275.1453
755.1250
677.5375
467.8577
976.5858
54.3447
899.3821
167.9129
458.4636
223.2618
777.6040
441.7421
563.6352
67.7939
123.2011
242.9882
12.8720
589.9827
60.1702
835.4813
277.9130
367.4757
622.2845
161.6619
371.9289
520.6222
130.9825
456.5372
273.5017
781.8978
837.4027
888.1555
504.4773
530.6251
101.1317
925.2417
848.8089
27.6688
345.4694
680.3348
435.9261
709.7698
399.4812
429.6487
68.8448
670.0881
738.2684
723.3253
987.8372
963.5465
751.5653
503.5063
610.5284
48.8691
237.0740
307.4535
347.4278
692.1463
220.3802
622.1589
16.4387
578.1375
176.2779
49.8103
737.3982
881.5455
535.2087
922.5811
894.0639
95.4175
502.5424
174.2671
117.4060
800.1644
111.7616
255.8772
676.1720
67.1553
930.4115
287.1645
708.2196
792.0533
814.5025
772.5161
832.9565
525.1512
983.5125
951.7511
619.8903
740.5164
380.0840
931.9875
562.5331
499.9501
898.9514
829.1707
473.4794
79.1338
871.8098
95.7059
907.8935
938.8175
606.9863
675.6003
877.0712
557.0970
905.7208
19.6710
524.8165
58.6076
718.2249
59.1640
637.7298
553.6364
59.5403
487.1038
801.7510
996.7259
372.9753
423.0588
52.5451
164.5759
205.1907
32.6682
438.3892
18.1773
549.9361
782.1505
4.4544
398.7128
25.5207
68.1067
214.5943
529.8728
964.8464
333.9818
203.1941
505.9840
353.9774
441.0311
932.8405
13.8110
951.4621
648.9879
474.3356
405.6240
129.3289
134.7972
810.5483
172.6252
641.2250
623.6392
388.3532
30.5981
7.6130
24.4471
766.2161
229.7227
625.1520
908.0407
434.5462
548.9738
732.0045
602.1803
128.1319
427.0944
685.8631
810.0198
959.0971
46.0347
853.3614
463.1624
376.1260
795.2045
847.7774
761.9197
917.3388
7.8613
291.3025
427.2631
909.8292
335.2663
994.1244
416.3307
699.5982
975.8924
208.6109
514.8135
171.1006
850.6119
779.4229
510.1270
480.4461
35.9236
559.0999
609.2464
920.5847
681.8958
319.2180
897.4919
20.2305
165.4054
782.0894
174.3011
591.2549
301.5663
431.0860
356.1935
718.0930
950.0910
161.8835
886.4735
37.6447
901.5961
56.9905
179.3471
237.5696
838.1448
974.8753
780.8061
789.3225
526.1551
940.5930
86.4641
886.1562
63.3984
849.7702
396.3890
203.3548
789.6204
727.6710
80.5511
602.3001
107.3070
412.0552
785.4482
791.1349
439.2800
650.6996
47.2371
696.1983
562.2921
260.4429
105.2831
741.2483
249.7613
576.6864
301.4301
783.8634
696.6458
877.0498
715.3735
460.3081
527.2461
229.5769
291.1552
533.4064
367.8460
563.0727
1.8343
841.6331
657.2214
609.4523
693.1862
164.1196
406.0474
611.4681
522.5356
750.6682
255.8849
709.1481
666.6997
864.1125
251.9600
138.7398
381.0602
133.0088
412.4790
30.3415
217.4937
51.0400
176.4140
782.7649
964.9560
469.2656
811.7900
234.4719
21.2731
739.5694
212.5504
141.2524
812.5164
813.6340
997.7393
180.3324
807.8505
96.3084
967.1397
834.0036
376.3943
5.8414
714.5869
523.1911
430.4025
370.6420
660.1110
790.8475
486.8907
936.8009
625.4553
331.5458
602.4818
276.0524
58.7220
453.2117
610.8389
518.8170
45.9502
51.0163
786.1232
617.7649
266.8391
249.8405
88.4684
761.3542
994.9102
846.8806
826.2977
172.5901
27.3029
100.4508
53.2721
455.7028
673.4518
568.9283
901.5828
411.6714
208.0501
238.7793
923.7673
100.8601
14.8127
687.1412
411.1084
387.0194
823.6978
855.4794
885.1199
662.2449
32.7392
303.4010
246.7049
461.8534
258.5631
345.0383
99.2680
899.9865
620.8284
278.1165
572.4936
61.7252
806.0410
613.8021
997.6337
537.9971
226.9881
254.8654
204.9123
610.3259
764.2340
752.9945
938.7452
824.2156
838.9121
213.1766
787.9514
218.4623
724.5837
406.5473
225.6878
898.0179
127.3633
965.1632
701.9358
259.2217
645.7318
292.5917
373.9230
202.3349
298.0667
386.3756
587.0002
389.1600
837.8689
916.0243
148.3521
37.4602
833.3282
339.2088
645.9982
394.1587
95.2506
86.5568
606.8753
350.0506
256.6506
286.6919
648.3678
601.4607
221.9191
363.2969
3.8688
760.9215
801.4523
452.7122
967.3285
186.8321
377.2665
987.1600
577.7585
67.1394
895.7727
353.6095
467.2307
404.6130
190.3297
348.5139
684.8016
864.4628
404.4573
436.9977
995.1959
745.5720
510.9296
659.8111
468.6047
864.1436
670.2344
803.2870
834.8496
639.1944
617.1115
876.9123
219.4588
241.1319
826.1634
501.4885
725.5310
947.6068
955.8842
232.6314
981.3647
760.4510
420.1793
418.5986
202.0882
73.8652
965.7765
480.2191
456.2065
455.7790
65.7955
666.8291
554.3803
671.8940
671.5517
626.6456
310.6574
694.0392
458.8657
734.6141
77.8445
331.6827
334.0168
695.5781
987.1156
460.9764
172.9310
98.7741
105.0300
639.4131
565.7795
131.8393
954.1734
181.1646
594.9080
34.8164
49.4953
140.6199
467.6151
693.8987
17.7651
883.6188
111.8211
179.9997
334.0144
509.7313
273.4827
748.5353
688.4001
39.7583
689.7221
447.8252
657.3589
711.8359
169.6791
509.9855
807.5670
13.4687
882.0713
964.0473
996.5470
844.5506
224.1375
82.5771
217.5610
357.4999
365.5999
420.7546
110.4205
503.4812
933.8469
908.2931
983.9488
159.2294
425.4624
560.8206
842.3211
532.4539
410.3561
535.8392
23.5540
251.3821
624.3813
102.0758
459.0673
269.2386
344.8476
984.7244
304.7058
168.6941
955.3683
238.4171
486.2358
846.6936
801.1056
295.7160
905.2381
56.0348
439.6847
424.4520
947.4496
876.6480
415.6814
265.9082
580.9121
245.6625
275.1631
132.4426
442.7513
988.0226
712.7777
498.7553
75.3995
175.7571
757.5859
269.3922
764.2003
496.7031
549.6034
454.7263
311.1835
237.9275
606.2035
297.6235
838.2598
418.5268
473.3171
577.6835
969.8699
800.7219
676.7514
148.4703
122.5620
334.8228
365.7117
22.4742
379.2603
497.7674
566.2393
632.9949
825.6918
540.0179
704.9737
312.5985
755.0579
159.0879
498.9146
961.8566
180.0062
185.8284
509.0072
438.9873
26.3467
690.4361
25.7693
218.9086
414.7512
615.6486
398.5719
44.7842
71.3104
228.4779
412.2744
305.6712
461.1530
431.8043
680.1171
195.7384
319.2344
703.6284
604.5279
466.7186
236.7829
186.0571
141.2948
89.1150
974.6673
288.5811
665.6151
184.2626
489.7822
828.7623
398.7575
727.4234
596.5539
543.5889
330.3842
696.9326
260.4200
889.1097
535.1005
416.7974
798.6451
309.6420
499.8117
25.7168
67.8288
69.3119
155.9676
678.0583
152.7707
492.8346
275.0122
418.8815
327.3933
967.0395
342.7963
487.7263
717.3489
511.8189
966.6070
477.0277
416.6649
813.8041
21.7186
45.3925
512.2840
582.2864
665.3527
987.6391
166.5302
715.4061
557.9711
49.5973
88.2382
321.1181
391.2203
388.7905
712.0278
942.7616
225.5118
855.9916
393.7955
68.7663
824.3734
764.1646
163.6952
629.0739
119.4631
676.5842
556.5678
10.0705
866.0342
96.0363
491.9533
118.4009
424.9325
126.1569
849.7534
221.4708
357.2133
746.9398
943.2684
885.5063
154.1559
88.7154
483.5710
455.3338
815.2859
148.8266
159.2752
281.5834
678.6897
987.6884
314.4132
744.5848
201.9736
684.4416
887.8888
930.2197
886.7681
193.8811
960.5978
474.2925
933.3465
288.9305
543.4356
858.5965
63.9450
278.6222
497.1861
511.3230
769.3375
969.1537
469.4898
677.0276
286.9100
693.2757
112.2396
976.9011
350.0114
653.0701
72.6725
523.7838
829.8633
938.2478
996.2877
604.3512
510.6898
960.7974
478.7135
138.2039
377.5058
754.0945
287.9051
876.7131
993.0358
490.0335
255.9423
891.7427
781.0366
612.5304
333.3472
785.1838
360.9633
38.4389
438.6368
992.5688
362.7033
312.0793
446.6906
324.5526
533.3390
968.7362
652.6396
981.8158
280.2587
303.0509
924.7076
395.6927
611.1039
392.6966
225.4517
286.1656
470.9226
248.1327
805.1315
858.1943
196.8882
63.0135
508.5998
453.0287
382.2764
365.3550
404.7983
980.9370
564.0704
45.9132
761.4342
357.8241
472.0606
454.1795
356.8722
713.3785
500.9225
423.2515
322.0601
70.7340
728.2430
904.6957
70.8497
147.6091
404.3168
222.3672
849.0671
517.4485
652.3726
220.0094
472.6592
444.9027
365.0959
97.7213
510.9589
573.1034
572.0815
593.9214
439.4786
734.8105
392.4456
712.2814
134.7182
430.9428
519.1362
855.7950
616.6642
71.1193
453.3048
159.2997
622.2187
389.9568
912.5640
976.9701
719.8423
442.4862
405.9351
710.2745
995.1964
362.3699
535.6726
88.3402
457.6373
545.7252
108.8645
50.8160
328.4100
884.7549
449.2990
579.9390
184.4105
686.8884
338.8613
53.4908
650.0193
416.1533
785.0325
83.2336
684.4007
146.7781
46.2512
519.1226
338.3750
447.1655
756.9750
55.1579
446.3708
463.9213
618.8481
347.3079
473.3800
318.8726
804.4872
256.1128
431.6112
946.0705
667.7667
974.8362
234.9481
553.5223
867.9748
195.7732
423.4961
711.6592
299.4184
564.3112
412.8274
724.9697
568.1337
13.7962
728.2481
118.3872
443.4306
199.3279
456.4391
517.0236
718.3172
956.5195
342.8016
976.8688
930.6268
236.5884
257.4147
860.4165
831.9743
802.4120
612.5971
686.5497
38.2378
346.1275
537.7450
42.9928
335.6287
612.4166
617.7997
854.8697
833.0237
203.1398
971.9418
690.8098
6.9791
293.3935
730.7473
864.7273
438.4734
405.5495
245.1295
293.6317
200.2043
304.8881
211.5761
329.2263
237.2820
550.3363
722.1319
616.8151
942.1683
551.2017
811.5407
830.3819
821.0342
831.6258
321.8096
364.2682
937.3806
79.7067
977.7952
327.7853
89.2986
806.4369
681.3203
720.5488
557.8042
867.2917
243.1370
289.4488
865.4841
575.6272
184.2980
47.8001
733.7218
510.2845
632.9020
389.4574
892.4542
277.9478
238.9063
67.7528
570.2026
676.9370
625.9469
549.2803
608.8327
859.1342
297.0876
262.8188
875.0647
781.1757
185.4606
72.0072
345.7683
916.8015
837.8082
405.6272
540.9668
147.8454
150.1104
629.6168
892.0966
97.3106
507.9402
818.3667
275.4468
853.3403
425.3258
149.1354
30.6527
483.0830
933.5661
650.8135
959.4803
254.5614
200.8854
52.8671
962.0390
326.3859
180.3563
565.5838
444.1583
597.9045
593.9672
929.8333
838.2502
991.7211
778.7532
900.5949
525.2791
264.6619
583.6717
178.0605
781.5941
659.7299
996.1270
124.3397
258.4554
842.2482
492.7651
749.5730
130.3823
220.3300
47.9195
732.4607
176.2489
395.1290
978.1840
201.0661
494.1228
208.0484
553.9168
866.7607
400.2801
600.2224
539.0926
659.0625
167.7530
235.9721
964.6906
832.4378
589.0024
900.4404
787.0495
812.2266
26.6092
978.2728
629.8985
224.0874
407.6592
112.6217
911.5975
580.2890
147.6286
988.2554
827.4527
989.8125
647.1926
985.7502
568.1510
702.8692
638.7498
332.9765
152.5685
783.3806
951.2648
538.0398
976.5622
36.9816
883.3757
346.5765
945.2498
726.9832
616.2612
238.2679
338.0566
881.7017
198.6221
163.8513
103.1561
884.9258
234.4563
660.4941
819.0831
826.9585
788.0473
212.1211
527.7762
853.5764
68.4536
777.8581
123.5787
613.1313
759.1261
900.8837
887.4182
956.5191
407.9856
281.1521
214.6976
126.6546
678.0794
43.1301
467.3850
971.3116
952.7798
655.3580
525.0125
862.6536
919.5239
632.0082
726.3759
452.4556
43.8001
357.4996
901.3460
806.1745
73.3895
482.4355
655.5113
445.1893
973.1225
547.9554
262.5334
765.6167
522.4642
240.5160
849.2914
16.3347
221.7357
266.6835
279.3160
155.0792
349.8091
869.2297
996.4725
290.2026
805.9989
577.6640
657.2473
51.7306
544.8739
568.2908
414.8533
892.4807
67.0387
874.5944
424.7872
734.5807
789.9237
991.3614
754.9997
498.0165
491.9309
262.9772
168.4989
499.3560
465.7068
171.8038
994.0891
868.6883
585.9947
789.4448
188.6496
230.2521
293.1100
584.9132
177.4553
17.1542
397.4272
188.8910
496.5939
20.3741
773.1962
1.9550
558.2095
207.5214
943.9770
47.5862
786.8644
234.7355
190.0633
143.1274
637.2894
226.4226
471.6775
279.4035
428.2523
230.2936
320.3716
989.2708
189.5544
843.4436
566.1207
4.4537
628.2323
837.4426
734.1509
77.3883
803.2092
741.5491
577.6676
155.7076
162.4306
576.0671
394.0725
412.7138
386.1263
345.5065
109.7809
431.5988
131.3181
995.0620
162.2071
89.4040
481.4327
919.7816
698.6445
57.1260
725.0063
363.0357
187.6295
34.7284
921.8364
872.7950
671.4066
920.1490
648.2006
588.7946
765.4476
497.4251
985.2645
285.5114
942.1719
373.8337
658.5341
134.4175
578.3993
219.4432
379.0003
604.2120
50.7426
188.4108
75.3603
453.3111
518.1623
902.1508
111.6536
924.2141
253.5365
167.5830
858.8933
633.1786
736.6117
555.4025
573.2258
111.8664
595.3526
388.3611
59.5540
65.3916
272.5859
774.3207
706.4397
741.5418
502.5048
518.2989
666.0289
177.7897
141.9754
820.2346
219.4616
256.5509
55.6390
578.2778
120.0240
940.2130
802.3815
289.7021
355.0579
732.8272
35.9031
877.8274
116.3750
709.2920
766.5290
721.5975
421.8972
483.1390
34.2016
603.0347
131.1745
735.2647
137.2963
129.7474
440.7092
40.8020
899.8094
330.5253
82.7273
390.4031
478.7931
416.1851
347.1861
344.1689
948.1391
307.6358
235.9822
11.5905
467.1066
718.8754
706.2132
953.9647
397.6688
999.9209
757.0240
509.9675
732.1315
956.5459
869.6024
627.5738
258.5523
383.4899
331.7304
723.3795
80.6309
408.5170
178.3004
149.8442
976.8597
955.4523
50.7660
599.2792
678.0598
164.8013
773.0049
845.2268
398.9609
451.5509
987.8327
251.9864
794.8871
481.8954
303.1106
621.4595
867.6253
254.9026
613.5609
318.3927
712.5989
683.6505
158.3812
866.6320
695.3019
638.6885
720.1584
884.1353
635.1069
187.8738
719.1794
246.0065
415.1556
940.5562
798.6685
778.7248
958.7698
893.8688
671.5900
525.5142
145.4101
862.2508
333.9005
617.9967
370.3423
196.6385
258.8217
265.1754
475.2872
582.5140
751.0802
997.7897
312.4298
246.3836
909.2674
779.1969
485.6286
112.0440
310.8239
514.7609
321.2437
660.7269
71.7869
736.5782
809.5470
36.8150
322.9311
542.8880
374.0933
669.5371
6.5347
64.5392
491.5611
750.1854
561.0661
708.5228
298.5747
109.4722
571.4294
496.1702
261.2143
578.1749
400.6991
889.2319
366.7245
630.1567
521.6561
904.5930
351.4058
175.6163
578.0996
723.3747
271.2806
354.0716
22.9935
328.4691
696.0518
993.8815
930.7158
442.9215
681.3708
228.9712
502.3278
897.1855
919.1777
206.2320
685.0971
626.7230
145.4142
868.9661
792.5869
34.2236
856.6982
726.0118
430.0628
612.6206
766.9873
106.2899
674.7143
598.2652
162.5218
324.0041
909.0358
240.1952
614.6062
519.5372
533.3932
984.0397
224.0510
969.4325
850.9829
90.2593
628.6568
328.2351
210.2693
780.3869
58.6591
551.7799
276.4840
591.9330
864.4366
791.5817
825.9701
643.2674
389.4243
114.8895
243.6585
171.3042
55.2891
633.7636
522.4787
433.4624
487.8787
713.5461
460.9636
641.4067
394.7519
19.3014
175.9067
165.9282
254.2149
345.1705
452.0298
703.0955
182.8379
128.4947
836.2210
407.8677
727.5154
995.4696
134.1875
823.4145
422.6959
683.3205
304.9586
843.2468
860.4475
85.9568
744.4326
431.2598
618.6186
714.5382
781.7779
175.1745
90.8163
41.7341
331.7857
548.2250
173.2292
608.1373
553.5710
181.5616
472.3144
246.2781
404.6466
829.9156
283.3440
570.9894
97.1807
281.7246
347.7980
302.9084
510.4169
668.6058
147.0958
733.7135
238.1538
12.0172
94.9320
964.6376
709.3193
68.7978
708.4199
837.8029
144.0441
456.1139
946.4020
134.5336
943.0612
655.9104
440.6666
471.8395
573.5032
64.2794
333.0182
917.6962
746.8141
883.0296
69.6131
628.0427
983.5310
346.7129
562.3423
94.9697
341.7448
584.1275
254.3055
599.9264
625.7514
29.8861
19.1094
327.9250
665.5044
211.5948
460.0382
634.6601
566.9625
782.2864
112.5151
995.9058
22.2241
295.7692
32.4789
959.8187
703.5477
700.5147
999.8046
322.6634
330.1260
753.7314
56.1139
743.6477
531.4374
13.2197
118.8115
836.1107
614.5528
50.4428
110.0989
49.4982
826.5726
921.5058
167.2764
406.8807
562.9428
3.4733
411.8442
553.5448
748.0683
462.9458
646.9951
119.5992
863.5764
72.4345
420.1987
668.0756
385.6671
287.4492
646.3676
146.4358
733.7355
621.1159
750.7454
847.7564
365.2053
5.5586
694.2636
874.4651
144.9743
331.7124
636.7064
78.1243
69.2938
709.8572
671.0297
124.9218
744.8983
800.2954
840.1851
955.7122
899.1130
523.2027
93.2038
457.7729
468.3613
631.1636
985.5600
598.1833
800.7191
943.8725
339.0996
992.9050
301.6488
464.4882
895.1398
564.8565
903.9101
56.0433
511.8046
166.2073
323.1558
915.8070
668.6406
782.1230
491.9079
862.9779
265.9096
494.8711
705.8421
76.1732
806.1892
382.6007
896.8735
778.4204
416.4374
192.1980
784.6885
522.8431
898.5446
969.5080
553.4337
927.3888
705.3395
281.1472
540.0255
805.6807
869.3281
185.1352
657.7747
851.2030
3.4493
101.8806
269.2596
447.8360
522.8801
855.5828
291.5488
687.2126
368.1524
915.6483
363.9835
524.0253
842.3281
137.1382
143.4600
922.2870
388.8548
327.7440
351.4331
500.3654
736.0058
608.2881
739.3355
474.9090
436.6421
270.7598
556.4945
992.2503
868.8305
148.5069
777.3446
133.8084
2.5135
710.6217
931.0556
940.8075
201.7632
964.4136
927.2523
127.8730
687.5606
68.5747
275.3617
614.5359
860.3819
931.8670
818.0986
262.7598
217.9192
426.5150
352.9688
485.4217
34.6253
443.7957
928.8375
53.3904
16.5405
951.8133
586.6428
683.7218
899.0781
434.3068
295.6401
467.8883
681.4401
523.4260
755.8539
77.9000
957.2860
281.8591
203.5972
271.2347
745.9110
722.3978
152.2457
30.2063
831.0297
380.9502
584.6632
101.3025
849.7039
19.4612
603.6086
191.9294
838.4285
658.0889
869.8563
229.4976
593.2085
826.3961
495.5709
298.0324
669.2146
884.2906
36.8744
511.6534
338.5786
282.1177
507.4029
61.4368
411.7675
908.4716
239.7426
204.1863
794.4834
349.0253
861.1396
55.6377
676.7592
845.1860
198.9797
238.8657
391.9832
320.5523
222.0716
182.9862
799.0352
959.1607
738.8726
286.1626
818.1895
776.5745
164.3892
365.9896
352.8998
189.8393
301.4148
390.3538
164.3976
142.6830
316.0817
652.8375
75.2301
160.4486
849.5100
135.0323
616.1618
12.4044
321.7462
249.2156
593.3996
640.1944
581.2497
986.0781
344.3512
115.0373
648.7998
315.3234
997.8598
441.6762
951.1118
383.7078
338.2772
871.9127
82.1783
970.5511
63.9104
967.1339
596.8228
237.1322
206.6352
780.0818
338.0089
927.3499
296.4799
609.2289
878.0347
733.6944
493.6690
85.5690
86.9654
786.1741
678.8262
563.9523
227.2632
275.1732
607.5880
568.4432
647.5657
63.9326
280.2742
661.1163
256.0057
752.3396
505.0767
39.0566
954.9348
808.2300
119.1681
151.0148
809.4140
606.3188
125.7012
714.9631
258.5106
498.2960
4.7444
779.8001
207.0020
376.3456
987.6808
162.4232
625.7010
112.1122
55.7592
863.1356
456.7191
406.4827
342.5300
407.4304
638.0653
875.2364
852.0809
758.6496
215.4062
649.5237
530.7072
973.2164
923.3141
592.1999
937.5661
986.0040
579.7381
557.3093
416.5695
553.6250
266.2901
288.7064
421.5256
730.6027
211.5088
710.0610
915.6102
270.8016
917.9563
0.4075
275.9940
929.8004
661.9049
468.9732
436.5259
283.1698
241.6843
213.1949
854.0714
174.3176
837.9967
65.9838
362.3674
54.4427
610.2542
471.6481
345.1466
12.4289
723.0984
978.2015
773.7419
768.7538
315.2515
212.1537
824.1878
513.9180
774.6369
775.1841
525.8324
1.8202
109.9289
94.4681
584.3375
164.7682
336.6079
106.8771
66.5743
183.2528
986.2642
387.4493
888.9691
296.6577
184.1655
871.8897
803.3323
731.1028
919.1326
811.3886
888.0143
465.2252
225.3149
339.7410
983.7919
95.5702
304.3048
149.2105
301.0905
831.6799
840.5706
582.0820
527.3596
900.7477
829.8187
778.2536
601.8519
618.4649
390.0921
773.1157
788.3352
829.6436
571.7517
68.6452
841.9645
892.0332
962.6246
471.2934
90.5697
151.1650
394.1923
891.4231
422.5611
732.1683
79.9953
449.4951
592.9746
393.6470
699.0077
196.4130
118.3855
120.3879
197.6517
437.0974
850.5077
663.3417
267.7834
380.2731
428.3500
869.8955
237.1364
464.5246
481.8063
935.0929
279.3945
39.6557
679.1119
236.2925
228.6336
819.1738
788.9252
749.4551
126.1945
809.6341
792.2200
221.4414
773.3741
736.7270
515.6622
787.7038
53.4128
3.9569
978.7898
560.4855
767.8143
655.6383
477.6713
604.1714
60.4896
762.9707
368.3213
590.6163
137.9003
346.2711
218.1018
112.8312
782.0080
944.9266
382.3278
956.4401
249.2662
63.0818
652.9804
773.4625
504.8697
487.8632
100.3858
523.3923
502.1654
978.3493
409.1921
506.5583
599.7164
544.1903
217.6174
599.9854
572.7787
835.5436
473.6965
460.1789
30.7781
307.9906
387.7717
951.4908
18.0179
621.1782
453.0144
780.6725
638.5411
651.6457
901.5341
542.8381
972.9921
982.0746
536.9938
244.2708
612.5967
808.8592
988.4292
382.2081
89.5249
604.3436
682.8079
49.9662
229.0964
0.7856
92.9079
163.5881
455.8498
207.0222
628.5810
954.7459
507.4510
20.8752
352.5658
757.4127
9.5464
152.9234
691.3779
592.7156
117.3682
292.2616
889.3879
989.8917
346.9321
566.2258
651.7039
131.3331
371.1109
847.3137
921.3071
778.0449
801.2070
43.8465
452.1063
787.0112
108.4347
44.2032
437.3827
675.2597
677.2445
741.0248
733.3464
825.1835
614.5221
651.2678
677.9730
406.6579
77.0186
164.4871
155.6324
224.5922
410.0998
979.8212
605.6834
303.3133
508.1584
685.6077
634.9089
336.2986
444.4957
166.9478
906.8734
405.7261
471.3865
79.0764
89.6406
577.0253
439.6321
967.9009
481.0582
892.4140
295.3302
309.6839
942.5466
962.1830
103.3975
911.6970
555.4875
115.4972
936.1152
81.4538
845.4381
962.9622
540.2981
619.1166
331.7993
811.6282
790.8777
822.6810
244.6048
423.7287
947.6838
504.4553
207.1171
541.7187
570.8888
764.4583
460.5497
253.7790
269.9997
823.4097
935.1888
518.5763
441.4725
37.7434
117.1473
240.1101
217.7823
872.0107
21.5562
97.9578
845.8099
145.5705
424.7837
172.0971
616.1630
911.9042
965.3964
12.5084
380.6008
32.7449
53.1644
108.8322
306.6410
21.3117
152.6099
977.2148
49.7751
16.1154
321.6287
646.9367
983.5302
591.5662
561.2716
635.7823
261.4220
279.8617
617.6781
607.4134
227.7494
166.5023
56.5238
227.0226
822.6659
300.7486
870.0797
624.0787
561.9876
591.2218
981.5718
821.0007
383.9310
342.0880
826.2809
366.4787
267.4760
425.6005
942.7167
571.0972
527.8286
32.4564
467.7554
529.7909
378.8404
23.2567
691.7508
475.2367
39.2781
28.0688
455.4030
605.2981
895.0274
621.9886
416.6718
304.3866
625.3733
844.9442
348.1134
946.3008
148.1628
813.6325
93.6020
288.6269
70.5418
587.9657
223.5725
838.0862
670.2312
511.3021
157.3449
863.5299
244.2543
507.7883
105.3550
916.3957
477.7908
401.6007
489.3235
112.8967
632.1962
907.5190
975.5516
312.4412
83.1071
358.9244
405.1374
367.2864
826.8257
900.4460
166.1627
127.3162
635.8225
613.2955
729.5454
829.0836
476.9550
159.9598
564.3923
605.2912
972.7036
913.8307
222.1649
876.4473
438.4543
415.2852
706.7999
401.0069
726.9428
290.3431
3.3182
159.9887
322.9224
532.7507
904.7682
243.2635
747.4373
241.6722
598.6330
748.8480
836.4317
366.7049
709.7441
716.9982
870.3301
10.8557
3.4352
904.5249
79.8589
131.8114
577.4958
74.4021
843.9084
606.6380
493.6481
154.1666
814.3175
286.3550
717.5813
987.2398
115.9322
535.8545
62.1644
559.4720
569.3433
564.4808
695.1906
115.7087
904.6218
710.7841
180.0710
537.0956
958.2499
421.3409
214.1099
275.3870
904.5052
483.8355
94.4977
349.1509
292.7291
712.0638
184.9538
506.0662
922.4904
155.7821
296.2163
790.3649
344.5735
345.8960
712.6666
211.7246
353.9284
295.9554
238.5427
325.4094
641.9373
504.2179
632.0929
955.0754
90.2154
906.4105
475.9375
888.2692
444.6633
998.3741
536.4070
910.3728
617.4105
979.3367
826.5310
423.5022
525.6773
837.6799
212.1588
185.9957
810.2827
94.8549
405.3494
511.8214
939.3942
462.2568
805.2552
31.4488
490.6637
710.5309
810.3440
234.7543
482.4204
773.8409
447.4059
854.5143
293.1795
865.6579
841.7611
161.4907
668.4654
91.6254
137.6676
56.8727
45.5148
636.7289
203.2166
29.8155
661.6721
784.0622
579.8406
693.8486
824.9153
953.1495
349.6176
442.6916
56.6042
561.1202
240.9611
839.7907
719.0823
26.5344
915.3675
399.4373
943.4822
618.8240
491.9723
285.4529
957.7890
811.7241
67.2646
463.1480
447.1173
748.1797
575.4328
245.8033
341.7892
724.5757
796.0510
743.8556
512.3940
802.0992
207.6584
985.7170
947.5911
972.8931
736.1179
927.1781
114.7120
678.9519
378.2780
222.4923
387.1299
325.0621
675.4119
9.5598
104.5873
392.0521
646.3941
354.8591
732.2028
540.5659
66.8721
978.2745
385.2714
282.4766
845.0754
180.3887
574.8987
54.9484
707.6790
171.5046
680.4044
379.0623
91.8551
741.2122
471.1323
159.5771
152.5419
311.7448
920.5733
756.7817
753.2355
36.1018
639.7080
811.4703
888.2870
4.7684
626.9220
431.7019
128.9582
649.5832
12.4109
551.2806
72.0650
762.2622
52.9415
315.5188
218.6035
411.0274
442.5307
203.7565
431.1330
946.2826
228.8663
773.0287
478.6295
325.0111
545.8947
746.1721
436.6452
318.9524
652.2971
389.4433
12.1424
471.4861
146.3674
826.6503
953.8590
511.3386
918.7782
81.8122
464.0301
743.1544
575.2824
398.3563
582.7792
280.1265
138.5217
88.8149
237.5638
633.8689
372.9363
70.7332
43.8433
502.7237
310.0544
443.9853
412.0065
444.1017
145.4727
556.8433
320.6301
615.9218
756.7812
833.1568
645.0805
987.0711
175.5740
332.0557
802.0266
672.1476
230.4839
368.3985
255.2612
375.7445
298.1208
160.9272
347.3612
870.8919
310.1771
911.7527
309.5311
637.7743
339.3415
21.5490
633.5456
428.0085
776.9212
108.1830
864.0258
437.7323
551.1014
621.9007
565.9854
888.6804
987.6457
891.2531
83.7339
540.3347
850.7000
909.8837
303.1890
184.3183
111.1718
215.0733
848.3245
218.3154
192.6167
358.6507
7.0177
893.4839
105.2953
134.8659
156.3817
491.5311
846.4190
221.4459
27.7240
940.5868
105.4766
136.1062
771.0447
284.8771
695.3358
250.4900
719.2161
563.4815
624.4435
328.0831
152.7370
822.2371
315.2585
952.6557
858.8152
859.4613
821.9579
200.9178
797.0297
726.7473
491.8880
717.0253
581.7060
22.3271
324.5420
395.7534
340.3374
938.7479
341.0687
155.0143
824.1496
977.6528
480.6020
767.5379
771.5108
671.9972
871.0637
536.8454
439.1257
408.3942
987.1563
165.4767
475.2398
712.4418
757.9724
423.2574
196.9327
88.3230
819.3874
304.3804
931.4653
424.1546
11.4125
7.9702
739.0948
514.4970
951.3850
267.7602
122.1922
819.1869
418.2026
21.7874
891.5890
807.7157
971.5960
925.6520
691.5060
411.1239
909.4442
210.9279
364.3324
779.0756
52.4615
156.1233
79.6301
561.1062
975.4607
303.6834
372.5359
223.0018
312.2801
423.0837
438.6237
268.4972
176.9410
288.3913
635.7116
496.9678
800.5259
685.3713
271.7267
35.7130
431.1093
823.3183
480.9194
95.4179
793.1770
360.9459
531.6560
667.0073
845.0398
727.4971
684.7402
941.0248
841.7819
992.7373
590.1703
884.6861
801.3958
612.0668
416.5662
882.3245
892.2624
889.4467
697.0167
368.7908
519.5288
932.2730
644.7097
698.9481
627.2283
385.7995
438.1994
56.3326
570.3894
586.0955
469.8125
343.7326
508.0792
4.2015
100.7987
962.1515
619.3342
23.1177
917.4257
464.3620
720.0219
779.5142
640.5807
562.2858
91.9781
478.5272
586.6361
816.2959
96.0787
541.3783
136.3911
214.8306
548.3035
266.0676
186.2502
189.7761
321.5593
61.2074
226.6310
169.7098
725.5549
466.2479
348.3661
441.0544
48.0284
390.9529
310.9376
159.1172
763.4736
50.7361
270.4835
332.2698
889.1272
704.4838
323.7659
628.3076
576.3173
30.8096
570.8973
708.6967
848.5630
536.8318
648.2601
812.6612
502.7704
746.9802
776.2706
333.1834
392.6347
623.0425
181.5696
339.7212
38.2072
492.2830
815.1736
163.8383
498.4374
850.7360
710.7692
811.7167
772.6485
759.5127
901.8651
866.0747
428.3532
22.3342
36.7140
218.2976
803.3532
33.3182
577.8576
302.0250
559.1968
882.0485
62.9025
311.3871
355.9483
479.3418
617.8818
945.5479
592.5050
627.1631
800.1693
837.7986
742.1549
574.0473
978.5870
590.0922
604.7986
309.1611
440.6263
566.1476
819.4014
818.4012
118.5517
329.6736
850.4796
731.4363
338.6091
757.9286
96.8905
539.9283
685.2636
437.3706
145.6266
899.0826
404.5704
825.8409
6.1081
757.3833
885.0645
872.6471
276.4864
356.9975
757.1145
459.1382
260.2287
730.0391
683.5643
253.6817
911.4457
42.4287
481.6201
305.9654
527.6319
470.4378
290.7285
355.6885
113.4319
855.8211
86.1731
523.2428
664.8911
659.2824
738.0533
110.6912
129.5352
3.6692
975.3190
616.7383
534.9093
185.7886
778.4656
483.0115
943.4796
725.0396
101.8412
868.7006
2.7418
128.9161
571.1217
352.4817
55.6038
751.0417
912.6394
652.9350
59.9731
372.1573
246.3759
802.0462
133.5174
267.6674
99.4931
409.1571
660.7052
134.6128
989.8696
295.1066
481.4939
590.0529
158.6097
904.6842
772.6576
186.1199
971.5572
942.1291
886.9850
136.8587
636.5491
751.1512
999.4705
58.8526
292.2535
801.5951
549.2771
235.8812
9.8258
935.8085
274.1613
167.9061
434.4275
396.2348
605.4193
691.0838
313.9638
622.2216
797.9015
642.0506
771.1791
73.2308
55.2301
168.6885
581.6461
424.6853
184.2881
7.1753
255.9368
156.8409
954.4688
933.3145
660.2392
431.1685
398.9475
554.0641
450.4913
682.9116
808.0587
389.3726
850.1805
896.9863
479.7387
381.9527
157.6191
54.0351
562.2461
656.2661
680.5327
415.1920
34.3923
414.1211
99.3714
207.2169
730.2869
119.7278
728.6435
106.6341
993.2639
221.4377
240.3935
183.5519
189.9398
142.6738
551.1278
650.6703
3.3474
902.0440
491.6858
848.3607
122.5601
858.1888
622.2220
103.7387
346.0928
307.1902
484.3790
202.8572
51.7808
217.6377
883.0764
825.0334
391.1530
770.6414
656.9976
795.3097
375.7001
586.8472
757.2436
926.0908
372.6040
718.2954
478.3183
431.6171
609.5736
579.4407
844.2224
42.0451
180.2449
650.4098
210.4951
738.1360
728.5720
609.9614
72.9453
203.8035
451.9204
759.7092
540.9417
273.2439
865.5741
412.7278
291.3686
303.8862
9.7751
221.0937
828.2744
747.5409
123.0829
974.4903
827.6210
117.7219
755.7800
304.8673
546.9958
391.6369
999.3399
726.4354
278.8906
64.4148
766.8035
178.9385
975.5363
366.3812
166.2443
677.7086
238.7724
862.4418
439.8291
447.0125
869.2773
643.3920
709.4549
818.4961
925.3523
450.2737
760.5833
708.6102
613.7778
969.3704
751.6500
61.9012
823.5130
618.2045
649.2641
213.5008
708.8078
411.8078
21.4782
756.4080
747.3721
943.6914
805.2183
820.8159
552.6443
322.5369
644.6591
965.5856
42.5039
153.6081
435.9739
219.3338
860.0151
984.3665
343.0332
836.2724
142.1169
741.7848
967.9948
11.0050
641.7284
797.4584
464.0279
193.3938
366.3988
665.1662
966.3371
985.8359
450.1315
832.1291
401.2544
259.2987
416.5956
743.6881
221.1417
672.9663
353.1988
206.7241
930.3828
479.9216
201.4642
629.4427
870.8916
417.5483
304.1860
171.8156
413.7475
183.1197
556.2575
547.0465
587.7057
664.7673
5.2602
998.3867
334.9222
441.6082
579.5451
292.0342
477.0890
943.2906
614.3622
738.4112
969.9954
363.6164
808.7243
476.0299
752.1904
20.0668
540.3135
417.9724
642.7568
43.5756
413.6464
534.5616
210.1105
571.8391
456.2388
2.2077
554.4997
162.6491
563.8393
767.2533
100.0903
681.7519
57.1395
175.9386
860.2937
699.5313
211.0473
163.5275
209.8573
606.8065
781.5743
188.4357
595.7396
20.8505
205.2744
85.6806
831.4634
102.0872
563.1882
418.4916
803.9690
436.6341
773.7146
635.3776
62.2071
228.1643
858.7928
546.6645
115.8496
923.1886
260.5879
803.8191
148.2617
654.2420
170.2607
873.6964
727.2661
65.1295
972.6725
419.2743
291.2371
866.4268
284.1287
388.8924
571.1635
592.0589
482.8769
229.0867
309.7154
197.7804
549.1767
154.2901
190.6773
474.4175
57.5739
56.5878
542.8835
929.7875
865.0732
141.2758
111.2134
981.2781
249.5352
709.8477
227.8282
66.3806
537.0391
867.6041
491.7464
614.0622
607.7401
180.3183
186.1221
407.6940
608.1774
120.1835
53.9636
126.3079
120.4220
193.8261
173.6425
142.1941
363.3502
906.1293
52.9085
282.5440
506.1411
555.9255
672.2801
879.3961
269.0985
221.2344
283.5911
722.4765
497.8256
934.0034
967.3749
491.1880
354.8652
844.2727
399.4798
525.4165
512.9588
643.3856
207.1519
854.3742
178.0461
413.8471
542.4504
399.4867
704.0797
248.2952
289.7132
343.9656
641.9302
204.8127
923.5634
83.3177
209.9790
70.0802
315.4636
904.3742
573.4886
482.8606
522.0856
513.0964
403.5668
120.5433
794.8421
413.0027
768.2880
711.5478
898.2888
453.7241
110.1845
136.6966
707.0180
123.0509
103.1572
965.1557
283.3604
8.2129
964.7632
820.8941
360.8362
461.1750
790.4115
275.3878
867.8662
869.1476
39.7079
642.3792
148.7917
677.9946
921.2680
461.9744
700.2661
450.9917
289.0565
508.4074
812.2104
506.2070
608.5782
294.3348
960.7314
566.0738
259.5171
819.0858
441.3076
193.9816
578.1289
279.8793
900.2523
372.6367
532.2470
965.6056
360.6986
758.3122
768.2311
577.9856
973.9033
326.8221
632.4834
36.7140
723.2303
903.9798
891.3602
548.0634
226.8950
766.5854
700.3289
533.8585
399.1871
714.4936
291.6244
249.6993
791.1140
873.6372
917.1894
787.1804
52.6160
151.8972
946.4827
438.1758
438.3891
24.4514
560.2600
733.8559
951.9493
840.1133
687.6273
929.9806
807.4129
942.1970
785.6295
419.2642
369.2489
916.9406
399.7099
548.6315
484.6211
174.4093
643.1481
465.3085
492.9741
701.0261
501.8862
970.0139
589.3910
186.5364
206.2822
286.5840
680.7403
198.7553
446.8516
912.8488
657.8020
66.9325
968.5022
889.0385
583.3718
324.8148
648.3730
858.0824
481.5801
83.9374
772.7825
681.0092
524.6422
284.2097
400.5555
781.5034
948.2105
688.3828
698.8457
339.6834
720.9183
85.3114
653.4162
522.6088
115.8629
228.6993
63.7949
792.5316
784.4803
767.1810
485.7611
464.9312
549.3403
199.3132
997.0759
87.1942
711.8007
995.9258
774.7867
44.6766
720.4205
188.5030
301.9066
595.7535
315.8481
408.5886
811.6449
275.0059
962.5922
226.4934
216.5232
479.0468
646.5796
663.4451
127.3941
722.5539
674.5591
143.4128
585.6034
365.7394
216.8151
226.8822
406.8234
933.7933
679.2147
473.5482
930.8480
425.0972
163.8003
638.1651
242.5064
372.7559
951.4453
338.5350
108.0965
955.3272
596.5095
169.8260
335.6886
116.0974
953.8171
628.1059
116.5444
979.4661
783.2810
68.6873
644.1349
899.3236
494.9273
529.6714
801.9968
584.9726
413.7909
855.1571
535.7005
130.0706
297.8438
507.4861
710.9915
643.9299
912.7850
910.5925
349.0334
346.5520
520.9406
992.0195
961.9905
237.4021
209.6047
30.2735
645.7334
415.6049
20.7616
363.4954
465.0733
99.9127
209.5430
470.7324
76.3587
390.1777
819.8772
200.6469
622.7652
167.2248
685.7989
429.8747
765.5983
32.5205
207.4573
510.5232
20.5458
155.4586
654.9644
299.6463
825.9246
297.3980
596.5095
193.2933
76.3873
226.2380
276.4380
632.3853
870.8595
553.9863
451.6332
306.6895
587.9227
221.3331
358.5932
141.3163
272.0429
418.0754
593.9968
93.8962
936.6213
427.7615
697.5453
118.2603
954.3569
612.4808
714.6385
883.0320
792.4642
692.1424
833.5604
409.8147
744.2991
148.6221
283.7074
847.6137
249.4007
960.3552
947.4285
210.5686
965.5689
149.5997
211.3111
312.5306
453.7787
659.3879
372.1200
133.6130
793.4336
552.4655
139.4857
236.9608
150.5047
511.3209
305.1053
767.1719
824.5182
164.8437
285.2047
718.6386
277.1873
622.7536
708.7434
349.6677
62.0173
563.9788
365.8686
713.2727
871.8625
576.9989
730.3128
658.2074
757.1723
593.0080
956.4289
65.2741
956.3724
817.0565
615.0153
906.2779
855.1268
367.6732
24.6827
940.3288
754.4505
824.7528
708.8910
193.1221
864.9660
814.9354
851.7199
368.8510
149.1023
371.0096
255.5245
636.1347
921.0560
365.0489
217.4792
393.8066
128.1584
59.0896
666.4286
755.5547
438.3490
489.1565
375.2855
602.9107
151.9545
377.0552
977.4363
165.5795
433.9583
608.6878
835.8200
979.4717
349.3591
788.0566
113.7714
370.8230
451.4874
53.1694
394.8270
373.9245
782.9713
22.3322
936.5803
94.8420
159.9462
30.2086
68.1278
305.8082
330.4045
643.5216
352.3419
392.4435
779.8289
305.5193
90.7814
46.5241
137.8784
949.2899
872.7705
309.6419
73.2085
804.9203
220.2521
194.4617
68.5772
804.4834
705.2085
818.8966
89.9062
227.0547
206.7464
866.6018
557.0336
435.1198
40.1257
415.0555
959.3731
348.2404
60.1093
49.0813
531.4198
748.4621
336.7465
765.2553
966.8198
723.8943
143.5973
218.1324
850.8003
911.1281
991.0189
296.7310
484.7469
469.9935
393.7167
790.8210
869.0171
338.7513
332.2137
963.2887
394.7900
725.3049
588.7092
784.5927
452.4069
458.4368
988.5539
376.4639
255.2371
799.2774
628.1865
764.6630
899.2391
822.8286
331.0422
438.4357
776.1935
636.7108
669.8332
561.5977
177.5719
493.0958
322.4698
230.8330
925.4671
732.5984
289.4462
626.8959
632.1345
157.9970
122.5298
815.6969
712.6253
355.1965
610.2465
398.7935
202.2559
655.7218
36.0644
310.9184
305.7975
673.6739
451.4594
743.5923
506.1735
193.3533
681.9591
905.8958
622.8391
962.7338
773.4516
355.9494
517.0410
784.4001
109.4880
853.8894
712.1450
891.3040
935.8915
184.5848
467.5393
298.9189
983.6068
685.0455
254.2945
497.5794
818.8693
916.6261
965.2250
237.8161
929.7589
312.4304
966.4381
163.0637
371.4717
440.1789
835.3857
771.7007
530.3390
40.5113
570.8329
624.8579
900.5849
448.2391
127.9788
234.0404
791.9387
116.5314
532.1994
396.9715
363.2569
475.4834
997.4325
676.2943
826.8191
799.2772
472.0246
448.8977
943.1320
747.0943
569.0849
861.1885
760.2716
29.4574
370.7669
687.6898
467.0756
10.8225
919.5690
633.0962
226.2295
63.5096
576.9034
217.4618
865.3924
103.8437
633.5504
439.4006
301.6308
727.2903
612.8103
784.7050
677.1181
456.9150
296.8623
500.9154
159.0833
360.8071
880.3376
680.8542
148.0047
331.0584
513.6777
49.8017
259.1683
583.2097
207.5723
915.2794
546.0572
471.2162
198.4956
65.7277
11.8709
922.2550
178.8746
425.2135
383.6487
222.1992
160.6620
958.1222
274.8428
611.2164
159.3360
121.4358
738.3304
46.6650
923.1324
327.2216
242.7219
307.7453
891.0621
810.5884
712.0537
31.9923
326.9940
391.1221
300.0190
666.4240
540.5909
839.4428
647.3887
753.9191
105.2325
434.3435
601.1323
973.9580
443.3596
568.9642
613.6268
992.7244
420.9863
537.1624
604.5074
22.8292
296.8930
375.7203
844.2806
884.9395
191.7694
705.9708
309.5778
128.1336
289.7076
955.1898
123.8344
881.1593
500.4060
902.9471
63.4546
183.5384
224.8715
368.9873
782.1576
958.8733
264.3613
964.0652
499.9024
51.0096
224.2932
880.7486
997.4983
971.3246
605.3419
619.4095
913.0634
625.8830
728.3529
244.4196
740.5315
673.7397
882.6558
286.1946
110.5245
842.6208
836.1091
779.6936
887.2079
803.8886
815.7689
341.2523
887.7103
820.7770
363.5127
212.6730
733.4951
740.9472
451.2554
314.1380
658.4059
560.1547
130.0661
339.9393
857.5993
857.5450
101.0280
406.5304
156.4307
734.2466
269.0729
653.3036
562.7418
199.2608
301.9706
593.6270
407.4998
634.5037
609.6410
431.2203
428.3534
476.6630
620.6469
693.7951
204.6260
146.1817
989.2335
508.0558
477.9607
752.0319
152.3853
466.7475
182.2931
379.0368
729.2783
255.2820
430.4879
739.1732
331.1606
631.8262
525.9435
965.3398
902.5187
723.3459
35.7501
14.3319
974.3597
985.7526
676.7110
580.7314
262.0150
238.1952
564.8949
876.2035
946.8718
48.0596
401.5142
20.4457
206.5541
796.8935
354.6150
276.7402
852.3040
457.9005
154.6231
26.9336
954.3829
794.1850
197.3416
588.1447
830.9741
764.3256
799.9600
937.9568
637.6953
482.5467
319.0597
25.0720
902.0069
258.0416
85.4980
989.4147
83.9540
583.8255
442.6944
94.3786
179.1683
386.2483
128.3576
502.7051
882.4946
177.0343
440.7961
56.2933
702.8188
429.7356
676.2399
678.0497
258.3659
259.6936
741.4024
898.2653
231.2055
883.9986
584.8240
891.0271
926.4377
927.4372
380.3976
709.4356
272.2323
520.6950
157.9967
496.0229
898.6858
140.4521
844.8982
290.8129
850.4578
65.8900
916.1976
659.8636
412.7477
939.0377
130.3667
478.4987
873.7372
134.9539
554.9818
607.2291
822.8899
186.6674
163.7963
333.7326
861.3921
410.1506
761.9222
963.4651
20.5409
923.6111
421.6779
71.0638
163.7673
285.2700
406.1971
143.6906
576.7190
910.5667
485.2456
413.2378
883.8418
648.6433
904.0315
612.6373
15.1257
256.8886
153.8853
490.9278
965.4017
64.0973
189.0538
484.1605
922.9854
502.2480
396.6880
331.4461
940.2161
881.1937
926.0454
591.1280
303.2553
312.2040
319.9390
50.1699
204.0965
155.9772
740.1733
632.9172
100.8567
254.1550
289.3693
468.4957
760.2754
325.1868
912.4916
740.7546
817.7208
225.2547
227.0801
489.6484
502.7472
285.7309
665.8893
286.1162
454.2103
581.4362
852.2587
795.0694
799.2042
971.7428
205.9432
682.8960
410.4456
6.8667
60.9441
78.8110
158.3081
471.9794
902.6028
70.0794
880.3701
256.4829
163.1515
93.4234
36.4421
333.1045
988.0810
468.1777
130.0804
15.3328
797.0892
224.5775
34.6584
169.4294
668.5903
751.9334
615.1246
321.8312
523.1101
109.7393
723.3374
522.3828
126.0308
141.8677
801.9799
941.3703
924.1417
467.1976
290.4880
432.7330
31.3824
362.1484
364.9905
187.8770
738.0845
110.8841
183.9956
687.8508
230.8819
707.9656
182.3041
912.3369
686.5896
734.9312
685.0019
220.1903
206.7536
495.4532
153.9741
946.0554
148.7486
490.9959
881.2551
191.8281
298.2320
710.0650
333.3670
527.4974
832.3899
836.1005
506.5945
292.7980
776.6914
133.1445
836.4498
837.8185
472.5463
752.0476
518.1469
745.2711
744.2696
773.6092
578.4180
831.6904
255.5031
468.2900
513.9825
506.4896
589.5590
836.9753
853.0600
905.7367
92.4231
71.9715
396.7678
169.3263
672.1891
474.4425
470.9598
31.7103
540.4708
683.9677
272.7416
263.6055
979.8083
697.0575
912.1430
29.7641
932.7322
929.6148
804.1522
621.0265
121.8940
45.4407
224.8935
247.2660
674.2018
729.4215
197.3057
181.1954
861.0744
18.8511
348.1501
402.1642
178.4885
977.8988
713.1743
3.5643
153.8084
159.4132
695.3902
817.2373
141.5657
83.8042
103.8364
885.0066
521.1162
693.7489
534.0840
727.4820
134.8663
293.8532
23.4621
359.5541
91.0419
712.6381
421.3929
57.4665
901.0926
901.6752
72.9082
910.5448
840.3748
127.2437
345.9206
718.5140
191.5714
659.1354
941.6102
981.9722
9.5741
500.6901
313.5479
987.2410
243.4150
439.0049
262.1064
808.4407
265.3861
695.9135
178.0047
648.6708
96.3023
401.9685
465.1632
951.1675
855.7041
172.0467
785.7958
503.3144
717.8237
290.7468
514.3869
109.8312
955.6511
317.7467
780.1807
62.7429
943.8757
758.8417
869.9474
525.6813
701.4044
843.8276
565.7385
205.3504
11.6117
674.7549
753.3318
866.1752
437.1319
639.0021
722.8387
536.8068
407.6812
551.8654
491.1079
143.0898
305.7660
604.6051
227.3757
227.0491
397.1081
704.7581
891.6266
909.2306
661.5761
979.7733
301.9968
324.9249
209.8725
115.9405
772.5264
324.0454
957.5000
69.4073
214.0301
178.6281
869.7484
384.9489
107.0348
135.6230
350.1947
921.5596
441.7850
804.7603
365.9316
844.3880
932.9131
268.8427
800.7537
369.7819
572.5864
472.6707
744.5472
848.8764
359.8355
424.7023
775.7721
826.7128
922.9180
286.6989
780.8514
518.9928
115.8938
303.2657
360.6861
616.9571
714.4930
186.5109
171.6441
871.7486
822.5921
448.8715
222.2654
638.7422
427.3834
482.1870
202.5671
261.6389
953.2861
221.4461
854.6539
534.4918
305.0422
338.0897
125.9810
756.4271
42.8909
315.7379
425.4080
555.2633
596.6979
130.6547
306.8038
150.9696
18.0230
818.8447
584.0530
124.5186
129.9501
740.9525
919.2405
11.4348
716.2856
839.5206
327.6386
77.0288
173.4619
411.3135
153.1331
360.8463
394.6655
701.6641
704.9260
792.9315
241.2640
451.4149
716.2179
814.9097
756.4172
456.8726
984.6615
336.0918
655.5869
552.2946
887.3881
677.8356
395.9313
147.1432
526.1169
272.6420
819.2367
371.3704
676.2853
595.8153
473.0799
161.9881
653.2888
354.2532
212.4266
838.3564
28.8831
602.8157
42.9013
130.2778
133.4763
928.3864
401.5540
649.2169
182.8364
686.5789
673.5200
518.8047
142.7382
801.0196
289.0967
446.3801
20.3670
972.2574
178.4863
549.7679
485.4905
355.6233
890.1687
50.7076
862.4508
885.2727
901.9757
514.0867
393.6151
156.3301
744.4480
45.8838
963.8837
433.1502
106.8070
429.4814
770.6875
279.3436
403.4108
710.5032
138.9544
710.0477
607.1490
117.0104
844.0269
881.8651
729.9837
432.4815
405.9524
519.3375
568.9428
403.4025
28.5674
170.4478
391.4887
186.0910
695.7678
562.3299
431.3445
594.3560
164.5136
789.8269
929.7492
464.5171
406.7562
953.7297
78.6975
231.4213
786.3185
417.2395
464.1094
553.5009
789.8355
156.6276
917.6586
372.3899
413.7994
184.0505
307.0068
627.3544
816.8227
958.7423
41.3433
102.2312
42.7340
776.4946
227.9564
335.6973
465.9882
962.9354
71.0616
400.4813
9.3507
35.0752
24.6020
866.4275
920.0580
28.2241
983.8408
662.6068
870.3785
295.4081
726.5782
72.2126
429.6148
27.0378
853.3817
678.2641
193.1460
604.4613
130.5535
480.0355
856.0229
201.9544
131.8167
39.5148
252.0119
84.2310
796.3969
199.8354
266.8403
96.3023
653.2901
570.4381
572.6702
663.0085
318.1210
262.9099
143.6828
217.7495
262.7133
856.5026
108.3201
947.2496
42.9122
154.9707
835.9358
566.4477
540.9970
763.0699
773.7202
794.3124
578.9869
635.9935
834.9423
735.6727
353.6981
897.3056
932.2746
475.5112
450.5786
470.6640
246.4917
125.4936
566.8790
128.3459
60.1365
56.1418
224.5611
312.2948
667.3572
243.8747
153.4758
199.0760
220.0728
410.7143
642.8766
65.8189
682.0706
219.4596
716.5363
56.0662
769.8539
395.5140
161.1340
524.4930
766.9852
811.9819
602.0504
247.9040
763.2678
785.1415
204.6648
865.7784
513.0242
141.0080
919.4150
310.6267
670.0810
644.4965
762.2464
910.7415
954.2415
842.4877
62.7009
535.7401
279.9980
241.7009
362.0428
490.5605
106.5460
854.0515
654.4548
717.0079
876.6053
712.7579
689.0082
106.8001
427.0848
668.9679
401.1667
744.7996
290.5157
832.1888
787.7718
530.1777
536.8582
733.5852
718.1213
342.6039
391.9103
861.6771
599.3532
103.8164
959.6011
165.9603
608.7401
857.2135
984.8796
987.5935
613.0969
54.9001
137.1121
783.2703
141.0974
734.1929
78.1820
152.8209
553.5171
955.5067
811.3578
353.8124
562.1765
302.1034
642.0433
273.4498
225.9808
400.5976
306.9331
351.7474
218.4834
638.9149
967.0657
270.4691
375.7367
683.2963
500.3939
438.2377
50.8994
130.3281
280.6350
75.3428
516.6351
878.9779
381.0876
439.7446
7.1623
446.3498
192.6981
352.7198
995.3848
717.3567
482.1103
499.0544
318.4477
781.1067
278.4562
556.4000
28.3203
656.5497
158.4794
165.0711
497.2577
774.0735
422.8412
825.3780
531.8826
242.6031
208.6832
35.6829
585.7689
289.4293
505.6648
310.1233
482.8170
281.1947
850.9164
311.2486
412.7382
96.2595
454.1480
997.4945
966.9329
640.3065
498.0435
445.8713
53.8511
500.6777
660.9785
419.1020
386.9686
52.5443
170.6391
789.5462
172.7474
308.7563
386.3827
975.1786
678.1684
636.2357
86.0672
635.6444
826.0728
544.4195
30.9749
430.0406
435.5368
300.8344
260.1603
159.2317
341.5128
52.6673
318.4895
279.9737
51.7028
409.1774
39.9501
69.3199
734.1657
979.4849
475.8966
194.9450
354.0616
746.1109
92.8192
138.8332
304.6901
426.4874
99.5462
942.5003
449.9769
418.3685
140.0642
901.5486
767.4484
826.2856
653.9529
930.0799
523.4045
377.1891
505.2531
380.3798
608.8858
410.3623
605.5876
288.0370
996.1824
289.9289
610.8373
85.8285
734.3557
969.0408
403.3959
587.2319
927.2984
645.8495
853.6117
527.1179
52.5309
686.3932
182.9429
392.5717
982.7143
81.4216
572.9350
539.7568
715.7716
878.7704
41.8055
551.0161
197.6389
116.5601
595.1326
234.0038
827.0700
388.6514
61.9556
56.7335
671.3600
793.2329
782.2350
31.1164
983.7344
753.8282
624.4362
28.7435
118.2223
396.8343
882.1772
826.6407
558.5215
419.9354
365.4110
888.2078
857.7552
434.3799
286.9217
923.4949
657.4242
730.1425
506.6263
448.9966
815.8962
982.5969
968.7180
851.5813
771.4322
392.4058
206.7270
138.3442
178.3506
23.2879
797.1038
148.4506
602.9149
348.4093
567.0503
299.6380
815.2601
49.0030
56.3354
913.2995
321.3480
145.9239
947.8170
64.2540
633.9437
975.4401
176.3109
650.0926
816.8247
5.0068
962.5272
905.4572
802.9518
136.7486
205.4664
873.4549
908.7854
970.7853
16.7941
103.3494
453.1002
681.4325
883.8336
673.0488
33.5850
514.3155
707.9027
94.8526
875.5612
403.8366
412.4986
278.9548
697.3385
790.6135
950.1388
861.1958
878.5030
769.0505
618.2307
349.7389
481.0783
926.1984
800.2993
800.7968
135.3379
125.3669
975.3072
37.0143
261.9004
810.1598
780.0078
78.8517
520.0466
137.8989
656.3061
127.3366
418.4836
811.6016
555.7849
852.6714
67.4453
844.4135
669.9940
542.7458
209.9467
569.2390
28.8548
310.2448
148.0269
875.8269
67.0588
686.5339
614.1226
133.1963
797.9828
564.5959
591.2681
270.9957
870.9468
939.0705
719.5734
64.6534
124.3476
402.0734
486.0399
124.9691
374.4707
817.8098
514.6607
344.0058
149.9252
884.5577
655.0994
540.5863
819.5893
584.2531
832.9689
67.6804
180.5154
792.7180
697.0533
405.9308
343.9262
111.2292
500.2359
560.9985
422.0406
801.1109
437.8305
140.5390
334.4819
685.5430
503.9410
640.7890
202.1949
736.4842
852.6993
156.7511
784.6655
899.7559
305.7244
917.7774
407.4171
749.3148
878.5488
154.0770
988.5522
539.6389
202.4746
208.4128
57.9178
798.5655
343.3294
168.2165
580.9830
125.4418
190.1513
997.2651
558.5167
47.3473
58.2866
48.4663
644.5490
535.4626
768.7781
705.8611
941.4398
450.5535
355.3756
255.4713
559.4635
594.9925
800.8521
911.6411
943.7150
635.0472
41.6276
886.0869
916.1940
526.3456
214.9603
969.2185
394.3424
631.7329
581.6723
17.0821
238.1124
350.5924
279.8578
997.3671
737.0254
691.1754
889.0472
761.2220
641.4489
210.5379
851.7322
600.2422
963.7464
675.6735
562.9000
325.3135
365.8074
186.0317
781.2155
295.3934
272.6415
916.1459
571.4666
767.9686
472.9288
440.1307
433.6815
10.7530
920.1480
108.6996
971.5944
146.8956
869.3498
531.0177
679.9393
720.2317
135.5027
503.5471
880.1283
644.3819
369.4898
562.5028
741.2331
555.9327
669.8476
111.1713
959.4541
349.2336
929.8648
463.6888
883.8977
680.8518
208.7110
291.0410
221.3847
556.7252
494.1474
845.2208
926.3237
768.9212
933.4987
807.7150
39.3564
140.3855
849.2593
401.9402
597.3124
754.3005
490.3734
834.9956
895.9808
874.6122
256.0699
239.6273
77.3282
343.2670
149.1062
335.9881
99.9676
785.8080
392.8559
209.4579
797.8559
451.3745
185.9675
111.5333
609.1799
551.3217
517.3045
653.1015
130.9228
506.8337
705.4498
794.7086
97.0578
855.0196
997.6276
918.8173
411.4794
637.0386
957.4446
724.9008
162.4779
189.0837
535.0188
577.7839
715.4469
360.5215
461.0883
995.8508
172.0826
717.6463
209.5293
667.1512
974.7932
264.4238
857.4545
307.9329
0.4667
266.2853
44.1854
24.4375
753.1096
687.5633
76.2434
385.4129
652.3716
805.9256
285.5092
963.7192
405.2080
735.7040
577.9975
378.5541
986.1873
129.3195
812.2638
182.9401
565.4035
788.0813
489.8437
589.8915
3.5555
818.7919
888.5414
825.0384
271.1383
154.9568
216.9066
42.9330
172.0627
122.5424
714.1832
68.6050
433.2699
964.6287
920.5566
750.3765
26.0822
762.8718
745.9187
619.1432
140.5550
965.3403
696.1882
953.4072
321.1967
25.0560
75.1526
242.2346
7.4977
435.0363
507.8187
599.6661
139.1857
98.8576
961.6136
259.3104
72.4933
572.5652
994.9006
503.9583
163.5627
719.1556
189.4243
127.8463
648.3220
308.4360
196.0215
792.4528
247.0874
745.5910
582.8525
935.9698
248.5777
993.2055
487.3842
55.7194
497.1441
516.6628
46.9380
261.4623
432.2220
714.1593
818.1940
103.4350
82.6602
950.9298
835.8208
461.0008
342.5077
198.3596
69.7635
597.1763
928.0589
934.6532
622.7299
433.9986
194.4815
369.1272
209.5127
185.6934
880.0315
986.2251
387.3865
782.3269
720.6689
269.1939
176.4404
362.7253
81.7065
151.2626
350.3751
265.1409
346.2702
876.1735
368.1166
309.7945
149.8292
279.4946
719.4133
763.1019
645.2035
693.9728
597.7180
925.8663
585.1623
469.8944
682.3273
455.9349
559.5072
250.1051
805.2458
599.6642
99.2375
520.8018
691.0759
341.3602
115.7429
873.3992
520.9259
635.7137
736.8123
713.6879
83.0807
873.3018
824.3040
811.6972
646.1138
459.0645
602.5769
614.6748
487.4304
300.9624
834.6501
765.4448
835.8881
647.9625
418.7969
430.3083
977.8873
817.7799
47.2569
32.5930
161.2088
320.0272
207.7374
864.4171
44.8008
528.8251
81.0425
696.2837
595.6480
440.2579
18.1825
229.4559
396.4024
16.3061
43.9737
211.1827
330.6750
732.3071
789.2558
248.2342
152.4565
959.5409
505.7446
947.5340
572.1000
270.1163
738.1615
839.4443
905.7077
962.7290
696.5748
348.3731
228.9645
662.7487
567.4823
973.4607
448.0868
767.1301
723.2640
355.2416
360.0065
6.1249
26.1597
169.8034
317.9741
47.3846
90.4339
924.0321
214.6739
474.2038
932.4663
482.8431
867.3573
856.6098
943.7559
872.9475
858.6598
556.4355
268.8335
205.5083
591.1456
446.2410
621.5226
408.8149
568.0377
30.9862
57.7425
280.9171
45.3036
478.1341
263.9764
201.0303
882.8574
262.6359
541.1084
978.0899
813.4140
657.2085
138.2027
816.9005
712.8747
337.1135
923.5330
411.0662
971.2335
367.4566
233.5319
42.8853
680.1388
973.0615
998.6426
364.6271
371.3009
302.2840
452.1083
456.8390
928.7764
76.8152
505.7427
283.6953
715.1340
192.8509
164.7833
245.3503
833.2766
521.1577
754.8570
139.4323
654.2962
354.1719
322.6972
81.2748
754.4756
864.4093
94.6822
581.2841
702.4434
793.0700
306.9494
352.9289
190.9583
196.0665
75.4988
942.5000
54.7467
492.6154
439.3213
855.0641
319.6199
862.1703
912.9652
935.3824
123.0220
9.0159
415.2962
755.8525
476.5624
721.2770
943.8602
337.6107
761.6866
577.1250
488.8390
173.9063
448.6359
744.6570
481.2384
821.7363
326.5675
638.4533
62.6787
458.7883
716.6191
253.5268
289.5729
53.2185
708.8821
881.8494
201.2390
111.6531
40.7561
827.0712
95.4705
863.2606
112.0944
483.3057
342.8546
64.0152
455.3894
334.6520
913.9291
358.4415
905.1602
308.0181
587.4570
257.1367
301.6339
252.5552
210.7137
766.5887
80.2138
299.3336
881.0095
634.3759
683.5205
543.2513
204.4863
60.0540
439.3248
506.1720
925.1609
954.3823
78.0858
755.7799
31.1125
801.7452
265.6458
240.4199
248.0923
718.2096
637.4413
895.1156
598.8295
546.3728
717.2831
634.2094
366.4076
370.7473
309.0031
601.5886
147.3735
72.8929
626.0015
792.2683
178.7681
818.7115
587.7060
574.5701
213.9666
754.0657
560.8245
136.3708
556.8221
686.9425
412.7434
752.4504
435.7736
420.2163
115.2702
829.8875
385.6824
513.2073
127.9908
29.6859
128.8343
471.7934
839.2873
123.0929
613.1529
155.7121
995.9959
896.6708
601.4059
265.1924
716.6947
686.1336
390.2025
55.9396
175.0762
549.9637
977.0947
705.4630
824.9790
383.6853
214.0187
100.2476
820.8149
230.8935
541.7312
751.7021
576.4161
233.6960
591.4742
997.8686
941.2266
444.5232
754.4689
927.2911
25.7993
805.8254
580.2492
496.3006
836.7801
493.1784
44.7798
937.7485
100.6173
891.3097
730.2683
297.2593
934.2797
341.4229
593.7419
593.3958
582.3689
213.6963
806.0210
314.1507
852.9187
586.0554
787.5905
618.4291
358.5416
449.4686
578.0955
520.4963
356.2605
187.4102
19.0589
237.7957
892.8733
33.6414
994.5978
422.0414
140.3054
502.0406
611.3686
890.9817
604.0088
773.4492
72.6777
681.8766
648.6341
474.7063
963.9190
301.3291
848.4699
496.6629
548.9552
453.3165
210.1317
557.2871
691.7637
830.5121
6.9797
763.6708
335.4614
394.5727
967.7970
922.1088
275.1464
181.9460
610.2095
664.3549
65.4864
842.4496
223.4881
175.4656
138.3270
862.8491
0.3974
795.7804
170.5280
540.0115
346.6436
210.3472
922.6599
213.7042
396.9933
969.3189
287.0865
117.4833
29.1744
163.6444
730.0501
58.2612
831.3310
474.5921
544.7024
694.4739
907.2806
931.4843
568.2563
945.0906
439.1963
324.6051
379.9792
183.3635
515.0774
172.1625
812.7337
408.2820
489.2825
681.1665
688.0777
577.8595
267.5676
917.1106
250.2042
978.1832
291.7509
518.0901
476.4563
655.0103
249.9155
165.7191
578.2499
259.5073
145.5537
286.8466
413.6356
136.0923
286.4394
905.5611
294.3755
70.4574
396.0355
365.3540
291.0551
525.5233
628.4395
438.5405
791.3898
51.0356
866.2672
686.0947
0.8462
556.6765
404.2151
762.5166
650.0255
775.0630
163.2717
294.5455
33.6679
543.7591
215.7716
482.2420
37.8374
297.7592
426.5207
883.2221
828.3844
875.4550
27.7134
165.7200
11.1069
241.1483
763.9576
549.2966
373.0174
988.2399
234.4998
164.6515
744.2979
497.2138
134.7723
406.6414
615.3075
811.2435
841.7897
45.8436
430.4431
500.4808
961.3455
132.7458
802.1881
279.1404
313.4524
221.9576
796.0396
957.2300
760.5557
357.8463
591.0600
276.8408
853.2317
866.2647
280.7757
657.5013
927.3100
487.0434
456.6257
882.7476
247.9182
422.0060
257.7699
434.8372
876.7571
281.4055
478.1173
967.6049
645.7420
627.7473
540.0884
92.9411
317.1052
968.2569
8.6270
299.5631
683.7579
660.4693
690.6956
114.8309
662.5682
317.3193
440.8793
739.0791
777.5010
103.7100
991.1040
840.8827
382.0087
240.9249
646.2097
222.4383
178.4072
744.5373
476.1226
271.6048
572.6562
254.7285
59.9641
62.7295
163.1765
425.6526
980.2404
892.3779
581.5129
581.0389
964.3315
645.2864
908.2354
738.9622
744.4379
858.4274
513.8047
208.9921
203.2597
18.5932
241.2193
929.5549
941.9258
747.6284
585.7594
308.3121
546.9470
983.8005
663.0337
168.5726
135.4858
136.8661
337.6539
146.6669
431.5755
794.3268
787.9480
70.5488
63.2877
269.5858
19.4787
809.5841
152.4962
995.5182
452.9073
699.5714
37.7428
863.1609
147.0594
854.6845
825.9016
149.0970
380.6910
7.1720
49.4640
509.3501
770.7405
732.1660
93.3199
732.6145
78.5977
394.9971
669.4491
689.4003
77.6087
975.2883
537.7393
337.9642
280.0042
936.1266
896.3467
282.5881
705.8434
500.6701
352.5007
984.2732
339.1734
738.2911
80.6625
114.1268
861.3481
795.6789
2.5939
290.6793
153.6899
368.9908
28.0856
833.5930
987.5461
621.7927
434.7174
899.9861
342.6577
144.7700
803.6013
566.0522
417.4245
607.3165
827.6344
139.1427
677.6686
491.7152
397.2851
169.0126
986.9715
539.8784
34.7980
457.9059
692.6703
522.0256
488.6167
31.0173
79.3642
752.5575
86.4493
423.5912
166.7704
804.5599
348.8862
992.2995
737.3658
792.8973
354.9641
932.7741
675.3807
569.9806
140.6413
338.1137
294.8517
144.6634
500.8428
361.3947
750.5774
585.3076
570.4558
229.8674
704.3941
903.9075
730.5424
142.4478
448.3268
332.2231
878.9026
483.3086
818.3456
474.8031
358.4942
396.1506
687.2075
595.1107
416.6606
125.0569
106.2153
400.6166
297.3450
676.1350
743.6606
70.3645
769.4510
692.0769
402.6635
716.5512
438.9025
963.5711
711.1096
173.5642
370.0272
479.0624
10.8108
580.1968
868.5354
841.3475
448.7641
695.7461
200.2884
788.7591
119.1345
413.8732
608.3694
425.4821
63.0820
616.5881
888.9066
236.3283
313.9993
85.6918
800.0306
501.8846
803.4383
208.5836
453.9579
220.5280
332.2177
398.8500
434.1982
811.3719
327.9179
215.3004
229.4063
559.0781
78.3582
291.0099
396.4877
627.7014
745.2048
378.5685
401.3574
837.1576
526.3819
675.6031
642.5592
234.5583
341.9598
839.5963
821.3628
897.0626
336.3173
840.8074
233.6272
384.6101
296.4746
386.3018
57.3912
618.6090
118.2467
507.0121
140.8881
246.7283
522.3449
884.4245
592.7508
282.5252
327.3101
934.9946
233.9683
878.6858
136.1345
541.0455
870.2467
728.8335
957.3782
525.1106
358.1106
773.8735
420.5258
952.7097
235.5717
155.2004
10.2118
886.4824
570.2330
345.3415
786.7950
592.5091
381.8198
809.5181
739.3620
391.0145
528.4952
206.5781
57.2286
445.0922
181.5351
947.8845
751.6077
371.4972
270.4826
515.8209
104.9725
492.7584
103.4043
914.7098
224.0348
610.3826
76.6178
453.8986
325.1409
975.0749
370.8850
776.9069
496.3833
682.8620
583.1608
6.0638
548.9085
239.2369
119.1951
949.4631
435.0493
916.2004
887.9601
245.0591
424.8690
739.5642
745.8999
522.9204
767.9776
319.0977
245.4226
327.0182
795.2150
294.9712
45.8904
206.0317
401.2393
327.1399
337.6829
18.7032
77.3446
859.6050
369.7894
553.6452
681.5197
157.2152
53.7213
606.1984
661.6959
264.5469
990.4890
316.3675
125.3758
481.0525
800.9361
407.2474
185.6001
921.0612
124.2500
113.8216
995.0947
754.1577
545.5476
153.0835
207.5562
187.4256
412.5988
636.3563
836.4700
218.8957
480.9950
808.2153
237.5980
393.3294
543.7397
271.0861
724.7491
957.6391
220.4894
230.3279
686.3691
609.9810
461.6162
393.3118
979.3177
388.9976
259.3338
470.2414
737.2974
852.9608
279.7892
485.7141
371.2863
524.6402
115.9508
651.9253
530.5769
539.6191
65.3547
48.9278
579.0997
135.9240
914.4819
924.6673
578.4962
958.1505
245.6582
335.7097
596.2859
565.9344
663.0704
423.1344
529.1116
984.3337
683.5069
184.2260
340.6296
104.0684
34.2083
145.0751
723.2535
589.3387
958.2633
24.0136
547.0870
128.4188
128.5956
514.3323
592.6306
487.5988
447.6313
714.5852
88.4764
976.7083
683.5993
123.1879
71.3130
142.1721
901.2896
886.3527
912.3361
437.3406
767.0853
901.5286
899.5850
748.6750
441.7950
798.4421
33.8351
149.3275
610.8193
622.0009
822.4137
395.2681
450.5840
561.4484
907.3179
3.3754
138.9983
539.5577
749.8607
483.2156
504.0398
894.9459
694.8633
641.4368
493.1963
181.1626
137.4585
606.7557
973.3621
661.4092
141.0963
829.6024
203.5821
95.6336
601.1759
824.4325
1.9320
454.0306
11.2852
824.9468
702.1074
542.4748
992.3106
981.5405
906.7106
204.5435
26.7275
275.2880
977.2957
633.7869
557.3201
161.5345
916.5069
445.5827
519.3542
692.4101
330.2063
328.5162
757.2805
770.6161
995.8590
670.7949
399.3974
942.2780
597.3823
857.0247
846.6173
592.5177
499.5466
455.9792
161.3540
283.8454
590.2723
49.6180
463.8969
404.3216
683.1305
133.8247
187.8247
215.7785
484.1202
259.3796
138.9176
309.1401
482.1076
628.7487
164.9285
92.2556
265.9209
252.6147
95.6972
105.0565
84.6442
472.2517
362.1155
929.3240
713.2322
628.3152
393.0630
894.0905
655.3536
136.7984
664.5081
907.9695
19.1476
279.9593
138.3441
189.7074
99.5666
310.8798
402.9737
70.9121
820.0865
67.0940
607.3198
278.5404
246.6714
758.3216
653.9748
379.5647
332.5145
199.7481
77.8949
94.5197
105.4092
641.0049
497.1834
281.3120
467.7921
21.3747
645.0030
651.6633
740.9433
852.4388
457.6449
672.6433
440.1409
296.5077
299.2934
609.0323
507.5610
656.9617
979.7294
510.1165
102.9682
936.0676
200.3613
576.6683
570.8025
382.1362
734.5468
150.3203
213.8850
19.7662
897.2646
690.4472
282.7985
485.4398
81.2149
77.6465
999.7732
638.9647
593.7469
434.8176
275.8306
653.5006
520.4164
14.3716
182.7028
755.3873
431.7190
143.6235
875.2186
631.6765
882.5771
60.2503
286.3752
114.5539
974.1505
406.2194
772.3254
245.3669
221.8899
701.6960
302.6161
416.3183
941.3886
573.2489
155.0087
198.6980
237.0072
109.0082
334.2418
263.3552
839.3118
843.9541
600.8570
64.5827
189.5911
651.6496
327.7767
666.1106
411.1454
987.7783
886.2653
23.9305
4.5095
71.3580
806.3715
624.3705
502.3466
935.7873
104.3216
864.3078
949.9413
400.7737
690.4832
584.8503
344.1631
266.6801
493.6388
525.9505
119.8975
134.3056
557.1687
594.1315
473.7128
401.0583
339.5020
784.6265
723.9650
883.9440
224.3451
594.1540
9.3576
916.5518
614.8377
338.4227
680.8147
502.4052
23.2083
100.4135
490.5526
781.6433
239.6391
751.5503
617.7180
423.3868
189.9347
357.2164
52.7805
772.2258
203.0188
13.9713
479.9514
659.4264
1.7152
136.9525
954.0750
494.1753
432.9825
23.9936
841.4497
716.1556
781.5266
231.6082
316.1595
715.2966
805.4243
260.1304
224.9041
891.6681
866.5460
669.9770
277.9340
446.2653
511.9049
116.9127
734.6178
267.5338
231.1944
542.7151
249.5781
607.0631
608.9434
113.7543
549.7992
25.6267
636.4926
964.8058
682.5193
10.5657
516.5897
273.1402
257.8541
99.6281
88.7484
966.5455
434.6369
779.7724
622.8094
196.6295
293.9106
413.9311
949.6868
436.6159
96.9958
463.7026
853.4840
917.3260
199.0604
20.3592
393.1501
283.3547
497.8614
72.9325
45.9183
373.6281
439.8040
811.7972
251.6703
66.1679
41.6044
528.8094
819.2121
755.2943
490.5668
852.5198
357.4599
526.1902
334.9631
932.4846
714.1115
366.2693
462.2601
918.2204
397.9243
550.3821
376.6559
404.7864
273.1933
278.8237
736.5106
111.4932
347.0871
705.6059
154.4772
145.3396
462.6787
939.2058
906.3840
939.3390
210.0155
985.1896
584.7859
805.3359
70.5415
967.6392
254.1233
641.5622
333.9665
890.3875
714.3871
42.5393
847.9143
969.1454
163.3471
240.5909
243.0696
688.0409
10.1107
975.4469
440.9424
227.7158
114.8390
336.1910
488.6071
663.9065
638.4273
280.7797
133.1065
615.9398
822.3883
950.6317
745.6140
662.7845
463.7588
36.2906
654.0675
11.0864
494.2829
17.9981
460.8898
493.8871
271.5894
789.5196
434.6678
188.7234
178.6786
899.0550
436.7571
183.6953
573.3683
739.2265
322.6052
451.6149
345.9695
392.1893
462.8923
373.1935
352.2238
721.2036
796.7302
238.5019
725.8540
203.0436
572.7799
965.3868
167.4435
321.8550
172.7181
584.8090
352.8300
745.2646
337.7985
280.4554
53.7301
242.1801
954.7967
790.5864
289.4017
607.1380
134.2506
202.3416
261.5315
124.2597
55.1200
591.6300
739.9818
470.8332
10.9681
149.5049
308.8710
330.3073
703.5153
77.3761
20.3901
392.0869
125.8801
41.2176
637.8190
350.6530
373.1933
138.8102
605.8445
600.0632
713.0988
556.1858
221.8091
573.9534
674.9528
531.6610
229.3956
804.2356
747.0459
182.3463
878.3646
210.6414
513.8085
923.5089
779.0853
958.1490
858.0719
132.1463
287.3835
245.9072
276.1302
893.4059
663.7544
62.7795
196.6733
323.4727
960.8906
635.9959
708.9687
131.4998
767.8409
592.9079
584.9327
268.1774
638.4174
653.8872
265.1322
442.3507
594.5813
202.3848
149.2828
17.7733
334.4323
290.8624
163.9397
981.9606
648.0950
599.6812
507.8369
788.8629
394.7300
461.1628
11.6732
309.2697
175.5342
124.3371
704.3150
189.4844
866.9629
879.8784
693.1085
949.4967
534.8866
472.7601
598.5760
6.8364
191.8292
43.1000
428.5900
243.4101
242.1466
348.9366
394.8439
492.3030
988.2052
393.6496
335.8360
60.1312
0.1814
344.6627
66.6860
365.1009
397.1626
873.4282
716.3016
942.3043
263.7732
147.3741
510.3060
748.0166
272.2526
929.2799
966.0460
217.7729
908.7824
873.3554
18.9101
135.5176
508.5519
694.7324
78.9862
668.9737
590.7733
41.3633
966.9628
446.8883
338.4244
70.0418
563.1349
743.2455
750.9717
919.9129
604.6975
933.5904
967.2103
203.2876
135.1329
237.1247
558.1319
24.7104
165.5596
585.8177
700.0008
589.9376
39.9398
579.9710
65.9507
482.1560
457.5794
202.3565
118.4361
97.5196
796.5419
519.5403
952.1396
23.2994
665.0972
802.0643
979.6407
963.3789
775.8013
329.0133
724.4063
598.0494
634.4659
197.9526
40.7512
714.3293
580.6752
90.0371
804.2872
82.0725
285.2410
145.0738
514.7520
926.0327
383.9307
508.2056
56.8944
115.1294
873.0847
538.0877
118.9050
961.9244
849.0531
865.7523
222.8986
590.2931
526.5768
740.9342
180.7219
928.6108
53.4452
263.1987
544.6044
69.1793
454.4912
913.5587
597.8429
516.3990
892.8940
748.4981
750.3402
898.8093
32.7971
251.3744
766.7659
72.9858
663.2160
173.3545
761.4857
633.1539
379.9787
380.6534
313.3904
552.5416
503.2596
410.5601
216.0368
638.0295
959.4209
443.9323
603.6402
843.5928
2.8451
81.5166
674.8882
152.2904
480.1382
790.8805
198.3156
837.7213
898.8635
803.0115
72.3879
250.1967
629.3242
494.2687
809.3322
972.5469
317.6042
702.3712
25.8869
539.1074
864.0190
819.0318
173.2293
389.1392
983.1758
817.4697
313.3990
801.4632
191.9234
374.2982
910.2850
700.6224
562.2577
666.8638
457.1765
256.5053
628.3024
364.6379
208.8711
59.4344
910.9485
37.1266
396.7376
395.0485
279.2273
204.7383
567.6662
732.8280
736.0397
820.3407
632.2349
163.5907
16.7461
879.8568
290.2838
510.6070
676.7800
928.6989
343.5984
858.3189
796.6510
265.5026
25.2416
154.4797
893.8431
871.4587
296.0480
754.5227
714.7527
90.2723
681.1115
19.7279
640.2716
727.6107
511.3251
5.3229
682.7461
831.9003
0.1580
53.7864
709.1135
496.1636
912.5577
96.4413
765.7487
718.6720
3.8919
770.5359
21.7770
954.7280
595.9014
495.1755
669.8319
966.7326
87.3825
936.3339
268.9303
48.4572
346.8352
177.1281
269.8621
899.4379
751.6065
41.2358
914.6355
156.1408
371.3721
156.4628
495.4024
731.0409
411.8528
129.4671
917.5638
560.4083
693.9284
163.2459
572.1988
978.4536
270.7834
536.6958
423.5950
881.2181
411.7315
787.3802
677.1738
767.8836
569.1939
12.3460
942.6775
48.1247
251.0779
574.6403
942.6461
811.0310
572.7013
558.5205
584.9445
210.6340
436.3105
977.6700
890.2373
311.4534
685.5081
468.8150
184.5137
64.1152
629.3242
522.6723
814.0679
926.9666
303.7911
788.2646
39.7161
57.2912
149.4865
857.0906
555.6453
595.7821
717.2706
730.9828
349.9903
538.9628
891.6332
709.3610
231.2038
110.4391
457.7779
847.2074
2.1031
986.4387
478.6455
476.3196
626.0899
388.4518
558.7339
867.2344
11.9477
928.4114
413.0872
704.4794
656.4362
768.0706
103.3153
910.5817
630.8470
866.6237
90.2578
538.3987
474.3086
121.4008
171.3663
732.2164
984.9062
486.3229
28.5663
915.9946
497.3434
305.8939
168.8984
731.1847
748.4558
975.5640
281.0389
924.0092
79.3343
169.3085
221.7919
118.5158
701.0319
949.8773
867.7605
536.0562
622.2641
439.7972
318.1489
160.8863
152.7814
867.4884
822.0766
656.1712
708.3334
24.7909
439.1460
169.2902
797.8310
802.9504
61.3579
815.8701
715.5497
599.2908
9.8609
769.4193
872.5516
771.3729
70.3285
31.8098
179.2246
162.3721
740.2353
952.0031
776.7736
614.0038
321.8956
194.1442
727.9833
934.7114
8.1907
310.8917
337.5037
662.9693
561.6627
475.2245
909.2882
594.6496
766.9372
269.6710
697.3438
845.2269
648.2115
681.4093
672.1147
789.0812
773.5125
563.8532
763.6546
233.0999
63.8094
659.2412
405.4740
274.2950
384.1317
851.2218
782.8170
704.6877
847.9971
228.4994
120.5979
698.3202
615.3043
507.4772
795.0709
502.7254
781.1638
412.8382
882.4064
229.6544
933.3929
14.3853
291.6760
604.2506
790.8553
301.4733
520.6790
665.7482
102.1516
478.0221
264.4829
871.6649
288.1008
257.2248
788.6172
997.5787
98.4273
957.8520
835.8088
252.3644
159.7940
347.9790
319.9611
572.5611
905.2064
693.3491
299.7427
658.6618
542.5062
136.4531
87.2760
77.9374
511.1876
488.6243
87.9387
575.1473
550.4457
375.8881
106.7273
775.4526
129.4616
561.6364
391.4457
163.2493
153.9986
327.1648
918.2807
472.1496
141.7164
407.8217
222.1166
656.8426
174.7654
765.8687
851.1592
397.8164
672.4747
224.0851
881.9646
256.7691
533.6777
601.2898
16.8030
646.1448
771.5432
573.6234
22.8730
840.9333
782.6780
619.9371
616.7804
376.1190
124.6101
363.7220
941.1849
770.1710
463.6782
840.0491
152.2172
730.8372
92.7902
900.1019
614.7805
361.5741
707.0668
288.1794
862.5607
607.0669
227.2048
675.2541
953.6626
235.6249
734.1972
868.7037
670.7836
571.2159
829.9985
215.1625
392.0412
424.5445
203.7155
459.9887
386.8559
210.1324
887.4487
39.7498
521.9563
599.2283
556.2945
744.8725
259.8184
376.4218
722.6438
865.1145
406.4728
460.6073
757.9445
277.9256
653.0302
369.7932
325.0414
581.2417
256.0710
693.5539
855.6611
792.8810
970.0602
435.3705
815.6659
156.1546
269.9621
334.6909
611.7468
349.8651
977.0216
887.7673
309.0073
130.7502
802.2583
334.8092
632.1700
161.2574
41.6664
902.9446
543.4565
163.3602
907.3290
622.6763
432.7062
779.7456
959.8198
300.8999
799.8810
301.8893
532.5774
759.3186
231.9813
200.4080
713.5272
822.0048
764.8068
153.8179
170.6789
417.8735
681.0357
76.6951
170.0103
810.1359
702.3593
348.0352
237.6103
462.5810
151.4359
676.9227
335.9361
699.7854
610.0265
210.4955
240.9225
483.1544
947.5910
74.6366
673.4082
318.8237
505.6104
99.4448
765.9642
41.9644
892.6013
144.2888
236.4538
185.5990
666.8476
78.6331
144.3379
998.1607
684.5765
146.6096
176.4783
489.6734
124.0093
5.9972
706.2258
625.2587
721.4181
83.2430
183.8511
242.6570
39.7972
476.9843
381.7379
711.7420
236.4067
535.2497
193.5772
702.5415
293.7447
242.7096
635.6151
364.4644
261.5188
689.4053
33.1870
607.9341
10.9041
695.0961
521.1211
195.1380
872.0468
935.2442
988.3291
948.8479
602.5049
52.1779
100.9318
363.4219
898.4444
48.6680
555.5147
747.2711
548.3668
365.3161
812.4054
316.0384
165.9469
950.4478
330.1970
523.0893
520.4220
919.1828
679.5856
537.3189
409.3158
306.7123
983.7686
719.1314
406.6669
858.0643
778.1634
779.1779
516.9974
446.5957
829.2422
652.7468
155.6882
855.2439
889.7620
37.8031
133.1428
209.4910
885.2403
720.4508
771.3030
178.1535
507.9230
952.4514
351.7757
653.7637
641.2935
624.8880
436.1698
673.9514
710.7019
979.1855
363.6099
85.9599
526.3840
204.2741
153.9508
673.4632
365.2104
368.4364
613.4402
253.2553
728.4266
609.1989
216.6899
38.3111
21.1363
692.5923
315.4775
668.2016
579.0836
939.1679
588.1492
621.1154
691.9562
335.6140
4.0756
434.9405
61.2062
964.4981
257.5982
283.7915
946.9495
26.1466
646.9496
220.5241
340.3808
453.3235
238.7884
266.5855
544.2825
491.3536
933.4836
14.3440
569.9080
39.5502
420.2579
504.4663
21.3311
905.0920
216.9681
2.1960
340.8831
789.6279
721.7992
516.8281
437.8689
833.4912
66.2366
510.4667
720.1148
627.3362
512.7325
281.7981
462.7775
297.0907
60.9331
317.7074
265.0165
230.5516
553.7718
470.6460
496.6446
182.9364
382.1199
885.0762
478.8361
387.6291
566.2733
812.0125
108.3785
129.5533
612.8319
708.2124
550.4339
305.0933
791.7555
959.4551
584.4096
475.7254
219.6192
112.6299
735.0204
184.5578
770.9651
324.4313
328.9775
241.6235
737.2859
954.2225
185.0990
687.8521
459.3968
711.9053
307.3957
298.4101
204.0347
897.6554
806.7966
319.5141
238.0462
321.0386
539.8142
167.7799
550.6877
229.2754
67.4451
962.0732
223.5692
995.5236
308.9400
103.5369
240.6483
488.1905
456.1519
61.8431
803.3329
849.5003
699.7405
5.4556
150.1130
655.7873
254.5382
581.0561
245.3572
410.5324
640.7723
707.3342
470.6501
61.1267
930.6387
972.2812
965.9991
523.6864
148.9137
138.7329
705.4075
541.2389
186.3431
67.1850
697.7042
599.5952
786.8855
22.6125
768.5179
211.3982
509.8499
520.8099
134.2136
355.6087
684.9212
110.6007
382.4122
763.1893
811.8931
607.8997
726.9957
750.9707
128.2669
33.3760
591.8253
839.9436
915.5009
69.4430
854.4961
787.5384
959.7743
850.7653
112.5868
546.0183
707.9239
305.1019
895.7404
587.3547
404.1655
640.5247
863.3589
825.5897
534.9151
764.2742
863.4274
147.6656
94.3160
359.1707
108.1931
263.1734
371.2887
903.3325
51.2037
38.7020
883.3477
413.1140
345.8569
915.5891
847.5123
642.8740
353.7240
414.9316
23.3294
103.4864
571.8095
59.4932
822.5570
739.2170
511.1576
107.6588
55.7115
204.7907
349.6288
983.1225
569.1752
301.1948
367.3563
742.9414
57.3363
900.1403
631.8826
655.9615
756.8903
702.3721
90.5559
999.3253
723.3730
303.9518
645.5976
962.3468
430.4973
935.5705
99.3909
708.4797
926.0965
927.3873
186.7457
62.9076
787.0054
355.0610
140.6612
220.0902
556.2241
929.9277
323.4703
818.6940
879.0578
249.1896
877.7325
13.6802
101.7966
749.2275
558.4124
767.1945
453.8109
155.3927
733.1573
149.2670
589.1372
742.8653
640.9529
694.9716
819.8663
105.7956
392.0207
108.6419
42.8327
586.6360
718.1679
117.4577
640.0976
305.3291
874.6519
80.6349
96.2371
810.1285
601.8141
624.8260
425.9949
854.5690
666.4739
289.0622
877.9218
484.8368
567.3747
78.7453
426.5389
739.9354
67.1315
70.5601
663.3047
735.5286
184.2965
649.4862
266.8525
903.2788
148.2485
578.2905
220.5117
192.6939
626.6002
576.1503
69.5462
129.7281
868.1169
290.5052
621.0451
417.4882
202.7680
130.5939
24.6909
567.1031
503.1208
375.4738
687.1431
888.1189
718.1065
273.4506
287.5072
656.3463
685.8501
257.1797
905.3232
161.7289
425.7268
119.5229
295.7726
869.8321
234.3224
472.3425
916.9650
540.0341
903.1335
194.6862
312.0922
927.4100
53.1293
78.3586
917.7767
52.7050
396.5577
831.2892
175.1388
422.2090
51.4982
253.9907
286.5366
528.7024
32.2172
524.5137
828.0372
709.9704
940.2545
745.9945
144.6087
633.3277
435.9535
721.1159
730.1639
395.0118
476.3223
342.9086
776.5293
561.4892
222.5697
529.6476
898.0519
434.6641
750.4981
47.3156
584.3675
386.9796
243.7502
905.7969
88.5116
985.2311
714.6844
348.8315
815.5780
793.4375
841.7407
767.5739
525.6971
745.1952
257.3148
613.3925
821.1472
713.1979
829.3639
363.5045
285.9956
878.3012
540.2058
931.2563
568.3987
68.2364
993.9281
219.8369
694.3853
396.6231
941.4048
298.8841
328.8035
797.7085
44.4452
688.2370
12.8373
424.8764
715.6167
764.9295
950.3342
726.4997
62.4259
409.0874
6.6889
681.5167
884.9177
80.3993
946.3470
455.4972
876.2717
184.4958
426.3037
224.9262
0.2164
700.5786
194.5175
996.5526
929.1586
902.0048
125.1454
84.0701
861.4525
443.4246
802.7760
505.5328
6.5406
618.6312
466.1442
47.7552
870.6774
525.7850
553.2105
250.2455
859.3767
87.2387
61.7290
219.3557
809.0559
206.3920
487.4400
462.5715
872.8638
406.5915
2.3329
850.0565
119.8522
983.2883
393.0744
50.1678
420.0828
684.7776
723.8858
534.7632
195.4547
690.0744
396.7864
173.2571
702.1874
448.9254
671.6856
357.8941
998.2917
577.8741
70.7280
895.1177
461.4190
810.2129
521.7066
866.6451
715.1254
31.4333
103.8694
266.0279
654.2000
392.5928
73.1871
794.5091
583.2151
189.5151
317.8757
282.2111
352.9987
638.9390
65.1607
850.2823
521.3072
737.6458
917.4473
955.2334
688.7111
115.5792
24.3246
700.4896
353.3227
257.8814
230.9038
401.2009
420.9485
413.2490
716.0895
732.1708
109.5642
801.4925
521.1621
226.7573
95.2663
237.1088
812.1987
280.0859
665.8205
377.7957
509.5612
353.9883
691.2767
374.1833
567.9225
990.3027
523.4079
343.7006
576.8046
726.1946
537.7564
218.8536
842.9015
997.8213
32.1166
756.0773
770.4204
855.9946
342.7438
941.5655
324.7113
78.0131
639.1272
160.8641
507.0412
802.3424
760.0348
134.0773
766.2334
11.8037
707.7666
287.7789
543.5209
143.5845
957.0523
253.4975
962.4983
417.6348
10.4602
946.6352
84.0980
163.9097
904.6168
124.2084
521.9547
279.8220
699.8398
696.7886
61.3618
110.2702
144.6335
957.7159
288.4619
640.3304
168.8559
627.7553
511.8849
957.1930
80.4463
199.9159
75.8159
420.1770
35.8179
385.4856
677.7709
446.1937
94.1949
473.7834
212.1926
799.8884
440.7469
519.1015
616.8329
177.9975
650.1776
300.8494
799.7125
579.7665
707.0356
901.3524
643.5931
812.2585
368.9617
84.2828
112.8396
738.4378
720.1864
67.6303
588.0239
0.7480
516.2249
915.3751
903.6153
446.3183
49.7507
904.6403
929.1799
632.8094
598.6483
599.5386
334.0522
858.9757
321.8721
912.0893
831.1733
907.4700
642.0868
943.6687
83.5366
694.0128
119.3670
375.5126
761.9354
258.2792
590.9754
404.3169
571.7642
196.8929
818.5059
15.6335
314.0067
583.1816
177.5864
341.8196
129.5354
726.6727
623.9397
332.2324
432.3877
770.9316
769.7338
87.0311
672.5550
48.4647
884.0203
772.2041
787.8107
639.8211
301.6134
897.2802
955.3144
738.7742
51.6820
471.3609
445.5755
76.9015
801.4588
24.1600
266.4726
982.3141
678.3144
845.5521
520.9875
820.0519
443.2281
552.5923
367.8136
108.3129
736.1983
136.4490
478.3006
790.0638
523.9351
956.7632
269.0098
496.2606
760.3471
472.8424
122.4969
134.1496
111.3935
857.8219
453.9717
111.6356
731.3146
823.4443
44.5707
704.7874
918.5144
955.5568
122.4594
765.6009
618.9140
913.9578
455.9289
352.3476
312.7787
218.2532
311.3576
401.6519
748.5306
948.1048
998.3504
470.3916
736.8943
474.2505
70.1282
551.9403
250.5288
580.5992
661.8528
577.3812
101.2199
188.1483
660.0235
892.8975
901.0630
827.9198
147.9879
806.0915
798.8946
330.0908
288.0030
611.1344
55.5385
952.9118
202.5029
71.8831
818.9333
281.2209
638.9633
561.6230
188.0160
78.6690
799.9172
358.1067
932.0127
317.3393
207.2317
97.5806
23.4696
264.5892
200.8274
702.3111
739.3400
833.4540
436.4374
508.0459
36.2020
241.2574
443.8132
765.5234
731.8378
861.8133
59.1286
148.6455
204.7931
293.2220
827.0208
46.8987
297.7866
187.3457
985.8921
615.6864
288.6532
497.7575
544.4243
907.5324
106.9967
280.7520
616.0563
983.0573
626.1088
436.7164
897.2579
831.7123
628.8278
4.1720
335.5430
983.4844
687.8000
479.9168
879.6334
966.8411
658.1591
593.0931
959.0382
465.8151
346.4518
900.6590
17.5220
896.0474
364.7972
979.8491
584.0502
832.8469
978.1268
74.2439
32.6088
164.6290
589.1046
283.8210
698.2980
871.8591
363.4493
985.7896
189.9550
194.6458
732.1561
37.2476
521.8592
996.3136
888.6973
491.0726
608.8297
678.1174
911.3115
737.7680
562.1791
445.3166
619.3132
156.7427
107.1957
954.1689
428.9722
680.0374
400.1895
620.5837
781.9110
991.8436
652.7284
30.2150
54.6757
524.1246
399.5182
105.9648
407.8616
984.5349
675.9780
817.3052
271.9357
82.9647
445.0367
980.9951
652.9042
594.9322
863.4453
581.2612
769.0816
910.0443
941.3937
701.5070
211.4024
76.1363
375.8452
97.0661
553.0937
563.7891
370.7720
630.6711
854.0024
107.2064
298.7825
788.5375
650.9803
543.5442
699.8961
384.1842
516.9907
367.7032
73.2915
933.7218
6.1933
792.6220
719.5107
419.9487
201.0684
52.5606
234.5589
826.0246
281.9733
279.8189
170.3958
681.2778
1.5722
89.3172
352.8235
573.1285
258.3597
956.1497
273.9314
951.1772
89.5690
664.4081
275.3585
876.5137
743.1011
825.5069
528.4205
702.3272
749.0073
555.4603
624.3585
133.0789
284.0769
139.7427
4.9623
727.3845
352.4233
635.4615
850.5976
345.8655
123.4125
744.7621
770.9324
93.6748
81.9831
933.8988
904.3322
299.4686
578.6020
424.8467
971.6523
173.4263
896.7109
784.8885
14.8445
363.9402
910.8181
642.7611
264.1808
742.4804
934.5967
510.8010
273.1140
818.1964
288.8920
527.1660
223.9142
516.2172
647.8012
441.8585
51.9174
830.9727
495.8924
418.2409
743.3801
797.6070
61.3139
109.5097
762.4022
455.5340
706.3079
531.4977
498.0666
250.1613
490.3361
792.1296
306.7385
351.9344
940.5398
313.3327
41.9060
490.2680
25.1184
573.1507
97.7885
524.3959
340.9392
169.1693
5.1274
100.0521
541.9929
921.2573
219.1054
297.8414
546.0293
415.4862
585.6408
271.0141
29.5110
809.2368
531.7546
541.2124
240.3350
659.7422
333.2416
463.6347
431.9821
127.7462
301.6363
858.0792
198.9887
362.1920
449.0582
519.8532
94.2388
204.7821
657.0079
483.7573
927.9428
916.7172
637.1235
406.0747
750.7127
283.2001
128.3294
262.7498
253.3694
829.4976
916.2021
147.9418
281.8367
369.9108
103.0746
60.4129
659.0236
246.1944
354.5280
220.5422
872.8974
820.2410
706.5637
955.3875
512.9735
809.4969
697.9551
795.9542
438.9519
281.4317
417.5155
451.7982
976.2908
692.2889
804.4564
559.7012
705.2672
533.9882
812.3815
843.8250
717.1811
947.7497
844.1578
289.1083
75.0417
224.2154
200.7328
193.3252
342.1469
208.4611
670.2771
506.3641
151.4281
828.9981
725.4043
260.7328
144.0357
768.8814
207.1081
373.9775
390.4948
297.0302
203.2221
400.2041
193.0021
369.2571
12.4638
422.0908
237.5833
757.1853
615.7471
587.8757
112.1770
75.3675
141.7307
784.7373
546.4021
302.7073
56.6277
83.0956
972.4336
344.5719
448.7784
977.5859
221.3804
678.3501
751.6821
195.7463
97.4494
638.2485
801.1759
134.2013
827.5745
379.9634
184.1072
27.4584
191.0650
456.5909
657.8692
221.7537
458.0634
779.8403
338.2862
247.2605
773.9044
786.2357
742.3787
151.7862
861.5075
262.0425
856.3634
742.2552
300.9150
678.1926
350.5781
655.9174
863.1333
142.3905
197.0442
404.1388
409.8456
258.3166
875.8216
644.6953
298.9688
973.0902
135.1461
441.6444
552.8166
421.2319
286.1995
203.0499
206.5158
581.1606
479.8172
191.2514
521.5039
213.8582
646.5382
13.1905
339.1745
719.7780
472.5339
685.6178
709.9573
946.8399
384.0088
337.3158
885.1497
678.1983
37.6761
832.1321
731.3530
314.5002
560.6218
326.2872
686.2717
129.6235
256.5123
906.2396
411.3542
285.0177
651.2298
75.0519
429.9251
223.4139
390.1156
294.3181
131.2508
467.5200
221.5165
381.5727
512.4683
862.3692
328.3445
904.7106
750.3351
609.7637
824.2088
9.8628
513.1690
731.1041
205.7609
570.9526
839.5193
154.2209
723.3133
921.0995
219.2102
403.3882
425.0531
755.4026
348.0575
799.9530
479.3702
438.9701
393.2174
868.1204
135.0117
32.8507
110.8448
178.3839
552.1146
505.9722
399.4362
793.4567
202.5820
792.1677
710.7258
69.2448
856.4608
934.0466
539.8307
832.2832
154.6636
798.7872
888.0913
312.6504
327.2512
861.7935
77.6902
588.1638
410.3045
672.0182
174.4090
306.6723
206.3024
301.9313
409.0302
322.4222
374.9638
813.9681
59.3617
261.5852
844.6631
358.5825
691.5366
958.8674
498.9811
8.4436
889.4352
682.7167
209.3480
502.9900
115.5762
451.9702
454.1600
243.1074
762.2923
905.4463
244.5316
257.2054
131.0104
342.4720
65.2024
474.9330
328.8799
87.0629
168.5918
540.2575
268.8738
346.9012
635.0584
549.1893
959.1069
351.0926
696.1308
875.7317
552.2831
858.7123
348.4657
1.8173
215.8916
656.7743
788.9816
136.5648
617.6318
848.6868
59.8574
239.2228
85.2633
670.8103
791.4988
135.3391
163.1356
533.5423
527.0218
281.6807
238.3817
431.9203
494.3825
483.4918
589.5404
482.4099
482.6246
217.4741
240.7082
434.6779
768.7940
765.2103
367.8264
178.1926
674.8040
949.0905
280.3987
302.8216
664.8661
450.5628
777.9875
869.9592
287.9696
782.4967
973.5528
211.0677
643.0147
804.9670
992.7260
40.5748
634.6191
643.4516
979.0521
844.3529
37.6543
555.2290
162.7056
409.0120
414.0240
199.0048
621.1324
545.9933
256.7004
970.8584
213.2506
635.3123
931.3754
345.3574
633.9960
206.9218
820.4012
862.7041
490.6659
353.2224
161.4011
622.9418
779.1362
490.4571
151.3281
741.8785
219.4191
187.4229
386.8274
99.3365
675.6544
52.2263
169.2490
81.1258
774.0174
907.8669
212.2229
751.4844
573.3259
109.9062
649.7065
669.2206
8.1055
722.7645
760.6887
463.8738
44.0927
565.8923
54.2848
29.1832
648.2818
872.2447
516.1000
420.2719
112.2457
807.6682
926.9926
108.6168
668.3405
14.9609
880.8724
551.8047
127.8646
388.0777
512.5450
286.6603
794.0264
149.7125
630.4009
768.8399
274.5768
68.2670
537.8337
459.4962
384.1212
443.6061
237.2128
546.8171
193.3034
727.8711
251.1182
686.7683
39.6688
800.1584
683.1986
191.9594
444.6548
152.2119
560.5896
407.6098
322.3595
512.4520
428.6768
288.8286
587.3567
355.3024
976.0132
67.7716
699.6626
720.4918
3.8574
93.2697
200.9023
652.4069
165.0492
919.0166
125.6400
371.6808
751.8303
712.7150
545.2230
804.3653
165.0027
858.2732
165.5117
973.3238
342.1066
791.7212
372.0614
155.7146
687.9237
765.9526
233.8912
148.5239
717.1838
143.8524
441.4708
435.4762
679.8072
651.6258
562.4641
619.9390
428.8227
759.9506
731.4062
802.3587
712.6439
213.7102
551.5865
490.3679
973.7672
489.6746
175.4670
811.5263
706.4132
496.8800
970.7682
96.3126
615.7075
177.5134
477.4354
31.0331
669.4878
573.6666
414.0131
498.6462
151.1263
773.9659
298.1517
282.3218
922.5540
109.0436
682.4927
288.3090
66.3763
800.2921
293.5776
876.6427
854.5075
910.4271
471.3611
268.3162
824.1984
149.8092
377.0023
53.2569
247.5583
358.1421
366.2582
807.8563
616.2114
153.8144
70.7152
58.6324
719.7994
0.7980
699.7479
27.8920
768.0949
72.0622
623.7436
196.0007
811.2534
81.0352
697.6472
529.5576
407.9717
583.8727
784.9397
242.8125
826.6090
5.1454
475.3036
352.2979
860.8938
813.7472
408.3340
99.0571
263.3145
721.9980
361.0896
856.3326
551.7940
913.0149
115.8281
657.6206
952.2629
773.4776
949.0173
870.4886
8.8395
373.1951
634.0151
415.8638
450.2813
776.8558
962.6465
142.9487
933.6928
276.0899
606.6326
599.4042
679.1580
815.6232
315.7754
510.5603
48.3822
720.8982
305.9368
491.0041
309.8105
197.2448
925.1533
161.5899
434.5344
972.6877
192.4848
145.9213
155.8961
576.4952
648.7062
682.3566
593.4688
66.9429
245.5741
136.0450
44.5088
88.2407
731.8694
19.1032
115.6027
377.9282
71.7264
863.2829
61.2093
474.5155
652.7360
691.3088
710.6388
847.1930
677.7020
443.2875
985.6010
593.8014
406.5249
898.0852
282.3350
581.3443
314.6719
899.3395
150.5921
846.9703
17.5420
981.4975
536.3633
321.7245
238.1794
532.6929
628.4596
698.4037
113.6125
778.6131
104.6799
466.9958
958.8674
938.2619
725.7183
462.9356
788.5089
537.9501
526.6422
220.5570
607.3895
121.6775
276.1829
866.3688
472.9855
542.5633
933.4373
890.1008
216.4342
570.9093
987.9095
544.5380
476.2246
649.8961
246.0337
174.8366
992.6167
506.9527
0.9650
544.9870
435.5180
475.6188
582.7528
924.8407
955.1115
950.2128
227.8693
392.4307
365.6178
469.7181
70.9164
176.9942
532.9959
135.2105
911.1613
729.7284
669.4828
527.5797
419.2904
609.0203
859.1376
573.9978
387.5255
375.6831
882.9097
806.4272
501.9850
549.9511
774.3517
923.2765
952.9674
531.4198
760.9654
390.6390
848.3497
575.1738
857.7043
38.3998
554.4683
506.3461
156.8606
499.1443
883.4301
493.3325
176.8450
763.9306
321.7632
396.0442
625.8853
294.9594
873.3545
491.3299
842.7090
227.1063
109.8619
914.3990
56.1843
189.9218
732.0130
410.8748
601.1559
734.6432
17.4272
801.8051
636.8119
50.3481
276.5890
215.5298
714.0148
939.7743
540.5714
350.3126
671.4429
832.7361
37.3558
137.9002
484.3299
169.7854
809.9439
790.1904
115.7352
334.6919
596.6623
131.2939
610.9980
651.4760
754.2231
512.5261
29.5991
128.2100
744.8907
116.2025
307.8258
180.0029
533.5581
509.2531
875.4617
206.1419
756.5602
110.1841
553.2460
256.2510
212.5841
36.9487
110.2406
517.2474
810.5189
599.7063
476.2514
735.5928
934.5387
441.4070
942.4874
65.9044
133.5798
596.9385
406.3254
76.8526
519.5890
217.0818
269.0144
91.5755
908.3911
408.6698
754.2585
965.1288
485.9495
954.3701
148.8240
978.4664
966.8638
179.9966
382.3068
767.4108
254.9932
16.7345
267.8815
822.2801
175.4421
665.8545
273.2595
587.0445
768.0052
929.2590
326.5536
271.6197
84.8295
800.3224
909.7750
7.3186
569.9231
282.1108
605.1395
178.9760
814.1394
719.9429
31.3165
212.6034
518.7050
204.1495
476.9968
591.8310
476.1014
74.4515
383.5861
526.6122
574.3426
377.4863
643.7431
437.7092
216.0005
307.6708
831.4731
881.2050
648.9509
42.6237
756.2696
251.4444
468.9147
775.6232
471.7405
762.1306
319.3031
831.0274
690.8560
496.6195
987.1676
828.6745
334.9319
338.6709
798.7154
971.5231
409.4474
26.8408
245.9673
585.8178
821.5945
490.9349
465.4768
205.5110
589.1321
109.6225
286.8378
543.5517
371.9701
911.5458
904.4843
129.2697
436.2533
937.1903
386.6681
373.5313
612.4289
595.0975
71.1678
44.0181
442.3656
151.4865
32.3239
294.3765
654.9331
990.2657
257.6963
476.8311
180.3225
86.4985
597.0462
176.0358
474.0562
759.0403
771.2566
935.6540
289.9186
116.6678
104.3333
774.0382
459.1881
634.1113
486.0225
223.4829
454.9841
631.0252
868.1985
991.0877
863.6466
309.5930
649.1012
410.5880
589.2556
776.7588
938.1472
784.8465
359.9380
324.8146
996.0630
95.8408
863.5629
860.4411
812.5841
961.4729
501.3098
752.3962
614.5309
455.4960
478.9828
490.6647
230.2184
307.0984
188.5109
273.7531
427.5145
156.2839
299.7406
526.3695
521.3703
270.1705
378.4848
461.4471
746.2164
398.4277
326.6826
410.3981
437.8664
805.3510
96.3684
667.8480
95.1213
718.7082
857.2675
260.7238
501.3648
15.1070
224.4521
31.9589
686.8641
328.4804
686.0543
203.6900
75.2831
950.4004
122.9205
133.3251
932.9051
406.0864
661.2203
86.3501
973.9495
317.7207
288.0255
423.1442
748.9319
202.3359
678.3643
491.0782
232.0635
199.2486
576.7191
722.0208
259.2954
637.8189
253.6372
180.2578
576.9231
479.6018
583.3733
216.1421
949.6691
83.7212
220.1354
575.9774
36.5206
521.7588
737.5895
404.0981
945.1396
748.7177
589.4426
944.6168
256.9394
407.1531
231.1231
94.4979
280.7253
481.5900
693.2774
835.5043
12.8517
76.0782
465.2166
764.8963
394.6477
213.0705
686.5459
713.2243
114.2200
205.4986
473.4992
349.7408
171.8562
996.8593
640.9085
334.2914
76.3815
617.5368
569.1755
879.6422
624.9702
233.4682
198.1937
969.6849
330.0544
925.8549
473.4784
692.2917
431.5636
83.5536
366.1678
102.5992
175.7692
588.1146
469.8703
629.1042
40.9703
364.7638
907.6511
929.2160
234.1230
199.9824
505.7062
188.2967
386.2079
497.7491
603.5857
329.4152
108.8762
627.1099
84.9827
174.3517
751.4519
266.1374
687.6018
798.7531
16.5381
485.6682
356.2528
390.6732
806.2561
789.9457
949.1004
327.0102
398.0119
984.4758
343.0725
448.7204
19.6773
569.5317
224.4127
504.9108
461.9311
468.4581
373.4691
614.8361
131.7483
487.2193
200.6968
925.4345
466.0176
321.0319
290.1904
95.6198
391.2373
238.6971
249.8278
190.7076
723.8234
543.3143
822.0824
249.9981
558.2403
51.8913
606.5059
109.6904
787.9519
627.5370
757.8657
381.9425
35.7205
301.9727
820.3037
609.3791
716.5653
941.4853
892.7503
450.0740
795.3287
847.7727
274.0111
81.2821
814.3789
448.8330
103.0064
517.4465
317.5263
791.2388
975.6309
490.3400
910.0137
954.4300
67.2425
933.2398
851.5746
852.2594
88.7324
330.2520
71.1084
657.4807
98.7403
297.4378
244.2860
139.4063
32.4805
590.9269
191.5716
286.3940
602.2939
268.8075
13.8659
434.8885
826.9535
24.0926
514.5445
667.2877
862.4956
993.8039
89.5014
71.5354
413.6148
615.8638
535.3607
584.2110
112.9172
710.9028
208.2387
758.2136
901.1121
768.8709
479.6813
887.1457
306.1862
951.0739
90.9564
548.9000
967.4103
608.6941
476.4428
802.5378
283.1876
811.8056
149.1848
476.7460
786.7701
364.1839
580.9839
132.9212
323.1325
31.3782
829.8183
229.2274
391.5650
127.8799
499.7169
187.1965
541.7459
560.2695
942.3630
822.4831
102.0454
824.2743
632.2186
763.5417
138.1773
443.6489
323.5446
789.7593
775.3482
155.6679
720.8876
894.4058
330.6660
558.9270
288.7267
540.3824
335.9553
369.7870
512.8133
370.8264
870.9512
311.8835
679.7612
948.1100
245.7244
657.7939
325.9072
832.5971
464.3491
773.6800
303.8032
652.9649
6.1474
966.5433
326.4199
498.3439
119.2002
607.1184
462.3426
914.0336
379.4549
560.4097
596.6313
853.5265
204.6421
162.8345
34.2116
924.0989
623.4355
514.7809
746.9115
565.0723
215.1337
701.9607
962.1629
702.5231
585.7382
329.1045
209.1997
971.4871
328.1060
304.1535
63.2108
253.4418
576.9860
697.7976
869.1708
6.4327
132.1750
236.6806
688.0683
576.3381
393.0715
875.8742
219.4939
783.2578
738.5232
413.9601
107.6425
991.5246
795.8716
865.1488
298.8192
795.3456
177.2644
107.7779
840.5724
424.9870
716.3122
433.1985
178.2572
991.2589
793.4816
475.3986
348.3100
90.9903
251.7378
388.6491
599.1962
581.8477
915.3864
887.4681
882.9122
570.5143
312.0359
633.2982
653.9341
636.3700
202.3892
880.6998
920.5984
28.0913
991.2406
264.1068
89.9360
866.5134
500.6523
34.2610
366.5565
822.2605
644.4626
48.1833
772.0990
495.3776
772.3573
708.4482
513.4164
108.2689
826.5890
50.2230
356.4327
388.7099
88.8763
867.5299
698.1372
982.0933
319.3952
17.3935
280.3798
466.7608
402.0320
273.7172
52.2998
727.5140
954.2046
883.1321
146.1954
246.4524
122.1317
909.8662
290.3244
314.9292
286.3293
391.2164
365.5629
423.6255
566.5030
83.6854
460.9361
67.4930
946.1143
787.1638
487.6456
420.3140
223.8487
146.8107
727.8264
287.8225
502.3690
647.3585
849.0946
956.2732
267.9863
34.0984
440.0630
178.3167
806.4880
819.1426
262.7463
206.3435
662.1609
661.3646
497.8594
850.8650
414.3852
98.8909
251.4305
155.6746
563.7800
639.3359
14.8382
453.4732
271.3738
784.1378
107.4442
556.1967
937.2837
289.4153
82.5781
970.5386
281.3591
18.8430
656.0750
989.8307
135.8440
10.4041
729.1477
286.0358
170.7890
695.5272
937.5388
2.3714
367.2879
958.2423
763.1432
354.3137
33.4831
339.7918
267.7215
279.0013
468.0999
727.7309
478.7405
331.9868
387.1460
595.1509
293.4595
582.6467
37.0130
50.9507
423.6449
321.2319
539.2247
14.9051
7.6213
935.7932
338.3557
567.3152
922.3787
680.4497
774.2816
15.4946
218.9821
543.7893
336.4457
897.1488
702.6875
154.5882
848.1167
990.0923
136.1871
657.6655
269.9170
280.3257
3.4119
22.5869
607.4922
852.4296
884.9496
258.7738
405.1316
969.0478
244.5818
129.3072
696.2004
836.5533
558.0380
843.7253
654.4903
479.9289
951.0642
934.8016
158.1733
937.6524
402.4509
787.4134
78.7357
64.5295
667.0179
34.4521
745.6459
226.0265
84.3452
859.5830
296.4870
6.3145
230.7032
265.4736
951.8461
359.7985
757.9491
833.9631
56.2573
24.5486
405.7601
940.4923
133.1023
420.5055
230.8217
661.5821
469.4547
440.1148
323.5132
697.9407
259.6395
140.1286
562.7075
718.9795
969.9466
186.4390
541.0604
785.1507
339.5037
385.7484
698.3588
402.2201
425.3092
397.9006
316.6170
552.8871
428.6515
196.1426
689.0986
737.6565
188.5454
169.4168
370.3741
821.2572
791.8810
123.2972
551.9223
904.2867
614.4386
65.2779
644.4762
480.4079
280.1837
247.8899
385.7281
132.7852
827.1391
677.4599
830.6865
432.3961
392.4367
250.1266
34.0998
50.9263
211.5974
658.6717
691.3781
533.0928
71.9749
25.3417
433.3518
810.3121
121.4538
873.2251
124.1528
419.2610
197.9418
390.5000
14.0904
38.6612
740.1398
852.6079
457.1329
484.3650
962.0631
571.3310
766.2971
88.9721
638.7280
312.4075
884.6508
255.7135
786.3515
598.4846
642.4828
810.4092
333.2155
797.0493
145.5711
107.4518
973.2176
240.7767
725.8225
190.3053
817.1379
907.7802
297.0188
904.8494
888.4670
483.4495
12.6111
945.7411
382.0180
817.2008
758.6634
629.5727
878.8418
217.7028
116.9436
204.7106
694.8978
134.3247
257.4348
712.3144
680.6282
634.3353
517.3625
205.1677
475.1050
104.9084
249.2369
520.5930
997.8829
475.0313
673.9620
170.1958
704.0892
88.9682
828.6837
6.4318
600.7270
706.6617
20.4598
897.1592
106.4671
78.4084
552.1318
487.9650
37.0395
99.7522
65.4342
489.2697
973.1270
230.0278
169.3629
227.8947
989.2872
573.2336
463.3017
557.2723
580.8684
906.9480
335.7991
149.9602
619.7409
472.2447
797.4320
236.4427
730.9803
631.1387
835.4024
594.2794
810.0200
855.7141
111.7852
184.5162
548.6318
149.4533
313.5060
680.2602
647.8528
29.4644
953.6444
127.6581
836.1078
953.9989
652.9931
623.7659
39.6190
917.5886
745.0904
307.0473
707.3769
901.9916
255.8391
610.8898
366.1164
450.1535
676.3444
960.8052
932.6862
326.7505
400.3609
597.1029
108.3699
501.1774
203.7690
381.2269
896.4277
513.3283
254.6767
658.2902
910.5164
577.2159
141.3103
808.0685
139.5202
439.4560
699.3638
942.1523
633.3332
407.4908
940.3014
46.5149
227.9424
928.5664
953.1354
345.1951
326.7916
7.3681
56.1987
155.3107
958.2264
857.1073
97.0494
190.5951
526.6488
194.4616
135.8682
636.1690
960.4947
733.8740
411.0853
80.8267
962.5588
780.5555
464.1199
681.3289
846.6643
730.8573
729.7259
519.4272
567.4402
560.9820
421.6119
614.8694
294.6190
959.0050
705.5500
604.7036
979.2140
683.4482
488.0765
655.2780
158.4193
548.6609
618.1329
167.6973
70.5721
791.5206
449.3009
663.5265
556.3080
453.4121
808.6618
401.2026
593.5743
26.7200
162.1878
373.2614
549.0936
70.4481
681.8890
484.9085
210.2437
591.0868
849.8976
37.1173
360.7558
658.4515
390.3273
599.4466
688.7099
336.8724
604.2300
702.6746
466.4182
301.6360
234.1383
242.8538
609.8998
725.6103
189.1907
866.0910
192.0112
258.0098
792.2343
608.5214
757.1410
794.0842
621.2704
325.3241
796.8866
597.0037
255.0191
371.2169
520.2222
997.5574
673.5764
854.1129
401.3930
412.5902
93.0804
619.5494
632.3127
457.5688
25.0881
698.0541
125.4288
688.4218
585.0919
397.7647
274.5561
586.0383
246.2012
553.4090
777.6622
521.0948
669.5981
225.0257
559.2260
167.2551
161.5949
252.5332
272.2113
462.6229
909.5678
705.7589
257.5945
345.4418
601.3994
155.9660
367.1664
861.9613
428.2210
362.9873
870.0740
375.9004
896.5721
68.9556
76.7298
371.9310
815.8003
48.6942
842.0979
1.5695
772.5354
921.2038
278.0541
154.2786
793.0810
40.5430
846.1031
710.1262
243.4746
436.8144
514.9256
706.5081
267.1067
621.7913
711.8250
439.6893
803.5212
826.3689
833.6200
236.0420
86.6109
934.6633
830.3840
104.4788
170.7535
996.5095
149.5508
428.6213
624.8285
336.2354
382.6403
623.4965
906.6158
331.2178
851.5435
70.9739
515.3332
485.6887
45.4734
905.2878
114.2587
45.3116
271.9646
574.0357
290.9018
922.4989
78.7038
642.4549
97.8140
597.0213
78.7454
830.3014
326.5278
913.1576
800.0943
167.5322
22.8809
656.9511
760.0499
891.0221
497.0679
705.2156
195.2120
334.5038
148.8580
737.6119
247.6726
431.6108
558.2529
646.2813
313.7349
221.9166
549.4135
828.9325
579.0745
656.9007
498.2946
258.6015
222.7566
242.8931
227.7963
180.6692
819.8107
143.1116
613.8228
657.7436
734.3587
45.2961
259.8118
945.4127
871.0594
928.8487
530.0170
405.2524
451.4273
333.0982
129.1699
866.8959
324.1859
883.5017
854.1836
436.3383
644.0870
183.3832
812.5595
616.6983
648.2694
161.4775
592.8779
836.6025
429.4544
608.8979
875.5158
71.6412
461.9545
478.6707
768.1544
706.7215
593.8108
74.7957
781.6388
254.6761
141.9752
817.9754
513.6910
57.8212
670.1069
855.8503
900.9044
868.3498
144.5270
600.2754
792.8242
527.0969
330.3779
215.5191
548.6556
505.0918
255.4449
687.5645
70.7928
755.0427
232.9710
381.9274
72.7712
838.7202
319.1434
692.8574
461.6443
139.7188
240.6376
760.4222
266.9038
500.3143
46.2762
377.1450
161.0192
828.8578
329.3363
983.7481
156.9885
574.5285
854.4806
221.9857
400.2327
555.4680
961.0218
602.5674
73.6928
910.0237
718.0689
273.1990
394.4960
875.9318
583.6609
510.2375
57.5637
279.7672
388.8150
389.2131
254.3064
526.8158
711.8410
774.0443
981.7027
23.3136
34.8724
364.0668
183.7391
953.9677
674.5088
870.9763
898.2162
719.3325
636.5765
346.5939
820.2738
454.1924
107.6685
540.1086
375.5877
343.9712
337.9314
401.2631
408.1278
799.5982
827.2725
310.8711
961.7288
919.4620
347.8105
253.3376
840.6784
459.5452
718.1889
54.3209
136.1517
937.4682
97.6021
981.1180
42.0996
430.4702
658.7612
184.0210
707.4274
540.5495
582.5309
954.7275
468.4901
865.1354
522.9192
428.1107
85.8975
906.3457
680.6671
426.4547
480.0153
482.4199
527.3050
653.3296
638.1719
210.5100
306.6635
432.2096
530.7379
34.3081
978.8543
610.8634
771.8925
762.0218
812.4529
284.2348
623.0283
520.4199
884.5959
802.4926
184.0883
92.0531
859.8604
270.9552
673.7344
251.9131
947.7891
287.9629
909.6536
56.6493
853.9587
891.2332
622.1793
604.9300
912.4458
802.4898
117.9622
423.4152
194.5323
892.4453
555.7817
792.7888
338.1542
130.2520
511.7221
820.2743
767.1857
162.2911
765.5921
441.7138
190.6384
686.1549
321.5579
640.1685
685.6005
497.6189
54.0515
564.1217
989.3679
345.0805
282.6159
322.3207
559.4372
924.0294
344.2599
586.4227
556.8335
227.5257
119.9293
24.3704
129.6713
565.8554
703.2657
491.7829
598.1472
152.5280
671.1764
837.6150
562.1679
339.4452
258.2832
687.7657
295.0460
17.7906
573.6093
307.9414
699.0125
404.0491
555.7155
706.3151
489.6989
402.3895
117.1797
288.4392
834.6622
687.3878
186.6858
546.6830
367.6856
50.6629
88.9147
404.5766
956.4642
880.6250
763.7545
503.2870
716.2423
573.8154
149.1384
312.2773
370.0483
222.3703
331.8272
338.6250
172.6786
250.8441
429.3843
409.8052
479.2772
840.7356
2.7794
489.7440
796.8717
827.0911
323.1319
484.9719
353.1963
169.7621
810.6263
668.0392
212.7238
598.3562
797.5386
942.9382
331.2791
202.2874
370.9773
554.0502
527.8946
508.3154
940.2101
876.4557
940.3498
485.9206
488.2343
283.8423
394.8198
763.8065
910.9099
60.1496
329.2241
754.8551
934.1429
373.6993
303.3965
253.0494
82.8119
713.8383
436.0862
408.8433
165.8795
650.2233
360.7541
380.1390
731.3582
134.3418
904.1422
740.6988
458.6799
640.8289
174.1485
980.1947
277.4952
155.5049
128.8625
929.3037
628.5326
389.2070
534.9628
372.4055
29.2486
872.0740
151.3575
225.2751
68.5758
673.8654
702.0282
709.9045
638.9233
420.4762
571.8173
811.8824
304.7199
746.8279
291.0603
502.1640
135.5493
463.0252
266.4896
2.7668
483.3798
410.0033
461.7518
330.6128
171.9911
381.1817
616.4902
290.0224
565.1699
611.3054
817.5519
271.5922
14.7346
227.5290
742.2023
40.1562
368.8597
289.3664
46.0195
390.0082
373.6380
816.4390
547.6446
675.2300
587.8517
980.5672
83.4794
559.8179
530.2304
284.9237
15.1847
145.2676
834.4417
645.6149
790.5457
667.2863
307.2260
465.3240
746.0535
789.9705
920.8328
22.8121
622.9127
830.8893
143.3756
845.1726
636.4917
500.7121
659.2690
279.7944
201.1586
182.9641
41.4273
110.8966
392.2042
98.0477
830.5858
370.5207
542.5758
438.5950
615.3150
515.5173
889.1931
34.2629
12.1332
385.6584
230.6132
365.1261
159.1869
738.4415
756.4600
766.1007
72.5182
342.0350
917.1965
176.6637
886.2167
101.3473
749.8722
284.1408
180.4509
694.3738
395.5714
493.2973
717.6339
961.1624
856.4314
343.4180
33.7336
508.0077
752.3938
251.0444
516.2793
103.0968
703.5535
376.6615
797.8264
929.8648
584.3919
143.4977
144.8668
931.7582
644.6476
440.7167
246.2575
421.6684
761.9479
495.7525
146.7955
641.4880
342.1662
935.3878
0.6674
106.7207
604.4119
761.6423
488.6049
496.2486
633.8322
947.5525
137.1435
200.2845
619.6948
638.2590
180.6049
537.0549
13.2225
342.8173
100.7095
361.3793
941.1885
691.9801
704.5859
564.4195
788.9299
63.5081
145.1592
76.7049
650.9685
990.6457
92.2338
761.1955
704.8231
513.0734
288.7051
913.6130
632.3843
444.1743
284.4109
367.8855
620.5927
478.2062
751.2185
176.9651
826.2490
387.9209
75.5520
941.1903
868.2755
710.0038
979.5453
653.9194
652.3156
852.6454
175.1868
798.2776
51.9944
157.4744
627.0105
599.1998
339.7444
325.7090
381.0762
718.9391
620.5674
115.8240
537.2033
975.8670
617.6374
404.9107
269.8453
502.3146
32.0118
769.5167
559.7804
975.6931
68.2121
995.0147
884.2859
212.0563
735.2654
413.3666
544.7009
33.8240
768.5179
103.5624
75.0961
658.5475
82.7002
877.9533
868.0265
805.4748
925.6517
430.9782
306.4449
873.5176
667.7143
890.5930
621.9468
7.6219
760.0145
596.4171
260.4578
15.6799
711.5225
542.6336
541.0387
906.3249
582.5512
890.7710
983.3893
411.1685
785.5613
885.6471
726.1494
411.8102
174.7385
958.7233
612.2702
749.5572
821.8825
621.6907
846.5353
717.8184
809.6868
531.6758
389.1750
530.3291
348.4412
304.4623
343.9630
556.6837
660.9095
956.0031
73.5606
949.7014
281.6626
857.3449
985.5612
690.3604
579.7318
620.9659
472.4886
246.9284
272.3238
532.8798
65.7294
563.5565
786.5951
489.7588
42.4552
630.6371
705.9169
490.1555
555.2784
990.3131
121.6038
772.2488
526.9344
964.0228
69.9614
285.1869
563.3897
509.3841
767.1778
27.7058
589.6205
659.8925
400.6983
386.7682
77.6726
170.0611
49.5952
357.6348
171.3417
421.1048
380.2735
67.8299
483.7210
362.9986
552.6775
109.9785
746.2464
133.9498
496.5875
670.1652
195.1948
847.6706
338.8170
747.0031
23.6209
353.0005
368.2918
991.8322
541.6671
163.8883
981.2848
121.8416
875.6962
133.5868
318.1743
916.6160
684.8709
718.1945
194.0292
70.3806
515.8362
996.3776
113.0529
723.4016
467.2425
230.0087
473.8077
919.2730
252.3783
371.2613
318.0352
159.3013
479.1276
541.0334
407.6262
230.1665
461.0632
803.1747
832.2415
37.5539
733.3967
727.8913
743.4813
336.4695
440.6339
606.8811
341.8651
868.7088
27.3039
259.8336
616.1301
945.5396
168.4275
579.9615
670.5391
976.1776
391.7746
294.9859
207.0813
548.3523
141.1644
377.1718
872.8719
401.5028
871.8462
194.5277
322.3407
550.7175
969.4998
582.2870
988.9901
182.3417
782.8773
32.8664
641.9701
991.5314
125.8553
863.6153
616.2426
349.9386
951.4047
849.7093
457.8506
231.5587
15.1638
423.4443
692.1228
951.6566
771.6250
587.2471
663.9590
66.4088
659.0653
186.7102
336.9345
156.4760
458.0625
361.4132
794.3477
728.6527
842.9230
305.8041
971.1791
595.5758
156.6304
421.4619
954.9778
655.9578
536.7713
646.6327
520.3084
477.7733
963.5958
750.9635
734.7286
896.6052
21.4841
652.7064
531.0441
48.9861
318.9533
280.3829
255.2720
548.0975
824.7963
871.4995
470.0068
99.1007
878.7643
86.0254
265.3887
715.7396
978.5831
640.3035
128.2284
168.3190
521.5996
11.8099
371.6996
821.8740
343.5238
300.9085
919.5933
790.7886
490.5675
70.1377
423.9309
897.1611
661.2300
733.7064
734.1895
637.5784
868.3699
762.1960
379.6814
565.1422
689.7299
503.4797
488.5176
84.1610
789.6004
981.6765
99.6978
865.7185
301.7872
447.8133
320.7220
480.9163
894.5756
137.3920
113.3104
210.3106
139.9902
34.9839
882.3884
742.2845
913.5692
242.8428
610.8452
564.7975
0.6800
504.2104
621.6765
324.4291
852.3951
934.5232
975.2236
538.1453
330.6683
856.7524
129.9596
818.4153
244.8107
785.1727
87.7397
229.5761
874.5410
820.4080
680.3503
571.5669
133.5879
991.6010
175.6899
848.5542
940.6435
373.9163
993.8260
524.8054
994.6048
729.2331
224.9226
577.2842
67.8299
593.5314
41.7794
472.4941
90.9631
47.6364
150.9088
317.0013
773.2359
894.6845
858.8269
438.1805
970.1062
105.6823
468.0834
921.6151
842.4284
749.8777
162.7695
2.6288
282.6602
494.0207
697.0715
169.8210
822.4713
409.0396
286.7968
918.2676
65.4105
67.8824
650.7988
367.8449
295.8348
829.0974
299.2660
486.5906
498.1737
552.6057
899.0945
204.0298
938.5939
7.6583
638.6194
533.7521
530.9060
356.1877
453.9806
877.7955
161.1039
193.9782
126.6250
680.1164
515.8548
345.0458
230.8897
397.4265
383.1999
579.4981
606.5015
225.1676
288.4755
614.9509
248.7136
272.6509
798.7891
876.6965
115.1255
307.6581
727.1596
31.9790
363.4088
849.4324
445.8617
424.4278
936.7781
238.9581
168.6257
529.3441
447.1721
621.3151
179.2695
787.1774
786.2709
993.2394
836.4717
284.1551
929.5210
710.3479
366.5797
933.0620
335.4243
960.4765
526.1989
787.8191
353.4299
179.6432
719.8336
890.7369
895.0225
470.6538
507.3620
968.8986
424.2612
715.3000
852.4529
870.9075
921.6907
197.8897
180.0299
864.2550
772.9194
599.2465
571.4244
923.1182
886.6870
681.8084
697.8141
867.2511
866.1985
518.9922
133.9861
757.5972
202.2478
859.9468
435.0236
825.5080
211.7321
471.9644
179.4674
612.3660
231.7991
424.8664
880.3099
345.2772
908.0933
509.9366
634.2861
87.6509
960.8955
450.8353
571.1647
23.5820
534.1728
936.5456
60.9232
846.8892
275.5560
895.7880
10.9872
362.5199
432.6955
69.9871
772.8970
217.9632
918.3300
797.6479
77.8863
185.1288
140.2997
181.3709
494.3050
15.3722
756.9992
371.9463
96.4461
473.8643
475.5785
321.6777
950.0835
189.5218
59.5160
512.4817
119.4328
454.8865
551.8190
45.1263
571.6571
425.6105
370.9109
621.3047
918.5212
288.4758
413.4633
833.8159
211.3816
432.8037
255.1446
731.0708
416.3097
170.5294
632.8726
439.9043
508.7357
559.3970
254.7454
247.6019
93.3887
941.6376
621.2519
180.8209
617.2307
845.2302
265.9114
349.5757
700.8895
882.9163
924.1791
320.6865
455.4110
452.2075
156.6477
208.3781
587.3936
647.2558
354.2978
83.1242
410.3943
806.8471
677.2598
416.7340
445.1942
11.2088
864.0940
948.5281
351.8808
60.9628
519.8978
796.8873
144.3113
147.0483
772.1112
760.5652
618.1882
91.7667
270.8709
493.0389
846.8501
339.9526
862.0012
439.3099
686.2527
135.0120
182.1553
504.5725
623.7897
737.2709
704.0843
511.0206
171.6592
205.9167
997.0633
978.6511
751.1255
595.2080
437.0708
896.4751
567.9956
523.9688
237.8415
543.8356
594.1440
446.1179
250.4799
680.4032
895.0952
678.1284
931.5006
913.0301
767.6567
871.6065
663.4197
252.0351
938.0354
502.8481
136.8781
451.5093
135.0978
941.7768
443.0027
661.7053
576.3699
964.5550
752.5880
799.6163
490.2850
487.8324
25.7971
486.9629
739.2194
597.3814
801.6505
706.6533
41.6959
200.7307
870.9009
283.2336
919.0713
717.1451
222.0996
791.2696
142.8073
485.6773
752.1435
811.8555
521.3051
426.6024
837.4261
199.5579
600.2632
107.1213
816.1718
356.4326
359.5442
752.6766
902.0645
622.8485
985.1436
221.5372
752.9068
656.0134
100.2974
824.4793
443.6481
460.8437
521.4903
109.6882
821.2979
973.0980
781.2477
531.1787
50.4761
0.5398
13.5096
423.2610
355.9693
331.5227
221.8507
999.2255
510.0072
482.4562
314.7052
333.1930
498.0428
518.1742
327.7426
879.3995
260.1896
468.4382
775.5638
355.4526
187.1397
501.8406
217.2606
944.7888
645.6344
54.0800
213.8300
491.7973
59.5534
665.5365
850.8968
243.6095
424.2012
191.8802
490.0378
194.7378
433.9615
785.5381
160.2179
555.1045
271.7702
233.8044
600.6120
876.5782
14.8748
428.7957
586.9695
84.9653
456.8066
309.6397
68.8399
679.0007
81.6701
520.4231
800.1585
218.4346
471.2679
921.4128
255.9818
394.1292
81.2375
537.9033
271.9775
154.1764
961.5479
758.2466
283.3495
223.9706
904.0992
664.7120
212.0137
298.3134
552.4610
871.3838
685.9511
672.3165
457.9135
690.0588
904.7672
241.4198
862.2789
941.4973
485.4100
14.1390
916.4703
632.5283
559.7412
676.1433
536.3977
409.2847
411.3535
504.9557
953.6005
992.2760
860.0541
995.6776
938.0137
940.9980
486.1799
458.2163
847.1516
893.0857
576.4181
469.2208
311.4225
351.9756
316.6983
107.1322
441.4714
188.2434
87.2780
490.0010
437.8935
490.6169
435.6267
298.7297
702.8273
652.0624
227.5885
777.0683
233.0554
978.5767
155.1860
920.3139
736.4194
661.0171
697.8715
436.8389
447.1459
956.8266
503.7188
169.0351
410.8609
92.4192
173.2290
720.0284
729.9353
8.8597
965.2304
59.5317
19.7675
458.3101
262.6674
828.9096
607.8929
566.4884
776.9224
894.5999
474.2113
634.0686
59.9223
916.3724
902.5688
262.3081
187.4818
359.7928
964.2314
983.8917
857.5493
502.7481
756.1427
136.0482
919.7496
967.1542
878.6752
145.1676
299.7716
675.9177
950.5509
79.2459
275.6453
432.7773
941.3128
791.3635
324.3237
547.2938
293.7062
477.6417
901.0654
344.5763
789.1818
143.4270
664.1453
347.0289
224.2341
633.5684
38.4508
43.9764
696.0840
563.3557
583.3634
633.5445
896.6568
814.9773
897.9088
915.2755
71.0829
51.6113
839.2569
110.2324
931.6259
837.6845
386.4642
608.2486
950.1513
683.7003
516.9877
831.5569
977.9840
511.9225
500.0622
878.1481
378.8971
814.8774
477.1250
517.7286
294.2045
897.4243
803.8596
846.6871
829.3863
845.6683
622.8747
1.3458
761.3219
192.4249
683.1234
481.4290
81.5292
244.5909
580.3787
792.4475
379.0765
326.0406
67.8191
410.6445
440.8583
952.8383
411.9591
365.4742
423.3100
696.4761
750.7489
507.6533
146.7200
170.1704
407.9141
767.4014
720.4764
314.1153
668.2952
236.6412
200.4525
492.0479
822.0329
867.7379
372.4130
903.5984
394.8646
900.9908
67.1830
686.3102
718.7887
180.9771
831.6830
911.7818
537.1769
992.0520
689.6178
655.1796
608.8476
45.6175
509.6683
961.7093
199.8186
182.6185
631.9839
871.5969
330.1104
902.6741
488.9773
211.8072
450.0307
991.4661
652.7065
447.6095
118.5120
140.0142
477.8534
477.2266
136.7663
528.5704
516.4356
831.4123
905.4249
142.8899
949.3992
717.9437
614.7166
427.7088
802.0618
420.3414
36.2637
302.3962
902.1998
314.5351
281.1290
438.7966
745.6324
611.9024
98.4479
388.5719
379.5128
989.9275
68.2222
88.6954
904.3932
962.6740
215.7377
521.9134
873.5116
905.1497
669.9806
404.6123
833.0938
986.6996
438.7073
188.5526
384.1476
393.1096
628.6089
885.5899
162.7545
349.5752
762.0052
305.8380
790.7623
14.9122
152.4300
396.6524
91.0764
44.2718
126.7918
846.6900
918.0913
6.6288
497.9358
695.8010
324.8605
961.1493
91.3652
653.2305
747.1667
826.6804
866.9442
759.9170
579.0796
274.8909
696.5157
549.3923
922.1473
323.0361
648.9897
111.7273
945.8285
453.7469
968.9646
481.6867
449.4148
894.7717
404.5466
692.7870
914.8530
765.6146
466.3899
517.0111
131.5593
201.2907
444.9814
73.0509
629.1508
250.6721
949.1136
561.0547
759.9254
507.5972
79.3589
476.6263
627.0140
692.2364
488.1482
44.6925
794.1273
132.0002
634.9722
958.7382
124.0466
401.3463
487.5304
47.8465
236.9441
761.1124
98.0976
3.5868
895.4255
541.8437
161.6928
150.5133
382.9923
386.7671
665.9929
843.1247
985.1034
31.8918
127.8565
957.6982
578.0605
31.5895
208.7182
302.2642
287.6898
847.0865
666.5221
178.4853
742.6918
668.4329
845.6281
170.4221
649.1951
497.0762
773.0856
485.6324
421.7177
926.3990
175.2445
386.8980
518.3499
155.4530
10.7773
759.5817
116.0571
968.6271
970.0097
111.8221
475.2515
997.6364
207.1896
620.5413
48.8241
58.5911
823.3280
555.8627
250.8511
775.0025
637.8456
15.6166
246.9702
5.1914
778.7146
5.8150
188.2919
613.6981
715.9729
979.4945
460.6611
562.3551
61.8612
865.1640
506.8601
661.8506
989.5893
206.6904
434.9009
671.2607
670.5094
991.7735
478.4262
689.4530
813.9630
805.8318
456.5392
426.0374
320.9997
781.0882
764.8586
797.4617
990.0016
618.7895
228.1165
682.6181
729.1052
325.6961
860.3022
922.4361
152.5062
930.5065
580.8704
773.4295
319.0828
657.9654
318.7029
586.8510
498.4962
575.4613
696.0104
962.0779
153.4639
663.1964
603.5523
784.4411
387.7859
182.9110
464.0774
875.3164
389.1273
227.9561
666.9163
965.8281
977.2560
692.7733
788.3074
427.3368
400.1436
180.4720
118.5723
740.1106
601.0342
487.2496
777.6828
162.2439
162.6969
350.1008
26.7745
757.9497
979.4203
804.0268
347.2090
581.2817
594.6103
250.7344
69.7334
210.5674
758.0129
945.6124
158.9673
898.7812
46.0526
896.3328
176.2140
832.3947
309.6314
934.7825
801.2036
596.1738
314.3811
746.8014
745.3162
137.1921
646.6598
8.8522
762.9992
659.8327
452.4850
603.8064
916.6257
372.7447
127.4984
118.5355
638.4468
571.3225
482.6890
381.3991
89.0237
121.9109
369.6929
120.4065
594.1015
421.1381
446.9776
703.0175
774.2726
349.7539
345.1292
597.7805
212.5894
780.8450
549.6545
478.0265
544.9508
619.2544
656.3752
272.3584
556.4508
933.0039
639.6740
846.0573
664.9151
710.2839
48.7209
573.4619
460.4746
963.4645
449.0734
278.3582
964.4002
888.6821
294.5698
282.6771
951.7686
424.0943
82.0559
55.0469
404.7935
919.1192
761.6656
102.5843
645.5771
497.0185
265.8620
14.1177
300.4485
704.2191
862.6064
864.0051
631.6081
769.9965
968.0774
77.8866
645.8619
904.5504
519.8158
652.7769
31.4590
208.9580
872.0228
245.3114
756.9941
142.1903
628.0221
336.3591
701.1877
16.0291
155.8941
184.4810
729.4782
787.7235
954.5931
491.5485
411.3783
203.2692
747.7311
3.7625
603.0444
154.4328
480.3332
556.5823
161.9825
515.5477
400.3863
399.8939
308.7166
744.2922
495.0827
355.5345
125.8420
547.2266
83.2271
89.0667
199.3318
639.7427
607.0689
653.9106
732.5092
345.1049
785.8314
287.9405
63.6599
880.0735
282.6417
574.7366
714.1364
548.7305
941.0389
149.1442
1.2504
488.4247
424.1579
408.1001
243.1513
79.3163
308.0574
812.9169
845.9187
178.2421
515.7925
897.5304
365.2570
162.3499
393.5288
115.3530
127.3797
426.5485
541.3959
903.0245
485.8167
588.0294
116.4007
212.6217
679.7598
87.5365
783.0400
101.8628
705.1677
630.8097
286.2191
769.5638
608.2179
480.0063
630.6585
615.3863
228.3309
929.8379
331.4399
635.7271
745.4064
29.4950
144.3210
254.2458
257.1052
682.4839
509.1729
93.9301
319.2172
848.0679
118.5788
337.6071
655.7076
455.3969
72.3674
254.3646
319.3841
601.5046
696.3060
330.9252
740.2692
241.6425
223.5350
250.6829
245.4028
712.8375
102.5892
579.3908
530.6629
621.5023
975.6456
583.0899
394.8581
958.5471
916.9305
10.2918
170.2227
550.3095
209.0998
263.0003
718.0789
757.4305
631.7255
610.4246
685.3603
529.4837
262.7083
872.6515
213.0046
336.2318
939.6134
473.2964
512.5412
710.5575
852.1037
50.3946
742.4213
985.5573
739.3918
33.3762
187.4744
59.7187
652.8141
18.2529
102.7947
890.0619
758.2264
585.1095
429.2896
648.4670
106.5651
472.4580
438.5945
453.7187
804.5918
582.2281
682.2527
452.2550
404.9566
73.4031
766.7039
513.9792
648.7169
877.0472
315.9527
664.5003
775.2105
603.5354
923.7128
890.3579
35.8214
664.9805
136.4837
972.5794
516.6702
97.9190
257.9256
732.3353
968.4966
954.8596
293.1903
332.3249
903.4215
297.4583
464.7995
803.7580
950.8879
85.6990
343.3762
717.7433
185.6321
245.6546
704.7643
273.7372
201.2275
498.9343
539.3182
843.2306
591.2028
964.5534
348.0453
411.9515
426.9810
844.4657
687.8452
273.2272
982.7623
313.3338
883.4192
33.3123
846.7811
615.2338
495.1544
870.2635
485.1308
49.6595
494.9434
498.2188
941.7263
48.3728
603.5870
792.8204
829.0780
545.5858
268.2288
371.3186
200.2927
200.6526
37.7677
160.7830
784.1845
108.0345
680.2127
570.1622
674.4824
901.3381
330.5279
177.9500
906.1918
792.8499
529.8562
641.3149
658.1257
758.1392
207.6794
244.8990
453.8474
74.3988
657.2714
294.7549
717.4612
937.5222
954.3617
119.4903
133.1613
302.0549
440.4904
303.4062
710.7534
106.6547
488.8183
930.8561
268.4430
749.2801
777.1443
490.0153
20.3347
732.6801
747.0313
564.3920
482.8364
752.9375
657.5430
950.9294
467.0278
345.1749
460.6067
288.4335
122.5885
154.7563
915.9773
134.5999
421.0153
516.2564
536.9665
126.5071
664.7220
674.5527
305.0170
414.1825
953.0185
600.0639
891.5331
297.1594
884.3180
779.1450
778.5010
338.1161
970.6564
37.3540
841.0283
965.8431
782.0206
672.7358
982.2864
470.6600
288.3651
734.5189
189.3128
863.0741
948.3167
933.4148
84.1375
213.6495
132.7450
509.5750
799.7396
977.7374
824.0018
108.0131
417.1480
209.4708
747.7656
388.6107
270.7226
622.6334
481.8548
311.7209
219.8548
511.4594
447.6358
804.2504
475.1912
865.9055
490.3471
359.4413
416.4310
367.9611
743.5496
263.8634
643.1595
554.8964
695.8317
832.4355
877.0849
934.5768
617.0521
953.6735
224.8371
471.5219
655.4724
211.7365
119.9044
243.3976
451.0932
295.9295
688.1612
458.7702
962.3151
228.7873
769.6931
947.8451
784.7571
925.2930
939.2603
771.4113
717.8301
442.8709
521.1230
235.7020
736.7203
426.7112
630.4239
422.2402
516.4127
556.8035
890.8818
922.6123
778.3897
733.4078
877.1708
534.0202
756.5870
77.3711
665.8605
718.5924
833.4383
220.4383
695.9633
283.0707
526.5844
883.5570
572.8945
664.9047
592.9902
490.7018
436.3945
319.5149
369.6185
637.0115
814.5028
295.9147
407.7529
762.4940
643.9407
21.6578
305.0828
694.3552
569.9253
820.0656
953.1413
75.2245
8.3078
800.9842
548.7797
12.2522
693.5141
387.5816
243.2483
37.0733
303.5137
391.3623
864.1259
645.9286
177.0073
587.0326
103.3932
904.9178
926.1347
735.3966
972.4112
817.6558
89.8415
709.4639
931.3483
745.7090
74.6571
858.5665
389.3708
595.4921
292.1055
215.3285
461.8438
964.7349
815.8199
594.9503
959.2439
192.1690
433.6038
736.1615
41.3143
210.2135
713.5810
283.7838
221.0663
919.8918
372.4172
551.4561
658.9070
92.8559
494.9478
280.0457
299.8083
352.6087
441.6643
226.4432
648.6678
680.8404
33.2300
490.8898
598.8594
615.4818
342.2090
656.1972
253.3713
426.3596
766.7183
484.7519
381.2577
126.8667
331.7278
119.5080
71.8332
898.3722
544.6792
998.8777
432.0287
692.7531
105.0672
157.1402
579.4886
443.0309
42.2341
902.8696
906.2675
43.5385
777.9741
224.7682
11.5817
683.8657
378.4412
424.5532
839.7497
817.9942
506.6316
796.4945
147.1985
995.5624
907.5722
250.6182
9.8997
353.4809
783.4637
255.5857
407.7367
942.9529
480.2124
778.6613
149.0278
928.4294
383.7863
100.0308
599.9739
522.3977
993.7871
238.7132
504.8398
664.5647
911.5983
90.9831
475.7841
464.5045
215.9967
331.5825
159.0326
314.6945
99.6981
48.8894
803.0406
721.5897
305.5431
352.3338
746.2634
969.7658
705.5015
466.4736
980.6638
35.6016
525.2957
803.1998
630.1200
539.8467
422.5377
261.3720
111.4439
993.8135
887.1763
410.0042
441.9984
339.1353
108.8992
775.7816
141.9498
517.0459
241.0540
861.8061
574.1172
998.8349
110.8910
816.2323
487.9584
310.9159
175.0913
42.0863
934.8257
902.8343
644.9516
824.2747
314.4241
642.4179
486.7917
184.8801
504.2720
493.7800
718.4133
298.5663
352.8010
311.6683
955.4818
763.0562
366.7769
739.0506
682.9968
427.1081
56.1946
160.3557
834.2579
981.3237
616.6852
359.6395
626.3309
849.8333
40.2692
608.3427
868.9279
182.2248
228.5945
576.6391
607.6112
358.8516
955.3831
590.9764
662.5974
619.1957
780.3030
141.6519
522.7971
435.0904
586.6921
604.6522
986.1891
419.5060
317.6823
336.4195
875.1694
905.7426
429.9447
425.9899
221.1361
577.7986
262.0395
520.8833
161.8375
36.2849
499.4658
223.6941
857.7557
72.2428
567.2918
709.1297
285.4397
751.4178
359.2298
84.3749
237.3889
543.5752
942.4402
161.3170
354.3249
812.7008
810.5148
554.2490
501.5904
21.1065
562.4223
291.8943
879.0850
228.2108
436.0421
923.5973
519.4177
357.2968
363.5665
947.7110
546.2089
861.0773
436.0853
170.3742
261.1277
108.0177
437.0492
943.7643
536.1200
857.0128
307.0337
697.0716
980.6736
63.4744
851.2507
349.3648
570.8218
348.9416
829.0856
5.2373
213.1891
894.4497
361.8810
847.3236
814.7212
670.4758
282.4123
90.3489
865.2954
865.0245
688.9307
867.7936
313.5316
211.5411
895.5962
90.9220
990.0650
330.5650
739.1981
307.2356
376.1831
138.8896
907.7323
355.8570
89.3221
161.4836
155.5884
593.4502
321.8408
249.4155
932.7217
811.3151
485.0871
949.1254
354.3920
629.1839
508.0557
517.7179
540.2278
691.2431
489.1769
35.0979
217.0348
850.6298
284.9837
694.2906
951.2891
612.5106
379.8192
285.7622
627.9930
768.4998
247.0708
871.7932
730.3865
56.8737
264.3055
858.6756
277.3601
977.3192
504.8779
45.9032
849.3493
53.1410
322.3690
992.0931
838.2129
910.5354
651.3962
67.1118
109.1377
665.7788
742.2765
370.6932
747.8341
502.2810
421.0172
491.7408
773.1623
895.5366
684.2324
922.4612
438.1889
316.9542
901.7659
752.2181
886.0267
896.0458
997.7397
923.5225
451.9307
452.6606
631.3035
94.5224
208.7206
516.1221
595.3120
711.6032
800.9134
47.0607
713.5681
391.0731
977.0378
689.8632
883.8411
24.8833
832.3230
203.1088
948.0137
652.2124
168.0728
803.0603
380.9359
289.6973
804.5167
34.9660
604.4054
906.7608
518.3259
825.5603
847.4690
337.0538
236.5262
65.8640
120.8995
715.8237
789.7024
736.1887
473.9925
80.9825
498.0456
556.9566
621.8078
836.6480
714.2168
848.3974
736.6254
165.6432
998.0066
223.8395
926.9518
517.0618
709.1611
42.2577
993.2244
759.4258
376.0496
426.4080
970.2448
991.2565
144.5167
751.1546
461.0865
118.0485
696.3833
807.7932
267.2271
113.4596
242.5363
248.1925
806.6655
942.8252
183.7873
54.0420
410.1800
12.8895
738.6827
401.8929
463.5779
392.2158
571.7583
646.3378
473.0374
789.3487
696.3939
628.2008
159.5570
931.7942
34.3978
892.7881
606.7603
10.4305
774.6175
430.3982
849.3731
88.3770
711.8928
112.7690
516.0359
885.5498
187.3257
370.6558
702.7440
613.4204
765.5796
831.4065
848.0964
794.6133
432.6017
670.4896
161.0061
106.9957
89.2569
363.4607
914.2241
796.8238
456.0999
470.9473
922.4377
58.9564
84.0923
149.9210
671.1539
607.8037
448.0459
390.4089
169.4470
705.6276
168.4212
999.4925
329.2930
315.6367
110.9905
108.8429
593.1803
978.4719
401.9388
889.6294
208.9990
772.5352
51.3215
347.5430
831.4888
626.9983
997.5072
662.1263
719.0634
996.9933
46.5940
31.7371
113.2928
301.0719
832.8037
859.5998
103.7976
524.4386
923.3250
199.1876
945.4408
549.6184
988.9646
859.6067
77.5531
261.8456
250.4978
540.0390
839.2823
66.2042
46.8723
161.4515
750.1959
652.1097
79.1612
480.8358
595.1014
507.5298
972.7012
133.0832
688.1377
664.6156
139.0019
793.6062
279.5803
315.7592
979.1865
297.7689
696.5740
113.9151
270.9081
405.8276
316.2547
446.0662
374.7342
66.2367
727.7594
258.9118
804.8203
891.7849
178.1845
210.1901
670.4827
151.4933
156.0662
620.5093
657.0206
112.8542
190.8647
560.6554
486.9411
15.9421
342.3361
737.0747
15.7436
524.5727
382.7044
422.8537
909.2683
968.2437
235.6374
153.5660
814.7304
476.3989
50.6068
738.4989
495.4547
850.9821
554.6210
90.1998
188.7693
891.7665
464.3805
99.4913
705.2482
357.3244
833.9477
581.9728
71.5145
330.4281
459.3363
463.9206
368.9002
291.3493
242.1283
156.7977
17.3268
965.3469
458.9761
341.0991
692.7305
619.9938
944.7893
903.1871
20.0570
481.1347
66.7234
724.6919
632.5069
270.5408
479.8814
553.1276
686.6487
696.4328
135.4913
21.3764
756.9641
85.2858
946.4265
173.3478
872.9064
614.9334
98.3224
468.6944
115.4001
840.2137
707.3024
793.8376
426.2067
459.6381
38.4317
693.7744
843.4937
185.1880
681.1623
136.0302
952.7712
849.8401
124.1346
767.1947
899.5427
17.6982
974.7771
901.8241
722.1217
466.0416
779.5546
753.3370
987.1424
961.0571
757.4104
294.9917
363.3429
655.3144
260.4658
635.0546
203.5368
553.5018
982.4062
148.9965
818.7444
630.2364
552.0602
970.6958
737.4792
955.5116
320.5518
162.3776
568.2026
711.4377
38.6454
68.3650
922.0983
197.3976
586.0099
637.5342
255.8453
366.9151
83.9992
157.8531
443.9176
398.6001
797.4252
757.7153
323.2663
696.3197
794.4083
843.0985
575.3429
190.0182
912.3873
210.4267
995.5810
297.9322
733.4929
59.1192
516.8472
376.8555
8.1721
274.5784
929.8277
532.3184
85.3554
333.2798
830.0284
32.3375
77.8256
795.0357
689.7416
993.1991
48.7501
266.5256
604.8003
88.1693
698.2680
399.2981
878.1327
418.5015
785.5273
659.1412
677.4111
912.9196
83.5112
601.3582
747.3027
282.7531
342.0460
373.0674
492.3215
300.2873
275.0498
654.3309
929.6435
168.6529
382.9842
501.8320
314.3773
936.7753
932.9228
30.6459
131.4754
648.8977
336.4287
457.3943
251.8983
771.9968
82.2247
878.3426
258.3959
81.7350
580.9398
436.0819
897.9557
804.7526
521.6516
537.5981
490.5830
381.1126
773.9788
636.8325
901.2067
193.7443
774.7586
42.8116
486.2495
784.4512
740.9017
875.7631
916.7221
219.8879
896.3614
16.8296
638.0590
723.9163
97.5089
59.0116
650.2739
881.1862
943.0020
636.2123
870.2203
940.9687
819.2924
758.3799
316.4681
262.2092
316.7154
722.6723
811.6750
426.9648
745.9231
969.4970
706.4085
12.3228
298.8059
457.4522
395.2280
251.6139
781.7037
237.5340
766.6393
69.1507
262.1882
256.5430
731.8418
885.7648
630.4574
75.7054
755.5489
63.5712
541.2880
556.1601
737.5902
10.4227
525.2854
168.4417
178.9589
365.8146
449.1546
645.6154
570.8077
985.5500
116.4598
761.8347
264.3925
396.4992
470.6568
798.8266
818.6964
100.9002
201.0402
817.9141
872.1684
594.6916
104.2122
41.0994
184.2676
413.9655
821.2958
42.5302
176.9135
304.6795
376.3782
529.3576
125.4076
950.1223
320.6442
94.3195
907.1432
99.2803
373.0860
447.0401
396.8779
833.3794
881.4070
989.5623
463.5831
237.4423
418.4436
872.5660
91.9733
995.2402
569.7320
688.5321
521.1033
193.7952
648.6232
735.4692
375.8157
897.8840
38.1481
758.6924
241.4130
424.8101
722.6787
229.3520
934.0839
836.1925
575.0941
937.9023
870.8628
272.1923
337.3646
83.3403
256.0498
276.6148
387.6511
271.3014
992.8269
715.8770
824.0981
843.6188
57.7211
464.4639
568.4544
563.6496
911.6080
432.3391
57.1398
96.5611
312.5114
418.1851
413.6185
644.7639
814.3723
569.7196
639.2509
40.7118
695.0080
343.2558
644.2279
706.8179
189.4638
728.8593
711.9557
869.2442
638.8723
610.0279
441.6154
516.2569
957.1948
456.3098
487.4900
189.3563
655.4215
784.0252
690.1855
247.8218
180.8714
910.2033
154.0430
215.5489
581.9532
778.1817
283.2169
237.7629
542.1225
376.7694
248.1534
228.2441
96.9054
989.2126
876.3245
146.5834
154.4123
683.0356
705.7720
166.6087
276.6088
678.6727
710.8035
396.9668
657.1771
382.3263
7.7136
192.7380
731.9493
615.8939
207.1909
543.5143
37.3158
510.0112
238.1478
560.6362
531.7708
149.3006
342.4872
821.7680
48.5792
849.2859
831.9044
532.0815
391.4663
380.6972
9.7941
311.1878
28.5933
33.0333
590.1347
622.1816
278.5772
628.4326
338.8729
682.4843
67.1845
930.7057
523.4370
590.4728
980.7303
349.9251
573.8742
461.6024
937.1108
846.4566
485.8265
424.1578
396.3984
147.9535
740.2102
165.1159
617.6598
820.8345
641.4644
781.0649
172.5063
800.1235
819.1653
188.6690
92.9592
326.0080
406.7735
396.1967
943.6171
896.0584
534.8210
922.3337
449.7030
97.5204
945.4085
715.4941
947.8775
131.7652
352.9736
82.7860
825.4701
799.0546
601.5730
786.8317
215.2863
279.3179
923.2944
780.5414
165.6359
31.4140
795.4519
574.5302
316.9789
908.2852
247.2986
540.7022
744.4702
947.6280
140.6908
9.2100
723.5423
903.2250
358.9746
941.3315
568.2516
138.6068
892.2491
647.9308
896.2860
826.9895
132.2905
762.5305
342.6287
737.6415
271.1115
877.0305
634.5840
362.6646
835.0145
396.4029
383.7364
48.2241
140.5973
752.8959
914.7635
225.6462
971.5861
412.0906
507.0839
571.7301
613.1654
543.2088
926.3966
895.5749
579.0112
441.3042
720.3805
662.8615
440.0238
711.3068
133.9686
590.2037
999.6564
402.4681
404.2517
545.2729
257.4497
886.5038
175.2911
36.8490
42.4904
580.9297
249.3332
985.2916
152.2180
50.2878
633.4130
101.9240
836.2106
65.1300
175.6463
546.4614
983.6145
580.2677
293.8763
40.5563
259.8198
957.2768
59.0034
808.9417
611.4663
761.6042
304.6287
560.6578
260.4822
60.4581
309.6361
951.1151
331.8566
483.1871
169.1661
791.2098
59.4853
37.9439
235.5118
834.9314
563.2189
224.3733
536.5834
68.1270
907.7394
4.8302
801.3382
624.8428
853.5693
18.6351
507.9483
791.3924
925.3263
713.5592
451.7496
736.2426
186.1150
919.3972
121.4057
22.4426
745.1878
796.4258
830.5088
651.6351
314.3179
143.6652
140.9614
558.8456
8.3136
703.1492
732.5110
387.8493
400.5648
418.6433
143.1531
253.4088
71.9441
76.1023
857.4047
295.2911
211.6686
123.9348
495.2251
841.2124
879.9039
690.6786
683.7003
506.4670
686.1590
723.8688
337.0694
850.9981
69.6882
234.7095
900.3538
750.0231
529.9211
79.4548
455.4388
350.6958
41.4753
836.9419
673.7601
561.7675
534.6629
632.1269
48.6481
665.2377
406.8615
560.8953
440.8065
385.4598
311.2223
445.0518
961.8651
23.6374
901.1578
52.5404
242.9427
467.3262
402.9650
906.9069
804.2691
982.3371
891.1107
592.2881
87.9063
756.1487
274.7293
677.8426
507.5701
664.7804
52.0784
534.1308
929.0674
849.2168
182.4608
846.6745
855.0652
207.3823
807.9302
221.6002
793.4341
678.9885
648.9267
385.1759
826.8420
232.2109
300.5867
397.4350
884.8118
925.5419
259.6668
459.3438
377.9613
642.2000
94.7708
100.9114
568.7431
291.0893
172.9743
589.3962
294.8924
2.7727
568.5011
896.3315
357.0550
617.7922
799.7010
561.8260
232.1584
860.8843
337.8750
102.7038
638.5508
697.3750
555.5431
668.0704
167.4302
568.8785
617.4282
239.9279
354.8439
767.5752
993.6672
435.1858
643.7674
492.9528
655.4092
418.4206
995.2791
126.1631
30.9746
175.4421
969.3116
318.9194
283.3412
19.1077
853.1019
163.9487
70.9727
148.8142
699.9727
297.8800
464.1799
782.1635
856.3641
859.8585
331.8608
435.6272
272.3509
728.3979
670.8144
838.4004
692.2586
990.3496
906.9596
4.2276
766.0218
438.1507
857.1455
660.0733
81.6914
256.9583
135.0861
735.7633
583.7223
919.5074
786.2264
447.9101
393.6325
3.2478
804.2329
451.0316
866.6386
220.7482
292.8968
298.7596
43.8873
843.9896
967.7800
592.6967
982.8178
906.3278
763.8266
225.5701
673.3531
81.5417
401.3928
884.2352
581.8619
173.9499
616.5721
172.4787
322.4621
701.7701
512.9072
203.7666
12.1509
32.8755
525.6199
747.8167
607.4487
566.5428
339.6829
924.2653
705.7986
842.2058
695.8071
963.4602
138.1981
46.1485
508.5825
471.0658
679.2854
185.6188
235.9491
602.8739
629.9299
457.3895
12.5488
187.4429
401.9008
472.3301
973.2642
565.3846
800.9861
346.2580
478.2065
830.6210
734.7251
59.7789
810.2319
815.1502
593.9681
252.1356
716.0296
277.0554
925.0887
980.2230
341.9324
294.5587
756.5373
932.2423
316.4030
585.8162
378.7475
244.0870
956.7838
253.1144
48.2488
258.5900
470.5786
260.6073
176.8681
155.1394
760.2153
395.6363
635.3230
819.1070
554.3876
156.7617
496.7513
408.3119
702.6927
848.5911
839.8039
208.6032
414.2504
361.5342
433.6268
777.0896
92.8230
779.9112
598.7951
459.3992
770.0447
657.0236
974.6212
854.0003
533.0706
503.1952
162.0184
652.7282
462.0116
940.9088
604.3179
831.1927
222.4467
113.6728
294.2705
483.2094
331.3830
774.0387
176.1367
224.3333
239.0070
519.9899
796.1801
490.9195
330.7769
124.3692
237.3634
272.7593
660.4928
199.5418
199.9962
178.1626
759.7952
434.7926
884.0348
219.2372
679.7192
78.9999
560.9298
248.5436
491.8885
984.8856
810.1173
598.3292
242.7031
623.5398
722.0940
679.7937
540.1823
110.2943
535.2497
672.7197
261.0083
988.3908
29.8908
103.0386
973.2228
249.5468
665.3246
440.5195
544.5238
416.6398
375.6780
216.9683
574.3831
218.4712
592.0881
384.0328
780.1720
104.0212
777.7306
171.2408
536.4063
190.2483
54.3986
180.7064
874.8120
972.5895
292.9452
362.5641
27.3701
801.9336
247.5046
630.3103
566.2671
136.8231
738.8180
715.2325
265.7728
212.6500
488.8804
970.1794
823.0223
705.5722
793.2140
784.8686
709.1645
896.5928
545.1380
907.0181
527.9537
343.1423
880.9398
446.1158
188.0544
774.5976
535.3392
631.4831
455.2544
426.1951
807.8149
542.3553
259.9688
709.4202
403.0565
806.5539
17.1792
683.2415
821.4798
797.1264
176.4276
675.3171
216.1427
996.5211
477.0433
22.2946
93.3518
450.0477
610.4198
84.0969
295.9896
282.5798
469.9949
224.9404
311.0209
566.7963
780.2371
203.4092
750.6991
139.0771
545.2764
466.4415
899.6552
140.3813
287.5396
798.7614
464.6612
681.7700
31.1298
800.2212
279.0496
943.0270
101.6864
663.5670
858.8713
723.4173
840.4858
159.1362
163.7915
222.3060
509.9868
989.6052
159.7946
268.9302
136.9455
112.0139
336.2809
68.1391
117.5122
724.7969
120.0244
646.3082
614.0506
606.8260
859.1066
704.8962
926.9387
568.3101
783.6164
657.9183
511.5633
447.9219
490.6814
199.4720
47.2110
806.9619
389.7111
409.0961
21.2516
889.8978
481.0840
22.7765
191.4270
110.3762
768.5681
870.0594
481.7691
134.5240
398.0201
896.8142
175.7234
781.4210
602.5918
759.9755
865.7073
233.9398
617.8910
795.8622
333.4763
959.3414
377.5345
844.4073
329.1970
633.9397
401.2437
377.8924
328.5300
485.7453
111.8286
772.8953
271.4586
559.2853
275.5141
316.5067
151.8641
46.1735
739.3381
900.2065
301.2529
313.0669
819.8917
48.2383
200.6189
9.2956
264.2942
239.3427
48.4558
201.4282
269.9589
619.2082
159.6312
991.9339
379.2495
736.5283
349.2405
55.4345
414.9253
360.5961
993.4565
321.7511
107.1748
90.7464
569.8864
539.2234
186.4595
238.5832
511.4218
929.6160
502.6719
417.7812
387.3316
292.2913
217.3024
824.2505
688.4131
264.4743
998.9899
973.6008
451.3315
978.1268
819.2892
231.1189
310.6854
691.2299
433.8996
289.6886
850.7240
41.3995
569.7986
216.4030
786.0705
503.7642
137.5740
101.5248
424.5698
545.0053
45.7365
317.3271
702.3574
432.1838
809.8594
741.0111
803.5491
635.7586
950.9554
747.5163
843.7643
99.0828
132.0278
364.1774
147.3439
889.3313
503.2810
86.7661
462.4348
158.4875
325.9066
920.8168
618.5930
720.6449
985.5339
242.8299
495.0450
567.7553
715.3201
683.9468
616.8684
636.6179
783.4083
349.1223
797.0262
515.3891
224.7042
683.8497
504.1461
351.9698
508.4358
369.0340
705.1373
220.1540
337.6775
720.3376
645.5178
606.4744
106.2547
821.3053
41.9290
606.5456
104.7797
568.2167
205.1782
520.7892
44.9969
247.6096
572.3966
776.4852
160.1218
546.2587
720.7252
704.0979
346.3798
447.9537
229.4745
895.3104
777.1315
598.2332
742.8559
740.7057
717.0499
920.4693
919.4579
377.3917
534.8756
561.6336
138.9201
999.4872
13.9327
585.4083
226.9585
712.3422
586.4048
873.7343
119.7978
991.0283
316.8668
796.7997
157.3252
671.1576
638.2478
354.6543
439.8242
924.8941
602.8092
140.8391
391.3524
20.2226
272.4426
255.9934
21.4844
179.4799
755.2605
994.9309
960.6831
189.3274
736.2999
806.2194
528.5943
972.7118
172.6158
554.0722
836.8191
531.5514
303.3283
417.3392
548.5697
17.9808
388.3858
458.5964
223.3027
457.6331
87.5931
397.2726
63.0102
626.0833
492.9987
607.0546
716.4627
153.3107
678.6577
872.8437
339.2697
690.7233
473.0341
932.2491
107.9636
135.7971
358.6723
969.6306
616.9822
270.2755
116.8592
853.7174
942.5077
71.5684
585.6997
1.4140
103.3789
492.8821
714.0367
637.7732
975.2153
125.6017
468.3153
554.2538
53.5221
20.3823
207.8127
746.5317
358.4994
684.4464
607.7354
918.3804
141.9166
29.7253
519.3570
865.5943
761.7256
374.6146
161.5703
968.0981
681.6405
844.4440
436.7719
182.2789
725.8696
912.9679
701.9456
414.5277
273.9934
660.8479
265.4995
650.6213
241.8773
317.1715
444.1453
317.7359
311.8847
354.3048
319.9078
460.6145
52.2362
495.2494
62.3341
326.7162
277.4413
280.3272
228.1533
936.3748
58.7762
499.6447
599.4867
471.9994
197.6267
145.9967
461.4325
127.1864
447.8797
153.7613
225.4686
176.2554
593.5461
312.8301
815.6600
238.7137
683.9920
737.8938
332.2956
731.9313
797.7308
899.3734
350.9723
373.1012
205.8063
868.4876
261.8698
67.1329
76.7602
999.0637
642.7613
29.9653
808.2186
392.4052
953.0922
485.4175
401.4060
513.3002
80.7856
793.2198
839.0747
515.7193
416.0051
523.1337
688.9340
615.8301
488.1040
748.6381
619.2016
633.5458
965.5090
212.5010
555.5540
874.1579
462.6813
58.6633
323.9634
666.1682
576.5610
744.8184
795.2830
568.2822
813.1824
836.0883
638.5561
172.0311
311.2896
543.5057
42.1258
822.8921
628.2475
615.0084
85.0892
987.8936
409.3906
129.6654
656.0312
252.7672
701.7663
49.2027
793.3616
549.0912
992.9815
240.9518
862.6967
16.8260
245.8984
39.5388
608.9585
48.2464
202.8340
861.6056
469.4374
344.4511
295.4454
935.3735
291.8253
472.0880
666.4129
554.8846
240.4775
656.2617
761.4730
813.2489
632.8228
603.8340
537.4996
865.7566
656.4335
545.9291
860.5336
983.7319
589.9397
471.1645
120.3079
789.0910
157.8032
797.3835
909.8664
982.5886
16.1564
697.1690
196.2321
766.5731
847.0673
793.5176
879.8696
586.2802
116.0737
35.6356
977.4256
660.4357
42.1414
85.1309
24.5979
186.2292
635.8279
698.1209
311.4575
139.9000
972.5776
176.7189
140.0259
93.3822
585.1750
642.1439
37.1032
923.7043
161.5343
451.6724
632.8387
287.4427
607.2107
362.4877
858.6703
755.1559
213.2891
556.4011
913.1336
849.2732
755.7306
811.1816
309.8052
396.7073
522.9398
113.8438
778.3191
675.1660
929.6609
658.0290
551.2316
67.7885
346.7609
939.2684
752.4483
135.0831
136.3806
765.7848
34.0637
987.1221
377.5089
351.2630
14.3450
899.9547
262.1925
880.1965
349.2980
234.8674
655.0584
719.2218
27.8951
836.0103
341.3486
805.6634
18.8807
840.0164
796.1452
451.0072
959.6027
261.7911
897.1062
321.7792
841.8817
160.0745
215.0023
60.2316
733.8918
246.9459
910.9007
400.3277
205.5517
714.6603
111.6199
407.3184
122.0781
134.2774
350.0532
807.6523
401.6472
322.2959
942.5761
294.4397
899.7956
883.4136
57.2023
795.2217
999.1757
514.9523
708.5281
795.7367
144.2440
433.5902
431.7096
626.6994
540.5495
840.4981
814.7862
629.7559
130.1338
702.3452
537.2749
872.9243
538.6562
257.6491
246.5124
853.1738
273.6554
400.4972
885.4130
737.3773
499.0238
499.9057
781.8392
779.4464
664.7977
200.9753
908.1812
173.4452
141.9225
634.8050
955.8301
489.3124
868.9525
471.9315
640.8301
443.8998
756.8697
666.2048
384.0441
101.3188
944.0912
36.7267
168.2488
323.7575
34.0796
288.0899
318.4102
805.7472
430.7012
795.3198
926.8984
12.2393
236.6151
579.1913
298.3941
776.8346
209.5050
727.3292
812.2840
447.4902
839.6420
354.9899
670.3113
666.5320
149.0143
72.2477
809.1841
113.7350
442.9459
979.1665
303.7584
595.3678
753.3004
320.6537
845.6106
856.8581
907.7982
234.8444
205.6998
537.9753
16.3355
866.3576
278.4275
126.1397
779.2867
401.2280
547.5635
279.2433
148.2527
934.6984
435.6001
838.5455
694.7036
589.8646
386.0530
616.7343
92.2190
787.5524
117.7338
102.4549
190.2499
649.3759
864.9614
514.4906
507.8868
641.2059
851.7036
164.2193
192.4783
806.5557
475.7379
834.7413
73.1863
905.1790
978.3222
792.8560
240.9142
486.7367
127.6497
441.5654
616.6118
682.5047
524.9218
137.6376
498.1696
472.1299
576.3980
594.9824
330.6091
163.5015
306.0209
515.0663
126.1300
685.8769
278.2043
500.1301
874.6802
216.7870
572.9960
214.7263
24.6970
533.5151
652.2695
245.4419
20.5746
59.2989
169.1134
768.3940
418.5419
590.4512
440.6864
265.5765
940.3719
845.0649
460.6651
349.2592
648.8297
626.9231
341.2591
159.0518
581.3989
683.6447
404.0422
693.2977
501.4432
518.5402
22.1751
39.0928
484.9209
670.3574
88.7297
726.6388
828.1522
853.1868
633.7752
899.0465
120.1376
98.0907
202.7942
54.7158
418.3862
535.3537
477.0808
626.7536
377.9621
766.4119
413.4666
365.3672
636.8580
723.7903
748.7938
624.2588
299.2348
306.7197
311.4484
378.9379
648.8254
842.9770
408.7421
661.2194
777.1424
799.6282
702.4688
958.9947
294.2303
708.9708
272.1879
921.5839
503.3363
101.1896
17.5923
751.2741
450.6331
329.6128
85.2001
784.9314
231.1625
298.4440
923.9201
893.6137
869.2925
77.0346
762.0260
985.5295
123.0965
693.9425
304.6487
696.5717
628.2007
155.1119
544.7532
884.0838
1.6406
131.4828
440.1057
41.6260
400.1670
918.3152
678.1441
916.6703
898.7921
525.9164
785.8879
771.1695
45.2548
102.0575
910.6910
1.2342
742.2977
197.1704
900.5546
136.0927
54.7522
519.8295
922.6820
887.6290
468.9517
246.9762
405.7634
881.9879
408.4499
235.0293
61.2074
971.3251
44.4325
665.0145
438.7305
37.3712
463.8053
449.6809
471.7191
59.4472
470.9453
816.7121
920.2041
101.2882
59.8242
112.3582
544.1009
625.6096
932.0585
417.2745
716.4317
483.6101
671.1897
176.9706
31.3541
219.4608
430.0547
754.1985
686.0559
978.5058
919.6053
358.1400
723.6718
625.0363
379.0955
673.7504
622.9013
812.4217
611.8655
267.3143
478.1541
103.7941
764.7904
356.4264
899.4706
497.9654
828.1319
290.7832
589.5313
0.0747
952.2843
735.1582
928.1861
538.7222
626.0187
832.8378
531.4348
621.3580
848.0986
650.9013
680.5891
514.7042
369.0611
462.8085
717.6478
368.1082
391.6470
532.3662
257.0597
741.0392
448.9753
607.5079
960.3479
131.3909
832.0566
687.3409
117.8699
845.4011
783.9038
63.6391
173.9388
509.5045
112.4044
311.0545
809.2926
41.6690
839.4544
315.1781
529.6053
68.0293
504.6960
922.8276
693.7979
632.5050
899.3174
127.3008
20.8515
871.3663
219.5392
117.8877
602.8128
702.2855
211.5293
162.7970
764.1056
234.3183
633.7484
209.5475
60.1464
963.1505
79.3189
585.8406
341.8516
336.3341
986.8782
800.7295
254.7535
778.3855
726.0507
688.6707
449.1079
984.0543
418.7285
572.5403
448.9822
567.3146
627.3564
800.7572
550.3712
581.1934
856.4001
631.8784
149.0752
747.7768
265.5041
787.5806
938.0992
43.5973
464.9283
832.5928
859.5890
22.6644
776.7909
220.1644
879.8035
23.9730
257.4395
956.7427
884.9842
666.8762
789.3979
11.2331
884.8510
739.6184
171.4751
903.7482
599.2277
823.2604
474.1332
627.5688
835.4463
336.5073
494.9202
634.7039
181.1352
972.4461
143.4146
160.0562
637.8334
55.1516
843.5860
839.9126
486.4621
447.9182
777.2063
24.7818
149.2262
376.6212
669.6336
103.4660
268.9054
427.0113
236.7565
151.2566
762.8392
310.4185
75.5027
573.0801
335.5275
731.0651
580.4284
814.0216
904.0976
65.2627
743.8008
718.1797
772.5538
3.6341
268.6010
410.4941
959.8862
286.8839
123.5246
131.4312
762.4249
127.6321
457.4733
646.0881
578.7552
650.3228
359.4902
824.2024
983.1018
609.1727
437.3910
103.5039
642.0652
136.3217
148.3522
442.9654
420.9313
976.3554
924.7615
820.2732
419.7949
457.7244
122.4878
791.1855
106.3845
301.3746
58.5393
875.2352
908.7356
666.7167
742.7505
730.8437
527.8422
968.5254
665.5779
463.3563
987.3564
207.1739
46.6906
574.6988
587.2633
957.2622
612.1539
290.6118
831.8170
790.2612
464.9435
218.6545
536.9805
690.6879
276.7274
755.2494
441.9146
463.9311
459.9503
25.6376
683.5588
161.6596
182.7515
998.9673
523.0190
717.7542
575.5380
722.1646
859.9300
624.8121
638.5720
752.9078
43.9521
572.5833
154.3235
758.3581
975.1541
863.1381
663.1618
485.5760
816.5523
11.6439
438.4017
516.8779
239.0481
845.6082
554.5519
218.9707
310.9596
355.5007
671.6132
655.2528
650.0061
392.1042
330.6762
954.2938
438.1093
639.9439
753.0938
640.3390
943.6431
253.5079
900.4084
612.3401
517.7002
36.6565
711.7347
190.4588
456.6652
670.9010
260.7542
493.5631
512.5421
358.7612
205.5143
241.7469
385.5051
808.8142
368.3139
818.5670
596.2241
367.4171
365.8549
842.7599
373.9709
974.6062
101.5988
193.5127
226.7474
719.4144
463.1978
346.4847
215.8972
728.1570
190.4234
407.0291
217.1053
159.2021
655.3279
631.7117
828.1397
861.1157
537.8372
85.2212
383.5473
358.2066
903.6021
317.7588
731.6510
21.8737
944.8172
512.3366
194.2086
882.8612
215.7947
223.3475
407.0943
306.2259
204.6795
496.1444
864.8728
739.1994
103.1908
113.8394
123.3702
545.8596
564.6697
470.4148
5.2410
144.6171
505.6338
672.4237
517.7656
668.7729
686.8566
704.5413
303.6222
573.7669
95.7964
669.6642
338.1727
462.5372
927.4972
925.8194
962.9381
457.1429
508.7366
247.9142
982.9539
810.7898
816.1017
413.7987
639.1158
367.8803
176.9608
331.4654
817.6398
334.9259
820.2253
538.3991
999.3703
293.3948
631.6725
257.4340
195.0091
886.6014
569.0868
868.2537
349.8816
684.5805
339.1693
211.3461
687.3804
813.5787
808.1454
165.7882
278.1960
112.0648
73.7166
84.4594
688.0655
191.8066
557.1405
478.7373
251.2447
429.3391
240.0526
32.2845
986.3226
342.6168
163.6973
64.5896
216.4598
785.6654
626.7016
969.9959
36.3119
452.6986
272.5552
126.1826
605.2913
46.3202
751.1709
858.1193
37.6058
890.9848
34.3134
804.3558
777.5289
13.9305
414.4333
786.7754
737.2499
483.0720
259.1556
720.9392
835.6940
469.0110
27.8632
448.5238
486.3790
169.8089
777.6198
504.0038
166.1775
124.5288
202.7322
774.7675
75.4968
908.3150
23.2249
770.5278
119.9638
959.2061
658.5508
466.3435
568.1227
917.5431
635.8747
378.2772
961.4476
210.4460
198.7726
622.3486
564.4152
753.4623
360.2264
895.5472
225.6109
228.0691
432.1438
976.9876
917.1933
468.4308
606.0367
178.9385
92.4300
461.7593
910.4845
475.1643
667.3866
586.1548
408.6787
140.7482
434.1420
928.4500
870.2900
986.9513
798.4806
998.5025
628.7377
654.1985
918.2697
866.9400
538.2022
995.6889
843.0900
642.6723
846.9612
350.9068
140.5685
501.9834
935.0601
326.0383
672.8393
742.6521
432.0862
60.2750
409.0212
316.8211
342.2970
713.3966
611.6091
287.6121
699.7277
26.8102
523.9537
150.5404
896.5078
20.6159
85.1080
103.9659
443.7097
899.5571
699.7802
538.5194
624.2864
878.6522
760.1979
814.5452
333.7309
772.2597
206.6001
3.2824
775.0355
460.2167
912.5828
871.5599
409.9649
222.6692
175.6421
667.7145
174.5960
128.0254
329.6280
421.2541
820.4548
437.3026
920.9543
186.6071
146.4106
735.5536
193.5326
948.3070
550.8760
225.1686
559.6114
222.0603
516.8088
361.3114
802.8692
730.4925
792.6074
649.5535
618.9585
457.6156
736.2510
536.6800
435.2563
83.2189
818.4767
219.2094
517.9629
342.2999
451.8850
230.9010
297.3030
406.5711
719.6395
15.9578
98.2964
666.5917
479.9863
240.6477
540.3555
406.2755
554.7542
911.5183
673.1988
99.8398
894.2208
888.0864
186.1631
179.7064
417.8681
838.9050
680.5856
480.1089
26.9904
343.3906
611.6244
685.9506
226.4294
362.5442
567.0046
28.6299
935.2432
874.7106
964.5016
162.8957
41.6441
690.4192
683.1917
940.3735
473.8637
85.9159
358.4673
165.1493
74.5603
748.8058
0.4031
703.8195
174.4149
491.9442
3.8254
793.7387
423.3182
664.3393
916.4304
130.4893
112.4092
790.3475
234.6327
273.7478
864.7760
447.0396
439.0821
463.9635
573.1381
607.7354
264.0392
886.3763
179.9763
367.5308
338.0863
667.9439
778.4960
527.7693
359.4861
47.7656
857.9522
474.2493
877.7417
652.8822
394.0916
733.0446
866.8003
710.2670
113.8385
568.9490
574.5925
89.7467
153.8868
637.2542
367.9871
955.7774
612.3001
15.2045
286.4093
176.1262
863.5974
905.2178
222.9574
183.1292
789.2727
588.9124
221.1432
93.8440
676.3364
848.0175
403.4444
70.9500
427.6873
317.0477
400.7383
876.4896
962.2258
76.2504
39.2639
981.7640
659.9505
182.6808
936.3896
657.0412
32.3126
577.7652
494.0539
729.4791
816.8181
846.4067
362.1513
153.4383
606.1933
716.4250
76.2247
270.5056
561.8322
935.9747
402.3333
227.2525
726.6542
879.7186
790.3669
104.6018
353.0520
804.3175
666.9217
703.3488
857.4292
620.5949
972.7870
991.5359
513.6847
84.6176
344.3322
317.2936
709.7034
242.4928
357.8681
768.5714
871.2126
380.1119
141.2134
23.5578
88.9059
773.2281
424.0753
532.4846
535.4822
586.2118
806.3433
265.0161
254.1605
853.8108
620.5545
573.3095
979.5654
390.9658
980.2893
483.9800
185.6171
935.1353
149.2199
371.8525
569.9933
677.1117
936.6598
560.1461
751.1149
550.7456
963.8089
568.1459
70.8552
54.5930
47.6898
734.1245
139.3724
669.1049
528.3525
121.2989
19.4599
485.4890
384.9005
191.4362
269.7562
720.1511
990.1880
597.6939
983.9852
643.5527
322.5551
418.8309
968.5202
623.0751
131.8144
140.4790
59.1737
800.4892
973.2047
155.2570
584.1177
565.6485
29.6708
119.9372
95.7035
739.9927
729.7501
37.2956
905.2099
229.5360
285.5105
95.4730
2.4010
565.7331
986.2998
530.8359
366.5127
664.1210
344.6267
372.8045
473.2451
150.8798
945.0635
432.1527
626.5364
77.9572
201.4639
668.5034
714.7503
439.4593
79.3321
790.1307
384.5330
740.7430
651.4101
204.9909
263.8044
180.3053
461.2202
540.3505
731.5606
913.3326
714.7536
986.3631
605.2255
392.4232
959.3855
522.0360
333.1035
312.8690
961.1487
190.9737
623.8567
485.6661
134.0326
320.2799
161.3896
103.0697
740.8146
881.6537
968.4345
548.0565
907.6162
46.4781
855.9738
852.4595
164.2656
660.2607
328.1611
482.9513
866.1182
958.1451
370.7733
743.8691
947.2085
229.3492
18.0013
232.0591
395.3640
515.8130
188.2712
926.5404
937.5290
101.6758
144.5194
218.9065
521.5424
901.4265
520.3498
163.4552
285.5463
83.9086
390.7139
446.5892
780.2513
775.4469
240.7085
801.1998
633.1850
10.4676
112.4671
487.7319
537.4544
511.0866
245.7477
814.7202
465.7780
450.9247
678.9774
778.2008
119.0159
492.8526
179.3454
711.1835
448.1317
150.6130
914.3966
308.9124
587.9960
591.2869
754.2775
147.1416
487.3955
849.6912
669.9413
817.1684
757.4089
170.5339
328.2348
717.7121
897.4660
393.0034
208.1472
624.3857
565.9586
6.7850
975.8270
269.6086
174.3628
749.1679
286.7972
147.3273
321.4906
969.9163
915.4740
312.2790
610.1687
15.3355
501.2166
348.2065
162.5059
763.3560
934.8629
711.6134
75.2086
411.8415
500.6877
855.3937
651.4751
966.5879
963.5874
169.8057
716.0705
594.4738
430.0934
947.2452
299.8233
522.9765
57.6412
322.6517
949.8463
312.1287
394.0802
941.5287
590.1372
892.7305
9.6196
688.4475
717.7492
504.3010
2.2959
2.5755
752.7558
462.8850
74.2401
321.0420
445.4686
333.0754
565.5899
104.6961
112.2011
413.5381
301.5104
172.0774
29.3345
534.2986
269.9797
275.5286
999.4067
688.4777
827.6023
818.3097
187.9540
62.0030
570.0655
247.6068
989.3774
485.6154
134.5239
260.8363
326.8016
744.4475
705.7490
103.0713
319.7849
273.5112
343.6050
233.7630
282.9180
38.6806
188.8896
179.4241
102.0291
994.2302
0.0242
788.9999
822.2376
363.6042
302.4024
504.7656
876.0084
132.1412
820.9441
240.3846
326.8537
42.1539
786.9953
694.5250
898.2171
434.4532
331.8246
131.6522
165.4143
105.4927
122.7931
225.2172
59.5669
484.7817
836.3045
688.1923
113.2714
927.5582
911.0151
349.1700
14.6109
284.4153
126.1272
836.9876
148.6211
710.4435
906.7736
350.4104
524.7726
731.6592
546.5170
577.7964
183.6805
383.2236
549.4868
910.8629
176.2297
839.9548
216.8319
672.3153
407.2949
669.7374
324.0802
432.2053
350.0589
861.0172
734.8312
595.5569
368.5740
411.4808
222.2690
632.6737
900.4854
21.4211
902.9339
356.8140
729.4860
126.6485
667.0217
626.4981
896.6210
270.7926
845.8030
979.8632
298.1871
535.8535
760.8721
361.2023
948.5161
563.2200
981.4135
336.4983
171.1420
180.9056
502.3432
553.9954
280.7674
111.1847
589.4239
891.0205
7.8640
867.5261
872.2324
816.7512
345.9926
921.3434
120.5294
224.7573
702.6036
339.1671
218.6466
181.9868
557.3888
768.0116
782.9140
239.6244
123.9236
350.1138
246.3332
138.2395
332.1671
549.9593
381.2991
719.3896
516.2683
975.0734
202.9515
787.9831
258.9578
772.5424
899.7050
942.5763
53.9411
323.4693
322.2669
475.7162
117.5322
90.8206
469.8312
872.8135
949.4827
702.6131
573.7823
173.0884
40.7145
525.0452
791.1706
537.3937
574.4795
777.1732
847.4847
186.3391
363.5082
199.7066
918.3333
796.9327
703.9343
833.4543
24.2645
461.3463
371.2976
240.8602
844.5187
709.0438
298.5414
504.9840
699.6737
778.1273
87.5387
675.4840
546.0940
977.5477
743.0092
785.5131
856.6647
623.2088
537.5261
266.8410
365.7943
819.2698
906.2719
703.4781
503.0397
731.6991
575.8254
232.4679
285.9704
881.0085
502.5946
217.5942
284.0001
952.0365
333.9320
711.0810
521.4040
140.0286
256.0372
720.7124
366.5222
305.4812
743.2469
578.8791
494.1330
372.8537
595.3431
229.7217
157.6556
292.5204
377.2146
583.1138
720.3070
191.2182
860.0661
577.3306
383.7365
180.1217
286.3040
671.3026
590.3029
729.1541
834.2967
300.1011
625.0706
356.3478
382.5297
101.2773
124.2215
827.8795
908.4258
139.5019
575.5313
934.5172
525.4556
973.9897
618.3842
950.8722
342.8296
99.0198
815.8268
987.9796
802.8946
871.9921
181.0753
547.1223
269.7802
896.4134
27.3744
213.6489
739.1409
90.0324
454.2093
700.2138
691.9932
665.2165
646.2222
138.4579
553.6875
941.7709
219.7836
265.8438
75.5849
65.4918
683.4915
38.5313
136.9638
283.5205
185.7813
551.0047
755.6322
988.5866
170.0515
748.2535
448.4045
395.2369
182.6936
674.9180
407.6215
756.3473
335.1619
418.6705
32.7354
531.6303
914.3723
739.0599
871.7230
806.9619
304.6820
377.7806
557.7586
761.2065
944.9691
397.3058
111.7530
655.2790
100.0175
360.0257
924.0977
882.3689
742.8441
808.8060
862.4667
218.0275
770.2273
670.0351
591.7742
880.5643
904.3842
632.4295
211.0494
882.3465
661.2104
739.4005
724.5651
571.5052
451.7569
14.7684
78.8587
533.0638
673.7130
672.4493
498.8811
363.9817
696.0453
470.0372
584.0648
506.8582
197.8534
349.2524
81.4757
478.9268
6.4489
758.4229
319.5503
534.4699
840.6252
322.8071
984.2022
37.2847
511.4328
708.7588
192.4449
338.1577
966.4520
499.9613
373.5597
472.4636
876.7713
383.5133
810.1910
386.2299
331.0975
529.7015
50.2160
480.1107
95.0431
333.8445
571.8369
698.5909
724.0032
368.3809
29.9703
331.5604
594.3824
163.0276
331.5859
755.0063
372.2883
239.5810
837.6029
561.6314
922.7017
615.6872
843.3020
478.1389
549.5323
134.4874
800.9138
872.5489
196.7787
176.0908
153.1025
504.6087
634.7117
751.3861
402.9237
49.7897
557.0063
490.3919
218.2178
877.0740
324.0663
935.3924
220.7780
61.6845
26.3948
17.3426
181.2203
612.1195
613.7307
748.9042
716.3057
878.5647
45.6053
416.0430
3.8250
781.4004
886.6428
967.9122
529.3971
969.6250
777.0178
756.9870
87.1965
221.5395
149.3017
189.2369
852.2716
419.9300
796.7775
659.3688
200.3922
448.6054
231.1068
909.8707
541.1934
623.3628
787.6182
512.0831
449.4836
487.5256
906.4097
674.0774
671.8539
64.3070
448.6811
851.5253
989.0010
186.9409
246.4256
65.8415
26.9326
609.3685
222.8346
387.4361
935.6758
20.4487
676.5724
14.7246
186.4958
414.0966
987.0130
859.8984
228.3976
422.5713
575.1590
701.8436
920.0981
574.1664
59.9022
256.1586
318.3056
529.5891
17.9184
354.5009
414.9995
912.9815
251.8449
341.3248
652.1303
106.6015
927.2219
71.9681
74.0013
430.4814
132.3207
582.3136
285.8877
854.8833
773.9232
867.4825
609.1631
799.7436
888.3096
305.6733
965.9553
708.4387
960.3977
751.0228
855.2805
995.1733
660.6506
929.1133
732.2112
166.8832
984.3204
229.0313
918.9490
598.6695
999.7681
192.4555
136.7787
512.3420
349.4517
803.1794
573.5551
997.2583
996.1899
414.4064
782.9612
642.7488
793.4826
395.4993
748.3779
520.8443
698.9843
560.9971
315.9549
396.3288
503.8070
921.7775
69.7069
136.0750
381.9987
532.7579
550.0156
423.6188
662.6107
701.4752
228.1459
282.5799
652.9225
306.9093
60.8492
607.5735
47.2327
811.8596
632.0833
804.3995
482.2469
132.6584
172.4386
668.5587
212.9010
261.5423
762.2488
32.9469
581.3284
865.9187
717.8313
958.7923
164.5980
549.1839
102.2013
630.1652
477.2207
502.3556
201.1792
249.3672
914.8769
68.6361
547.7640
571.5062
360.5719
490.6992
32.0191
411.4949
419.1707
967.2008
123.8176
57.8368
787.2895
849.4669
661.5077
228.8866
332.3902
867.3390
782.7445
150.9012
81.3664
81.9772
216.7149
662.6940
448.2554
459.9968
756.0879
869.4538
154.4562
339.1864
337.6444
758.1555
805.4953
4.5162
984.9423
229.0083
137.7382
326.5046
264.6406
369.0035
888.4161
303.9875
589.3686
391.5328
192.7764
151.8253
896.5903
945.3724
276.5670
530.8167
324.0112
775.1975
528.6621
414.6880
833.0870
25.0502
114.2014
663.8428
257.7367
650.8962
173.6761
836.1937
168.2897
256.1897
417.0639
132.2587
277.0318
463.0097
911.8131
314.3613
149.9945
969.0347
112.2189
899.2560
22.1575
292.1917
545.8591
600.0300
941.1026
73.4221
428.1215
812.4526
553.2671
847.3605
601.3875
419.0555
182.1623
902.8737
63.5338
211.3704
255.9414
506.6626
502.5465
873.3458
578.3435
672.4741
708.1568
122.5764
963.9240
760.7337
295.6236
984.7952
767.5982
985.3396
518.0870
744.2554
741.0717
485.5627
590.3268
935.6222
832.3931
363.2490
43.2398
77.9444
989.0326
925.6967
200.2639
776.7443
496.5298
214.1583
859.2574
400.3075
363.0167
422.6821
781.2485
535.4589
818.0656
482.3314
511.4471
444.2165
233.6186
530.8578
150.8525
395.0742
470.4158
665.4925
712.7236
81.2947
328.5117
463.3177
267.7604
567.3995
255.7871
326.7885
514.8860
517.1346
260.9406
133.6874
751.8177
977.9242
207.6713
28.0432
614.8843
953.4369
900.2493
61.2830
949.9434
915.6426
320.4039
688.7856
594.1069
393.2777
703.8166
316.9914
596.0666
201.5323
792.0828
488.6454
854.7526
587.6195
951.6450
507.0157
523.8278
838.0033
979.1328
654.8462
604.2290
785.9606
300.5569
830.9745
218.4439
985.1981
716.1234
270.2433
635.9960
418.9118
222.2030
887.8603
146.8396
215.5769
246.9410
273.2204
38.1045
924.4856
650.4934
370.8871
590.9355
604.1794
191.9217
624.4122
179.3784
790.2849
743.8908
585.7722
954.2616
942.5988
619.4782
643.1112
684.5459
628.3537
896.3462
817.0407
234.9489
803.1990
145.9286
298.9577
404.9050
794.3831
939.0123
503.5677
746.0743
383.9205
264.9598
555.8985
900.0678
195.3491
712.3253
809.4956
26.5466
463.5649
65.0438
990.5192
840.5398
74.7966
140.4839
380.1595
919.8204
995.3365
678.3379
632.2188
320.3225
379.0265
663.9609
976.6278
519.5279
64.6190
14.5823
610.9359
201.6989
143.4813
701.3023
353.9203
32.3293
349.0952
160.8646
199.2721
250.1346
831.1962
768.2175
129.9084
722.6674
745.6744
785.0129
855.3225
785.6824
413.3857
450.7837
592.0695
26.0893
324.2480
826.3555
964.0380
166.6022
835.2951
374.8772
962.7982
51.9834
29.2966
167.0809
973.9688
2.1428
111.6604
771.2533
888.2966
833.4841
68.8264
39.8153
359.3854
488.9038
189.8384
837.7769
800.4670
661.3650
983.9954
938.9605
432.6691
907.6916
113.6179
665.0772
810.9021
750.6657
283.0081
921.9356
219.1516
760.6639
132.4341
757.5651
941.8643
578.1858
486.5237
970.4859
890.2863
146.0132
741.4784
190.1023
745.8415
367.1501
9.2292
181.5366
871.1528
145.7795
583.6085
152.4938
409.3675
45.1301
598.8961
253.2959
175.2119
600.0405
58.6835
963.4522
560.0637
851.2381
920.8855
645.7394
195.0344
969.6848
401.0655
845.7151
886.6229
795.3393
90.5904
221.1403
788.4727
597.4732
859.2358
599.6760
956.3725
948.8888
690.8040
388.8929
707.8415
337.8364
71.8965
779.9132
86.2278
886.3294
986.8965
973.8163
131.8267
632.8708
373.9980
255.3705
601.9288
489.5250
294.5360
800.2888
267.7155
716.2109
665.6461
56.3049
639.1546
613.4454
360.9042
49.5797
482.3301
723.8108
349.2850
904.8756
964.9435
505.3558
176.8620
736.3150
833.8078
823.7337
359.6171
496.1447
114.9196
780.7111
350.9093
45.8883
557.1347
454.0286
653.2380
336.8756
936.4691
393.6595
231.9406
104.4578
586.1936
161.0837
342.7794
274.9739
937.7947
937.1778
900.1492
256.7054
2.4018
950.0868
390.8927
156.3982
804.9910
704.5871
745.7090
262.1389
656.7542
615.4564
316.1118
537.8857
776.7027
772.2188
272.1427
305.8411
171.6190
143.8257
565.0392
871.8718
642.8493
992.3555
244.8456
786.1888
557.4369
222.3332
446.9602
374.9216
810.0874
762.1230
900.3541
566.7423
137.9448
710.8135
960.7819
22.4560
905.5657
934.6187
805.3609
240.5352
724.8147
412.3748
980.8358
431.7283
282.2041
654.2630
882.4994
727.1454
753.9738
487.9730
893.3945
529.2983
127.5982
11.7670
367.4400
110.9202
880.0660
413.0243
830.3168
946.3332
338.5711
734.4082
983.7714
933.7420
462.5958
20.3297
598.2771
884.4277
754.9876
873.5536
499.8751
422.5070
121.0871
278.6774
387.6221
540.2662
475.0245
84.7351
547.5325
278.0953
701.2528
760.3427
554.5219
815.9196
138.0159
473.6040
484.9185
406.6426
126.7554
352.7559
590.6938
901.5462
559.0626
255.7288
795.4753
106.3046
349.9438
31.1176
207.5123
374.9555
167.6039
603.6519
431.9135
909.0597
381.4452
704.5379
563.3609
283.6064
542.2558
304.9204
361.6589
662.4964
227.0842
378.9939
156.6830
636.6571
208.7383
904.4006
848.8003
567.5518
394.2654
139.8483
903.9908
678.4201
593.6873
750.5995
79.0541
775.7204
569.2968
356.4878
21.6028
303.2983
659.2728
840.8574
166.3845
700.6433
902.8374
58.6708
163.3333
655.7188
261.2422
731.3494
790.0824
712.5664
675.2269
519.1237
542.5201
319.1203
440.4182
623.9018
737.9813
543.7581
251.6678
411.2805
588.2742
375.2334
786.6886
181.1678
88.6168
193.6861
216.4356
305.2392
219.5589
123.0805
305.3768
851.2006
49.8810
396.1171
546.3304
795.7842
606.5406
43.9644
957.1987
587.9915
838.4932
255.4702
157.2076
531.7012
851.2735
354.9428
156.0749
529.3356
841.2316
902.8212
900.2230
248.0248
137.0421
933.0926
703.8153
908.8848
573.9866
76.5486
85.2073
11.1917
241.8918
133.3536
88.0609
286.4198
69.7089
724.1626
726.0039
267.5644
958.6116
807.2341
165.3245
981.1567
811.8491
364.0416
947.3825
97.5416
923.6848
826.3709
924.2947
781.0611
910.5877
581.9340
635.1162
57.6705
835.1403
321.6429
407.5248
154.1400
348.8943
82.5899
967.3009
333.2486
165.7084
80.4393
136.5987
76.9157
481.8156
847.8417
869.2583
742.7622
511.2094
914.4561
152.7388
572.2811
602.6903
29.4398
717.3135
512.0246
102.1384
748.6255
28.8773
349.0935
159.4681
872.1473
774.2231
135.9870
75.7844
887.9425
608.1902
823.8822
816.5091
150.1750
492.5963
567.2651
683.2753
86.9271
965.0368
66.0129
382.4122
988.6070
372.0722
690.3575
239.0351
507.1024
562.0012
488.2977
97.8693
219.6912
363.8228
988.7700
791.0522
357.4489
433.5040
257.1600
423.9842
629.0896
491.2952
292.1822
604.1309
385.1471
715.1553
220.9845
581.9575
102.7102
930.7284
751.2222
939.7069
874.3449
714.6094
205.3750
494.8000
662.0626
412.3692
747.5289
437.7790
681.0649
465.7609
329.2458
175.1370
794.1274
160.2485
563.0123
977.2324
667.8276
433.3544
772.9877
779.8972
359.2960
506.8133
230.0816
741.3549
752.2616
660.3271
268.7221
841.8192
394.8373
532.7497
482.8727
98.3717
422.4854
821.7627
134.7990
838.9908
236.3506
692.6895
346.4416
744.2966
229.5449
783.5015
51.9009
756.2208
816.3956
196.7356
35.7869
924.6173
13.2271
360.3183
589.4126
530.1454
445.1663
825.7602
46.2534
551.8967
774.9773
617.8156
917.6526
730.4289
740.0362
399.7484
123.0676
503.1755
62.6217
366.9356
270.0403
346.3241
724.7621
920.6741
869.6156
607.5428
355.2121
602.1412
443.3041
795.8422
10.8715
659.4487
88.5604
642.3722
31.5637
107.9661
438.5922
387.6556
300.2229
635.4539
432.6074
394.9138
342.4771
409.4172
16.1230
993.9845
94.2301
160.6792
316.0524
78.6663
12.3366
478.6801
728.2901
378.5841
168.2530
602.1420
483.0826
509.4040
631.0676
324.0167
72.8749
563.0820
430.4655
19.8303
482.5383
90.7423
694.1262
623.1388
724.8651
683.2020
190.7721
714.9587
682.9293
181.5738
217.6809
501.6116
858.1055
281.9312
438.1982
719.9914
55.7249
814.6666
654.1109
448.7516
912.0816
323.7570
968.6261
993.8010
101.8302
919.3170
754.8915
706.1700
330.6838
44.7731
321.3119
484.7303
259.0157
133.6873
18.6766
775.8251
574.0424
396.1202
751.9694
934.3632
667.5583
635.9252
550.3299
624.5754
366.3019
243.1697
97.8687
937.9608
187.5924
979.5966
519.4411
262.6701
397.5004
456.2084
5.3824
170.4639
610.9016
525.5452
30.4691
514.4202
208.8367
676.5314
910.3018
861.8811
243.5317
68.7902
992.6104
923.3511
235.9804
623.4846
853.6482
62.4977
652.9511
803.7217
20.5986
304.4886
155.1926
740.7686
837.6239
934.9325
937.1648
907.9822
335.1706
891.1003
34.3243
816.4551
536.2042
884.6170
543.8776
129.9947
735.6880
63.7637
304.1618
174.1239
192.8426
383.7819
327.1372
79.3158
333.6511
367.4313
477.1650
443.6042
490.1493
210.4966
898.1479
166.7643
119.8588
657.6323
547.8482
689.9576
182.9113
846.7980
467.2052
968.4686
46.0179
622.2022
786.2012
458.3140
441.5371
901.2374
122.5033
97.6142
37.7978
650.9208
168.9175
452.5155
443.0839
338.2668
577.4321
401.9265
734.6945
976.3636
511.0870
779.7725
637.2612
496.6355
568.0667
513.6268
339.8588
746.2655
595.2261
705.9171
491.6369
340.4261
909.4711
730.8437
357.9440
382.8697
659.9208
920.8100
390.3594
888.6086
319.7426
153.0916
322.9028
298.6014
183.2381
717.0090
812.6379
224.7579
343.7523
50.9135
798.1165
813.1591
678.8713
707.9182
252.3124
782.5458
859.5805
752.3963
483.1768
654.6268
80.6763
235.4164
643.2036
113.5257
171.8382
452.1719
51.0095
693.1091
426.7770
955.7020
383.6689
423.5644
328.7547
953.9608
137.1923
925.7096
539.6495
120.3526
178.2217
292.3210
307.4195
87.8841
862.0235
513.2641
105.3635
881.6180
905.0568
61.3991
706.9800
671.0442
103.7629
467.8756
493.6915
741.0993
193.7372
256.2588
136.0139
827.2342
476.8420
568.7766
218.6307
775.5505
574.0626
241.3811
280.9125
304.4972
319.3673
896.6655
385.6262
902.4228
740.7453
67.1403
426.2802
830.0345
149.3592
117.5238
26.0823
650.8022
350.9658
123.4795
323.5361
163.1749
148.6261
95.0603
908.2020
100.6969
451.5794
824.2213
668.4609
776.9781
269.9286
333.9880
520.3730
843.1968
388.3246
38.1611
809.0992
445.7805
193.8168
617.5487
171.8882
423.1223
248.5448
339.3034
413.2515
828.2694
746.6683
138.4554
324.0968
451.9388
34.1280
212.9992
378.7072
550.4630
855.2952
405.7979
952.9034
573.9663
159.7347
336.4297
277.9405
245.1957
96.9674
797.7085
46.0943
987.9126
519.5339
362.8116
581.1056
593.6467
450.0415
958.5665
727.7754
697.2585
490.6249
165.0964
95.0768
179.4930
739.4297
444.9245
687.6678
918.1402
265.9178
747.1590
394.0201
590.2561
702.4000
558.3514
275.6959
544.7406
739.7931
16.8731
757.5702
488.1621
656.9316
748.9794
1.3592
704.9397
204.7619
144.9918
833.0322
405.8300
641.3824
834.5227
918.7200
612.5782
736.0576
950.3852
968.9046
613.8355
350.3545
257.1057
419.9699
951.9665
446.3799
993.9748
891.4330
828.7279
130.4821
99.5327
558.0686
547.3059
852.1159
698.9964
598.7972
792.1412
511.3471
827.2794
80.1487
521.3156
782.5016
599.3760
156.5584
704.9003
573.0900
55.0633
954.6763
554.9216
337.0861
919.3267
240.8712
811.3402
400.1300
339.6673
695.6498
772.4555
618.2668
554.4029
837.9629
641.4844
867.8073
387.0547
825.6365
223.7217
172.6346
28.6305
12.2015
140.1724
154.1659
575.7944
380.1900
363.9735
587.8990
726.0850
805.0338
17.5489
109.1117
838.0793
361.4953
965.3282
875.9363
406.0742
424.3357
881.8644
556.6487
409.2556
932.2155
314.8655
29.4085
131.1577
603.2324
370.2053
909.3524
921.0716
325.4571
962.5260
512.7565
214.3876
103.0673
187.6930
442.8050
700.7805
108.1575
824.8309
680.6727
981.2290
921.5646
300.6764
859.3189
559.6746
697.5696
707.8837
299.6198
456.8456
259.4801
261.6218
834.0748
161.4028
946.2200
832.0768
999.0780
405.8201
924.0932
494.7363
37.2844
123.8633
621.3342
770.0981
218.1833
738.3715
55.7655
993.8379
434.4117
590.1187
888.5510
360.7133
697.9585
205.8817
868.5495
7.6553
989.2379
448.1405
62.4022
959.6254
157.3927
250.4134
496.6270
960.8925
147.0304
742.3469
456.1593
889.4392
301.1550
182.6696
873.2800
476.6926
713.3182
270.3148
850.6326
467.5221
430.3045
184.9678
849.6451
234.6663
484.3313
968.9223
83.4437
370.7620
122.4669
29.8659
281.1339
146.7962
543.4765
279.0668
985.3577
612.6237
112.4224
901.3126
937.9209
700.0683
791.9896
637.1447
126.4227
727.4856
527.8238
655.3948
220.9973
591.8001
920.2721
219.5773
343.6426
996.1875
986.8032
148.6333
300.0802
802.4601
259.1494
216.3639
380.9773
438.4701
243.3911
581.9197
412.3326
220.2156
892.1862
492.8802
657.3057
16.5554
989.4878
950.6027
533.4645
190.5449
572.4909
580.8221
139.0011
938.2079
989.9020
147.2981
340.4478
632.3636
358.6845
370.6718
573.7447
867.2108
377.4031
345.4192
888.6246
371.8774
112.6803
433.7091
316.4860
767.8237
522.2012
179.1178
982.2421
380.0777
455.1461
323.3843
897.9954
434.3613
595.4630
503.2126
616.0600
404.7997
125.6377
389.8332
3.8147
507.7010
806.0494
379.1912
368.0830
403.1940
286.5404
33.8708
331.7576
287.8427
457.8536
186.4533
615.2360
753.7189
952.8821
641.8908
761.0878
444.7647
727.7985
574.2450
292.0845
282.6092
821.2989
829.9424
5.5107
623.3796
593.9786
817.0643
792.5317
28.0140
861.2696
905.2243
742.1771
271.8918
95.4926
781.1205
249.0373
680.6858
785.8462
520.4343
194.6137
914.7733
103.3017
589.3366
948.7845
520.0745
968.5220
748.9123
395.8817
491.2557
543.5720
719.1295
317.1131
678.6031
650.5782
1.0221
766.2011
663.6507
592.2404
291.6419
529.0894
592.1680
168.8548
460.4571
26.1658
270.6190
256.2529
998.4542
125.4022
712.1928
269.3591
906.4067
751.7270
671.2182
314.9114
449.4416
644.0575
18.8405
628.0663
166.2703
641.5569
2.0099
684.7529
853.0666
370.7406
398.0714
317.5165
325.0911
624.9715
683.6185
479.8845
750.4704
656.0805
651.6685
577.3795
217.6983
148.3003
694.1307
415.0521
216.2733
214.1769
161.3290
995.6172
862.2762
276.2272
773.8170
858.9500
887.0080
924.3878
134.1819
966.1323
717.2782
617.6375
709.5671
110.6553
739.0832
126.4119
99.8540
542.6616
646.1943
504.4218
671.1977
873.3817
250.8170
340.7336
984.0982
614.8170
999.3694
36.1015
319.0038
397.0932
715.5681
987.8707
676.1881
259.1006
450.8464
12.3024
996.0131
364.4874
839.0620
88.4075
466.3175
788.8039
174.7084
889.3903
660.0064
858.5468
655.8806
668.1454
566.4434
358.3031
578.2684
133.3717
851.1377
279.3547
774.5308
722.3138
578.3828
265.8592
682.7563
531.8597
232.7212
464.1045
544.0095
640.0635
16.1520
840.8521
804.5848
823.5421
33.2643
30.6208
590.1988
598.7921
856.2799
728.4183
864.8031
725.8764
335.1560
531.2672
235.0485
38.8227
254.6408
680.5514
863.3566
635.8027
449.9843
901.1489
441.9805
476.5288
490.7353
775.7312
73.2625
149.2129
336.4001
643.1586
912.3186
857.8442
803.3705
69.9268
893.0511
152.6633
76.1618
777.2793
762.8289
366.6614
786.4490
345.6549
196.7684
503.6193
24.6987
62.7321
535.5330
299.4612
894.7603
458.7699
420.3854
985.4944
883.5981
217.4430
152.1903
852.2423
457.6707
345.6505
975.7679
555.3793
211.2828
629.7962
550.5026
0.1697
453.2217
934.1748
88.1541
334.5881
896.5771
434.8554
935.4430
514.8785
511.1322
156.0004
615.5304
210.4618
996.6910
61.7279
84.2492
269.3265
686.6382
868.6541
323.6278
621.3367
422.0115
841.5999
345.2576
430.8713
415.0997
45.1579
263.8052
804.9154
166.1303
912.8820
276.8848
148.1097
490.2595
965.3326
197.7073
566.8788
375.0418
389.1257
310.2668
69.3030
139.7291
587.3606
275.0988
490.2583
850.0135
168.8881
560.4988
99.0688
747.6855
781.4514
766.5787
455.0777
136.5598
640.7976
556.2460
618.7045
645.6644
286.2599
321.0420
777.2951
713.9741
755.1682
883.7329
682.9569
785.2396
821.7101
524.0200
918.3397
878.9258
594.7539
504.1008
660.8912
846.9618
332.5962
62.5204
125.5575
496.5425
784.9890
786.1678
189.3930
517.1393
331.5288
316.4808
638.4122
47.5188
442.3441
572.7032
160.7514
200.3131
162.2999
795.0469
800.9738
703.0181
874.2351
920.0199
890.2310
397.6769
632.6824
125.6661
436.3697
52.6898
966.3627
846.1307
789.2579
656.4994
444.9715
100.6738
339.5786
88.2829
35.9529
160.6470
71.8041
815.5516
631.1038
159.9542
324.9132
540.4834
945.9830
213.5307
736.9392
910.5381
671.4454
283.7506
537.9524
835.7882
429.1057
936.4930
889.3864
803.8253
688.2341
466.9446
471.3017
327.7676
235.8827
318.0450
247.5631
434.4791
389.4467
93.9391
152.2307
923.3668
900.7897
817.3546
334.5884
319.8256
223.9750
79.4559
635.4391
561.5895
611.6614
303.1648
457.5321
131.6061
438.9006
436.5523
885.9298
829.5430
498.9117
238.9900
480.0656
171.9534
935.6605
693.5219
336.0157
70.0898
311.6528
660.1357
455.0561
164.3026
319.2117
746.4670
631.8319
798.0069
330.5832
470.8142
256.0942
176.1437
220.8689
502.1495
119.2322
126.1313
617.9455
518.7282
216.7827
265.9635
455.7997
95.5036
344.3753
603.1123
259.7831
393.1429
587.5461
372.4670
563.2873
397.3457
611.4719
50.5974
571.9050
371.4383
852.5633
548.6205
539.9860
98.8172
790.0027
82.6068
727.6192
729.4012
861.1725
970.5993
645.5031
986.5177
929.7441
347.9815
258.8798
800.4829
382.3359
36.6982
709.7628
720.0714
168.2606
790.3188
299.7504
561.1643
594.8341
260.5075
840.1435
788.3659
353.0616
936.9560
505.5298
919.4824
380.1739
48.3364
107.5015
516.0929
900.7548
261.7899
631.1243
80.7742
518.5250
192.6181
960.0024
73.1902
37.4900
433.2563
92.2971
913.1217
738.2693
604.3204
158.1130
334.8594
540.2728
61.3340
523.2312
15.2001
752.3686
506.0177
432.9771
331.4992
537.0699
54.9939
140.7283
473.7142
387.8065
807.7962
895.7055
567.4126
405.8372
324.8571
480.1845
764.3039
459.4552
651.8644
993.1450
528.3560
908.7003
592.5261
395.2611
301.0184
859.7482
390.8923
246.7587
602.3515
421.8535
8.8005
640.5272
960.8047
452.7289
351.3977
897.0835
648.5924
125.6182
262.3415
756.5841
693.6298
0.2517
241.4867
520.3286
690.8396
852.5844
871.8896
568.1784
258.3666
339.7266
393.3167
231.5978
647.8335
172.9232
407.6658
620.2143
805.5791
87.0538
365.6566
550.0517
471.7391
576.4139
949.4802
765.3981
852.5624
546.2936
791.2300
351.7024
65.8473
564.6463
106.5288
992.8212
348.8055
290.6476
67.0146
425.9348
979.9005
307.7274
995.8654
489.1962
695.7137
740.9142
410.1832
514.1869
840.0285
757.1211
722.1162
713.1924
599.3786
257.8577
599.5533
191.3467
5.0673
356.5908
887.4497
125.9466
170.1604
452.8255
863.4402
764.9080
234.4818
700.1766
473.5169
469.9488
883.2518
787.8346
20.8227
407.7077
3.6163
592.6733
580.3098
46.2565
346.8437
743.1365
126.9479
384.6984
16.1277
369.5942
813.8352
721.3608
918.6712
537.6066
68.8571
111.8785
343.0026
252.7651
948.2165
820.9073
63.3335
385.8930
496.7296
249.2285
368.1613
543.3966
506.7999
520.0552
317.1307
789.9588
176.7163
691.8293
114.7940
523.7374
805.3162
117.4085
39.2062
449.3129
860.2993
699.1213
686.9516
856.8492
633.8124
120.8223
76.9181
395.6265
587.7296
183.2886
919.1216
338.5422
426.3958
785.5947
958.4289
908.3939
440.9218
563.1200
489.1328
151.5657
393.9632
332.5154
0.3779
766.1281
223.3910
471.8571
232.4134
230.7492
245.5010
706.0222
353.0625
811.5699
957.8291
692.9675
327.5677
530.0540
347.8995
162.2760
299.1202
831.2854
70.2998
196.4949
115.7711
751.2106
7.1225
520.4498
940.5752
721.7898
88.3590
769.9065
605.5968
396.1720
379.8427
871.8850
829.9531
526.4141
849.1354
738.0536
882.6112
640.3341
837.7335
104.7856
262.7362
538.1928
17.8309
880.7060
538.6242
723.2704
342.5003
253.5777
490.3846
656.1609
372.5961
133.8175
920.4701
696.9354
160.7158
303.3583
941.3222
825.4965
624.5745
115.0203
144.8442
134.7534
71.7602
426.4694
47.8852
804.2736
665.9304
785.1283
226.2995
994.5271
847.8679
766.3577
799.0162
930.3056
581.6818
655.3148
859.6085
958.2516
594.5774
304.2840
748.8058
352.5658
895.4268
180.6242
634.3295
246.0687
109.4889
877.7130
710.7965
895.6903
311.2163
2.5064
330.1954
64.8208
14.3946
947.2900
197.9382
873.5926
142.7981
743.6268
122.6126
606.8748
46.2315
196.3195
145.5321
366.4497
585.4026
585.9185
571.1853
464.4789
715.1998
72.7300
254.3391
483.4897
681.2908
744.8124
407.3853
579.8799
154.0206
143.7845
71.1787
392.4958
274.7293
807.6564
85.8190
800.3584
68.6051
499.7509
998.7565
470.4486
320.2964
740.5920
526.8470
465.8041
775.0290
346.6334
689.6211
708.9875
740.6166
643.9746
148.4301
3.3808
454.8119
51.1924
0.3526
630.4985
86.1436
471.6253
790.5367
250.5804
847.7391
414.5603
908.8970
143.1274
850.5608
91.0691
419.5781
108.7656
620.5403
514.3114
738.2567
615.4550
487.4153
660.3904
680.0676
94.9169
665.5947
753.7037
329.5740
215.8279
985.3050
386.4366
976.5828
97.2099
274.8739
780.7990
187.6155
438.3480
97.3932
676.1209
959.3480
495.3832
84.7325
675.0651
882.7253
586.1757
668.0228
363.6083
223.3341
797.6501
394.5907
201.0952
450.3984
621.4224
288.9673
307.8358
62.4966
513.5287
959.1671
755.2755
793.6545
696.9602
188.5857
29.5666
868.6137
704.8774
353.8294
551.0184
811.4800
177.0561
284.5653
219.3589
707.8380
242.0634
105.5832
365.4741
408.1616
452.3073
112.1688
145.9377
808.3134
696.7211
171.1543
551.7321
658.7335
970.5552
17.0172
680.6989
498.4116
638.9792
717.2872
842.2956
211.6929
768.9660
513.7145
120.9519
594.7367
339.3749
385.7012
721.4268
220.3655
178.9664
26.6171
636.2794
117.2957
396.3874
171.0957
136.5141
240.1251
270.1617
60.7000
815.0174
584.1074
945.3184
916.8592
854.6673
66.6446
370.4800
925.5756
840.7392
776.9878
873.8549
603.4354
36.5621
253.8300
227.0863
736.7497
732.8231
750.6875
640.8142
572.5913
184.2576
565.5126
160.0243
39.3785
636.5345
3.9432
926.1901
641.6550
773.2373
284.3039
549.8392
230.1201
104.5102
370.4253
489.3410
349.7643
765.4472
351.3286
715.9331
267.7207
15.5786
623.7599
151.2857
99.3982
618.4269
689.2782
169.3633
993.6413
487.7251
372.0141
295.2384
939.8995
67.1416
559.8528
760.5537
526.8939
582.1743
253.1813
767.8567
812.4593
148.8013
167.2543
859.0161
137.8772
297.7303
205.2750
609.0148
845.7050
858.6425
633.3800
292.0586
26.1624
609.6994
980.9926
178.5452
40.1123
288.4449
820.7253
149.9156
45.9315
224.2798
641.3250
769.9678
822.3325
905.7037
677.9089
952.7284
728.0081
563.7991
810.9740
741.1791
764.3825
125.3607
693.7472
552.5147
335.9198
892.9394
722.5756
383.7649
227.7494
131.3383
610.1451
757.5343
744.1176
330.5672
988.2577
215.3210
963.6247
846.5762
353.9473
31.8708
150.2477
880.2407
941.5805
627.5180
373.1327
330.1911
392.7137
929.6880
652.9909
974.5056
982.0549
75.3260
763.2460
567.5754
348.1380
957.7570
574.8002
827.6234
112.2994
856.6631
287.2227
981.0609
299.8598
992.0605
491.9255
6.5262
669.6245
899.8119
406.3133
665.2554
317.8120
583.7756
900.6809
709.5656
682.4397
239.2119
760.7677
691.2341
228.1269
228.1827
871.9119
788.8397
836.2749
124.0537
975.1374
975.8930
918.2236
638.7427
121.2808
652.9974
40.6771
315.6959
487.6827
56.3002
58.6831
104.7513
592.8472
471.7097
178.2985
351.9559
69.2296
660.0988
590.1913
710.1406
290.0718
789.6033
686.3247
105.0756
125.8948
477.6478
870.9145
320.8766
413.7755
931.9421
169.0625
357.3513
33.9807
694.2440
73.4789
291.3369
76.7299
47.8391
115.1010
666.6722
560.0965
486.1007
59.8522
13.6938
794.9650
801.2814
621.8998
221.8559
962.6622
666.4164
376.3210
686.7745
30.5693
148.8079
696.1279
974.1177
900.6712
755.9429
432.1482
577.4119
384.8442
592.5340
847.3737
2.2853
832.9908
150.3457
163.9372
137.4056
153.9912
2.1784
432.7647
79.5422
766.4346
890.2350
143.7269
205.5093
356.6925
355.7494
955.9075
280.5033
433.9124
751.8952
624.0372
644.0572
727.5431
296.2316
125.5759
85.0330
171.1792
546.9885
526.4121
124.3317
18.4528
853.6010
254.9232
315.6190
932.6579
123.0035
216.9294
962.1920
358.8177
813.1082
667.3011
89.9011
704.0024
923.1837
809.7969
622.7526
216.7395
131.2843
591.8781
836.2867
365.4122
619.2223
380.7682
465.3877
285.0686
401.1866
358.7397
660.8901
851.7505
629.5609
898.5176
108.4825
346.1177
148.3614
475.7996
757.7069
198.0744
600.5419
99.4994
913.5886
499.5381
614.5213
521.7293
32.7799
743.7869
820.5525
253.3248
114.8133
941.6381
360.6991
162.2352
247.5389
291.1291
435.5440
758.5502
302.3573
230.9541
481.3055
326.5753
452.8036
614.5324
496.6669
129.8183
88.1223
372.5468
33.2259
531.5754
129.6204
238.7858
301.2651
593.5503
990.8130
417.4051
899.8155
204.1135
27.7476
745.5363
762.1460
605.0103
987.5457
140.0244
746.8600
13.3665
288.2730
122.0495
209.1580
815.9189
248.3717
201.6123
924.2646
0.3242
997.1882
726.8016
625.6088
409.6344
609.2186
434.3080
968.3356
152.2867
3.1563
225.4536
570.2350
994.2626
741.6792
659.8579
16.5604
815.6407
982.5966
535.7175
808.9514
113.7212
137.0312
680.1618
956.6161
272.6236
284.4826
602.8514
552.0687
181.0419
629.4709
479.7282
825.2431
942.6160
147.9888
361.7251
456.5826
371.0723
646.8535
659.6533
94.4980
429.9947
351.0878
482.1043
126.3842
850.6016
721.5196
57.3265
173.8055
8.0556
430.2855
682.3384
869.3306
43.1592
350.9303
446.8071
929.7942
339.8811
12.7382
113.9755
411.0697
251.7596
413.1992
136.2716
63.7467
317.3158
982.7394
901.2277
546.7925
915.1621
16.9874
87.0105
860.4110
551.9777
944.1753
959.6729
895.9617
586.9496
749.4873
899.6358
791.7976
99.1228
762.7677
832.7485
95.9015
580.2085
597.1779
311.6742
414.2114
603.7303
82.2189
652.1893
371.2196
835.3197
827.6265
780.4170
442.0796
584.7423
612.4153
731.2801
744.7653
404.3046
921.7479
1.6601
827.1723
409.0794
819.3886
543.4844
702.9438
580.6122
994.2653
971.1386
154.4352
87.7761
780.8920
276.5642
841.0220
235.0093
641.1474
454.4503
373.1733
799.2318
111.2861
77.1412
441.5443
666.0500
504.8933
271.8639
320.1021
209.0264
525.2345
438.8617
693.1156
99.0992
718.0634
760.3753
643.6172
513.7032
94.2798
826.1818
590.6253
232.3398
38.6566
234.2423
894.7543
998.8054
331.8581
222.5600
415.4860
698.1028
245.5167
203.3833
581.0940
286.8467
587.1271
358.6969
394.6437
533.9636
636.6343
52.3923
937.9521
949.2353
620.9971
451.3601
281.9590
600.8151
496.6635
500.2819
214.0818
794.2293
20.5824
622.3083
545.7632
114.6530
282.1708
756.3276
409.8149
263.0446
195.9694
728.9832
92.5936
631.9566
178.3715
274.8758
672.0119
197.6497
879.6300
968.7285
204.5960
93.6263
915.2263
937.6485
391.7305
892.0589
78.6929
354.9492
548.2387
878.4386
944.2543
933.9430
181.5894
123.3823
661.7635
558.1460
303.0978
84.7477
765.7335
224.8162
96.0698
706.7951
628.0124
817.6479
650.7235
266.3273
941.9226
523.6695
562.3707
34.4687
294.9586
59.7771
628.3004
16.8532
646.7956
275.9618
211.7681
624.8553
92.9824
480.5909
878.1140
577.0503
501.3635
305.0774
399.4857
960.5739
838.4562
249.9058
778.7645
422.3966
557.6650
115.7254
142.8537
606.1569
6.1132
555.2601
128.5314
19.1898
135.7035
417.6821
766.0800
813.6886
64.1686
328.7409
505.2766
547.0266
847.1487
382.2039
98.6091
834.2523
588.4277
763.2595
264.6450
200.1465
773.1510
846.8855
299.3953
934.0001
872.7738
261.3928
621.7186
237.7934
280.2445
441.7161
918.2115
172.2976
565.6434
908.9193
696.6497
723.5893
351.2882
668.4482
154.5659
397.2344
629.3014
93.2914
891.5633
415.8953
356.4943
70.8833
804.3326
95.0950
926.3851
263.0869
144.9146
447.0077
592.3110
632.0218
537.8033
191.7598
783.5549
584.8639
953.5278
882.4691
721.8470
463.4293
979.4860
943.2670
126.4751
725.2784
62.8786
198.1209
800.1510
342.4916
578.1565
925.6037
382.8149
216.0867
793.6649
819.4491
37.8892
124.6209
916.6232
856.2142
587.4353
829.8304
212.2381
18.6887
805.5760
327.1331
38.0439
450.1902
260.8758
110.3319
272.7966
894.8120
928.0564
828.2939
547.6773
524.7540
904.0996
955.1648
780.0924
86.6522
478.2842
643.6686
22.8815
397.0262
514.9524
952.2912
812.2170
656.7357
294.7990
374.7720
838.5696
761.7789
417.1031
625.8347
501.2880
549.8631
309.2164
368.7393
496.2890
504.4680
903.4081
464.1001
219.0432
859.6802
499.9095
494.4963
832.4212
897.8787
933.9442
280.7455
458.2787
229.4793
457.8875
746.4058
731.5357
678.8206
532.9423
169.5493
836.0999
699.2580
508.4384
759.2284
355.6721
149.6243
776.4710
447.8470
550.1449
223.6200
67.2271
687.1698
579.5911
400.9904
165.0253
298.1391
870.8890
46.7956
750.0632
780.5781
309.3135
606.0281
639.0686
212.8180
680.5301
423.0585
468.9719
364.6347
95.4573
670.9943
883.0639
426.4892
243.3062
893.4571
399.1837
443.4650
593.1811
715.2825
46.6438
239.4418
151.3277
379.3463
96.3677
686.8661
548.3625
195.9194
680.1827
591.0951
413.9818
620.3120
954.3450
642.9504
244.1004
538.6535
243.8454
610.0122
525.8966
84.9037
126.4158
994.8284
193.4894
716.5486
50.3869
657.7693
31.8571
513.7616
269.7991
368.6068
65.4186
883.6855
102.5971
392.9189
222.0957
856.7946
510.1893
888.1256
963.5451
992.2672
442.9107
794.9885
855.3242
402.1928
416.7865
100.7558
630.3931
31.8578
631.3728
526.5640
122.8027
606.0516
55.6011
169.9427
951.0831
408.3278
53.3603
810.9764
190.4448
69.9634
59.8293
797.3799
643.5122
948.1885
763.9218
379.3209
940.6982
973.0717
878.5750
752.9161
803.7582
722.7179
168.2257
451.8384
519.0026
249.4191
610.7229
445.4393
613.7305
372.4896
682.0897
500.3346
256.6896
415.4763
72.4991
660.8886
808.3945
863.9848
681.1040
464.4415
813.0779
337.4336
988.8950
492.2942
680.2267
272.3934
931.5072
967.4596
750.8941
110.2167
932.6944
310.5956
173.0393
797.3468
44.6499
772.2891
658.7704
432.8501
767.1049
908.7798
671.9301
2.4255
178.7996
791.7943
961.8923
402.4106
701.9589
39.6992
11.9886
663.4969
921.5524
58.4246
373.1965
994.3474
412.2113
82.3254
865.9052
392.6836
942.4917
708.6595
171.7231
489.1118
894.9476
958.0991
538.3367
525.5706
963.3287
765.8328
679.1345
431.2919
133.8001
301.6816
265.0229
347.2935
327.2240
43.1486
125.0936
659.2252
639.1635
176.7083
567.8246
292.4479
727.7404
464.2609
862.1577
828.2408
339.6048
712.2943
244.0945
268.1485
924.9728
84.7165
459.5791
831.9085
288.5718
181.3336
723.5162
861.1303
603.6916
856.4160
580.5855
32.0389
169.1127
641.9751
954.2731
508.2297
825.2728
376.6949
888.3940
970.0921
131.7355
195.5922
746.9979
489.5543
791.5419
51.4297
2.8035
471.5337
927.0700
728.1483
931.2352
393.3089
879.6173
644.2912
203.2842
736.8997
260.1037
323.5501
963.0767
316.8415
634.2768
657.8638
825.2825
967.1730
309.6994
488.8435
904.3075
972.6567
631.3987
745.9564
898.5878
789.1217
439.5754
147.8226
474.9725
396.3376
190.7828
566.1911
310.9449
29.7986
244.0031
189.8896
290.2453
597.9925
119.5575
798.3664
864.8853
191.3806
12.8136
991.6448
815.2211
726.6404
703.6807
189.4012
884.0844
410.4657
990.5625
239.6568
458.1097
257.6927
557.7773
301.7834
426.4209
263.8885
284.5978
710.5929
427.9982
953.4315
726.0183
460.8149
123.7842
118.9211
767.8677
520.5847
35.0141
460.6557
653.3062
165.5403
472.7296
327.1125
384.4167
76.1434
364.5904
860.9650
36.6910
926.9602
485.0360
249.5436
307.0379
367.9432
883.6143
585.7593
222.9975
609.2852
800.2760
450.2769
793.9030
281.9424
528.1706
825.1734
692.4081
196.8867
387.5221
134.3318
418.5865
756.0172
791.9343
59.3530
177.9478
321.0786
798.0352
822.1942
144.8073
353.3137
3.4526
888.4137
466.0266
48.5296
321.1611
462.4075
479.9024
486.1900
821.5022
492.1248
201.1469
324.0615
739.7682
487.0212
259.0939
162.1798
507.0962
675.5942
561.6277
720.4050
921.4983
374.7287
445.6991
967.1272
981.3569
352.7361
203.9341
542.0117
443.9725
584.7825
703.4468
938.3935
914.3611
287.7995
210.3131
944.5136
412.6138
216.1655
619.2489
606.6313
203.3639
186.8881
843.0070
922.6163
526.6288
898.1891
347.9430
575.9167
321.3577
22.7670
804.8739
844.7818
123.6794
180.8623
662.6285
686.8365
753.6196
686.1522
878.9071
277.8943
127.8081
959.4065
856.9725
25.5878
518.1494
571.6470
600.8358
660.6511
566.5954
486.5800
590.4454
781.8443
957.1194
485.1763
977.5492
219.8915
308.1622
648.4279
43.4615
368.7930
86.4131
612.7870
654.0460
180.7643
137.8249
68.2644
560.0983
803.8846
446.3160
637.3391
678.6934
903.5463
837.3714
107.8846
302.5927
720.7062
506.9003
558.7043
947.3488
574.7049
984.6487
549.2374
959.8377
980.1344
656.4390
833.2713
582.0174
440.5991
234.3275
445.0954
851.6658
428.9444
393.7296
624.3593
306.7725
941.1005
40.9805
932.1363
485.7415
418.5398
559.0854
105.0195
658.7169
341.8799
160.6133
142.0832
317.7970
472.9093
430.2817
268.8055
186.1247
528.3199
313.9281
380.5740
184.7253
777.8281
634.2408
12.5171
72.3767
372.7921
212.2055
309.8747
115.1946
220.2841
326.2330
511.4170
785.1162
90.4088
792.3740
462.3326
155.5825
403.1951
894.6546
162.4725
806.2296
532.5657
272.6410
786.1592
461.4602
666.6834
506.1885
941.1047
230.9319
219.7343
882.1701
817.4521
867.9654
524.1742
388.2662
657.7045
544.2380
345.6820
210.1153
726.0816
239.7641
352.1376
125.3548
698.7425
663.4255
473.9984
370.9206
223.5561
395.5337
340.2325
940.4225
145.7870
257.2711
855.1884
72.1519
38.6528
328.6454
65.9357
346.5944
289.6551
735.3994
667.5667
322.8191
981.5274
600.7427
357.6033
616.9278
944.5809
604.3824
280.4625
8.8803
386.4538
116.9005
622.8826
385.2212
353.3293
728.2005
457.7232
30.9437
751.2857
790.6243
877.4601
92.5466
117.1457
373.2393
2.0059
583.7477
88.7161
186.2153
547.4977
67.9159
836.0431
509.7181
22.0333
522.9506
255.4109
274.7491
432.4249
753.5603
985.7643
767.2712
741.2867
893.7784
964.8356
881.7291
836.9132
159.5425
823.5770
104.1131
647.7712
993.7324
36.1087
966.6882
742.3354
475.8064
778.5323
401.5220
521.1552
473.1537
64.6386
865.0026
790.5143
315.9370
761.1104
325.7934
930.0811
494.5035
338.8058
450.7879
888.1712
57.2049
158.1366
121.9213
407.1522
78.2784
382.5011
815.5807
465.4027
600.8912
756.8059
317.7904
455.8748
781.8422
292.3478
613.5460
98.2021
739.2244
253.9495
942.4773
863.8274
70.0495
602.6318
984.9128
34.1567
189.1645
160.3104
790.5643
586.9654
4.5762
464.9082
201.1059
230.8177
127.3496
241.5341
924.7076
229.9634
991.4079
50.4632
535.0142
202.4787
432.5784
323.9419
186.2413
640.5629
213.5210
574.7723
816.8619
271.0869
709.9511
309.3326
584.6927
280.0915
247.3143
574.6872
145.6085
811.6618
552.4816
870.1568
638.7469
834.4185
62.7318
784.7863
51.7051
878.1626
162.2594
88.7405
660.4616
985.8151
568.4611
935.2905
673.8949
661.3853
879.4714
435.0421
70.5721
394.0219
701.1780
253.9254
382.1419
986.9817
438.2762
24.1720
223.8429
391.9075
275.1559
600.4958
282.2517
525.2448
98.4189
96.8010
751.8861
116.4110
526.8004
814.3886
653.6168
130.1587
842.2033
203.4116
871.9367
845.6766
137.1607
623.9440
508.4336
818.9087
478.2630
531.2673
205.5111
923.7832
724.1434
554.4027
32.2234
872.2166
816.8478
250.2244
922.0746
688.9908
718.4091
898.7260
0.9424
436.6509
635.9362
893.7873
304.3393
11.9379
741.5149
366.0499
551.8523
827.8154
11.5311
976.8626
971.4936
60.1778
717.1135
682.8365
313.0889
629.4706
327.1765
67.6243
985.3345
343.5189
31.9219
789.5055
65.8246
462.0435
563.6683
375.9023
229.1949
736.5650
778.8626
3.2938
638.3913
277.2363
508.6682
321.1929
45.9722
484.7120
112.3287
891.2603
849.9605
288.6446
24.3518
998.4941
8.9412
702.5111
652.3213
132.6514
237.1437
987.5459
493.0311
0.9143
387.3893
599.3842
182.6676
65.8812
886.9681
310.2167
619.6394
820.4901
662.3726
995.8876
988.2988
691.0832
370.5076
761.1008
638.8378
481.4105
114.3995
844.5167
214.8085
551.1718
995.5415
129.4494
943.7261
858.1633
676.9370
209.9220
637.0360
153.1338
57.9476
9.9343
624.5589
639.1840
324.6762
111.9224
462.4634
748.7864
682.2019
392.8603
972.0809
684.6971
718.5682
202.8045
289.3012
4.6834
503.3245
157.2750
459.0354
195.6396
762.5751
885.7975
799.5151
863.2064
571.5473
67.2634
809.7420
292.9971
979.0692
287.0502
396.6606
492.5509
797.5768
543.5252
0.0511
808.8695
903.4856
258.3232
186.7415
221.5900
508.4995
201.2213
487.6118
508.3787
721.1145
329.9801
107.9926
398.8351
77.6433
585.3650
977.8264
644.2942
286.3906
453.2699
201.3062
394.0890
609.4349
288.2534
515.0715
598.8919
54.7350
746.0564
15.5553
137.8649
467.9437
212.0407
838.6600
698.6051
876.0329
482.3047
890.0430
518.3436
577.1921
840.2794
366.8845
689.1876
265.9191
686.9232
959.5674
67.3572
68.8888
957.2210
35.6146
880.1340
334.9575
705.5278
885.7072
940.6823
565.5379
286.4884
899.7319
327.1885
550.0591
471.7570
361.5979
939.4798
201.0352
660.9979
64.0145
327.1653
448.4956
909.2602
692.2626
989.5899
424.8017
663.7193
923.7046
12.0469
286.2245
140.1935
387.0689
361.9440
499.9246
480.3981
441.2573
143.2605
412.4023
341.8529
799.0033
269.9717
197.6286
981.0723
924.1748
902.9654
27.9183
646.0998
461.3974
489.4570
136.3476
820.2731
786.8822
86.4825
795.0837
788.0491
149.6170
16.5566
402.8376
723.0692
993.7103
688.2691
514.5960
538.7622
464.1607
298.4375
380.8991
231.7329
159.7274
769.6578
954.7407
428.7286
130.2821
46.1868
888.2023
220.9941
990.1605
316.1044
470.0903
911.3580
286.0239
683.3270
264.5746
281.9386
783.1177
997.2740
71.8738
36.9832
99.7634
988.5028
474.9868
841.5987
514.4904
742.9318
146.5685
677.9522
263.7510
877.2097
873.9963
40.9646
793.7450
286.0070
232.8903
367.6332
382.1705
543.2383
973.8393
790.7820
264.6970
253.8979
209.4392
430.5289
529.4359
927.3041
19.5634
388.8607
264.4522
297.9545
844.1425
746.6041
735.7058
95.5868
640.8383
404.8910
894.2005
510.0841
56.5362
519.8773
492.8348
668.2895
459.4852
979.5444
944.8363
951.9035
50.4852
578.2518
548.5415
193.9944
724.2634
296.5844
471.7464
754.6403
313.1870
59.5278
51.3499
744.6990
463.7536
656.8461
533.2791
648.5226
383.2099
801.3577
59.1050
58.6622
966.7737
757.1262
352.7518
706.7144
178.0211
309.9108
841.8962
810.1663
782.0750
756.2498
855.1313
372.4454
634.2837
531.0780
563.2886
532.4155
172.7694
402.0852
893.3749
648.6187
916.0000
957.3822
956.4280
854.0637
400.3154
403.8753
933.0061
154.9890
274.7747
772.7129
997.9702
442.1977
758.1118
991.1907
77.3326
279.9024
894.4859
469.7683
618.2060
345.0584
845.1988
333.1485
49.3666
446.8473
941.9681
645.0634
629.0347
88.3729
149.8594
142.7626
695.9317
315.1309
580.3651
483.2111
119.7722
890.8984
122.6047
325.7384
771.7266
474.2512
257.8688
744.1995
526.8602
541.1930
761.7421
588.4039
807.3529
228.9770
666.1769
773.9335
129.8998
971.2817
153.1752
890.3348
510.6606
435.9620
166.4593
53.1352
513.7473
733.6534
585.1718
479.3450
482.8656
45.2104
319.4287
778.1970
171.8440
414.1515
19.5371
867.6054
528.6548
877.4832
466.5640
417.0981
752.0985
671.9633
278.7660
181.0748
146.4531
901.4494
57.7602
335.8781
689.5505
607.3745
615.5573
614.1742
727.3031
364.8730
735.0884
799.3873
328.9695
196.5563
937.3942
728.8976
936.9186
805.7712
120.7051
737.2144
854.9261
590.8520
288.4327
23.3187
981.1977
513.9281
448.7325
258.4723
727.7576
583.7681
190.0153
500.5045
946.8269
799.1258
31.6162
593.9483
971.5016
883.7366
924.9238
97.1574
559.7333
776.6336
211.8503
485.5657
929.1693
96.6124
990.1779
195.6696
335.5669
330.6188
868.5322
540.7826
211.5276
344.3332
366.3383
395.1638
236.5089
195.1221
460.2213
673.1363
94.3387
214.0454
338.6673
760.0194
68.4805
621.3860
131.8447
803.5334
573.0601
74.5602
983.4386
527.7431
978.2600
745.5313
42.7240
328.0287
491.6777
811.1720
42.0848
806.0917
608.6860
383.4531
703.7837
19.4934
422.4235
716.2186
507.9500
208.0451
161.6238
805.4270
446.6347
145.6797
383.5458
951.4703
786.5055
908.5591
401.2490
979.7585
968.5839
868.1341
744.9519
437.5511
873.3292
848.3737
199.8821
324.9389
991.0221
471.0771
604.9255
113.4125
115.9865
434.9424
934.9684
73.9466
482.5907
899.2404
449.9838
953.5214
22.4990
723.5288
773.6436
89.7917
351.1154
100.1152
358.6219
396.6809
614.7155
243.9866
327.8233
29.3995
679.6631
428.2199
762.2515
398.1512
895.2841
872.5586
980.1513
150.1624
719.1456
492.1273
496.3496
193.3812
206.9991
184.3889
480.5382
429.6550
766.2086
736.7871
213.0215
701.0999
687.9527
12.1665
153.0788
484.6451
795.3021
692.5340
924.7789
216.2988
851.3621
253.1759
23.7074
905.3439
883.6546
536.5807
44.6692
650.5718
219.1599
528.4299
566.8631
59.4691
561.2743
6.9467
752.1268
720.8333
592.2368
544.1370
719.2633
201.2414
434.7320
854.9802
254.9498
936.2283
964.5045
424.5312
649.6892
159.4119
152.0806
893.1187
882.7374
635.2510
594.1365
788.3605
649.0340
152.5641
844.1678
776.0280
770.5377
888.4948
346.6324
126.7824
979.0336
132.9649
654.5904
102.3652
307.3795
808.9616
21.0667
926.0270
625.0733
434.6732
361.8465
885.2356
521.3838
921.7994
348.5432
781.3401
772.5823
399.4668
835.5352
116.9847
666.8659
367.4226
642.3787
334.1117
922.2815
703.7870
933.0543
855.7537
825.0610
418.4990
376.2012
624.4134
464.5448
182.7568
77.6648
284.6560
423.8978
742.8393
545.2786
277.7199
572.4435
8.1944
378.3808
438.2053
456.7890
942.9874
399.1128
12.7947
151.9284
734.1983
82.6103
917.1281
68.9258
95.1863
924.7544
106.0499
635.8457
909.0696
910.7704
472.7626
454.0238
405.1852
245.9436
581.9221
660.3964
487.6567
614.0925
419.3889
53.9304
270.5467
198.2276
746.0804
492.1026
112.4870
264.1785
626.3963
223.2562
847.0283
704.5989
240.3390
397.0737
969.2525
762.4023
491.6827
697.1209
538.4531
960.3730
429.0363
480.8591
744.5516
849.5464
941.2421
807.1602
990.5142
562.3795
18.4018
807.5979
940.2099
644.7908
172.2733
235.3876
995.0370
394.2830
47.1052
821.8421
2.1876
14.5881
22.5307
954.6951
682.8892
337.4458
701.8968
32.0237
840.0127
70.6220
940.8356
18.5867
119.7778
883.5165
46.3986
255.2004
811.2173
19.1562
479.3187
389.0515
13.0733
205.6678
596.9616
762.3011
799.3881
48.3695
615.8257
700.1542
705.1654
832.7697
424.3669
985.0721
708.8860
517.2802
2.6468
242.3770
440.8840
718.7710
316.5706
384.4954
72.4306
274.4120
561.6450
500.0416
795.0615
124.5134
534.3655
285.0932
529.0512
545.5091
307.6007
304.7518
194.6954
560.6761
58.3740
684.2799
729.3690
648.5037
629.4765
448.6934
695.0465
579.6561
115.6051
575.0375
342.7037
580.0267
740.9964
914.8852
159.9646
362.4137
692.1334
589.0711
602.2657
785.4064
244.4244
741.3426
483.3652
904.4570
586.2490
17.0501
56.0054
567.9872
960.9056
319.7040
326.3900
189.7767
350.6870
918.8893
503.8891
76.0780
348.5352
274.3784
308.3525
78.3993
84.9072
80.9454
409.2968
374.8023
763.4066
558.8759
771.0820
793.5971
614.9259
781.6171
505.1819
509.2130
214.2471
214.1356
44.5169
906.4073
819.4808
407.1585
539.8934
612.9195
777.3298
152.7593
635.5416
23.1915
734.7219
939.2487
914.8441
446.2490
165.2840
430.4411
757.0020
686.2104
58.1222
750.3403
695.4611
545.7882
552.3660
61.6481
335.0144
937.4386
437.6584
779.9991
900.8610
121.8432
659.9116
32.6272
828.6091
806.2482
62.1923
649.7012
161.8751
187.0494
49.1055
133.5516
505.4193
272.1028
721.6826
453.3138
698.8080
446.3554
476.8177
818.8967
188.3884
769.0477
215.7767
300.7193
324.4733
79.1770
813.6479
785.4011
467.2244
219.1469
119.3339
643.1577
464.2708
160.1155
151.6413
363.5542
814.2316
692.2732
919.7499
239.7155
158.3197
605.2357
256.3812
115.8870
444.7039
337.9781
155.7119
665.0617
971.1833
723.0993
838.9727
121.3397
140.4595
93.0581
216.8767
387.8118
464.1200
556.9435
864.4797
58.4856
50.8579
978.2792
375.6963
525.1870
371.4908
205.8998
412.0607
324.4433
122.6415
477.4137
883.8399
35.0221
472.1716
346.1162
771.6585
224.2452
861.0274
848.0256
514.4805
395.9163
201.6471
228.2340
843.4038
489.8897
365.1425
899.4812
555.6684
982.9847
581.9887
935.6603
449.7715
595.9835
736.4804
294.7870
583.1455
41.8206
908.4308
15.8283
51.6257
832.2145
222.9721
10.4207
508.0853
390.2622
61.1789
573.3279
512.8771
981.0834
593.2205
257.0827
732.3917
661.0178
759.3875
923.2692
388.9872
292.9494
222.3832
973.6061
556.3830
313.1893
485.7839
682.9500
988.0199
31.8456
167.3121
711.5941
582.3523
95.7017
927.5124
610.5936
316.7511
55.4542
178.0824
32.0517
415.1113
233.9152
859.9633
332.1601
758.8181
320.1737
531.7479
76.2181
235.0621
943.5781
890.5567
647.7485
295.9943
557.9041
458.5702
923.7163
518.9640
199.0386
680.3392
592.8199
588.5082
360.7461
536.0745
214.6480
51.5544
360.4567
37.1006
466.5380
35.1159
436.5167
321.9253
768.4652
367.5588
167.2500
873.8046
598.2645
41.9587
304.8921
609.2309
496.7279
703.0611
34.8885
995.9177
246.8888
221.6456
142.1242
734.5869
241.3517
656.5127
667.2252
414.7937
15.4151
538.0054
212.1967
567.6034
140.6251
968.9564
560.8960
652.4278
241.4447
530.8775
338.4141
71.9474
585.5299
508.9464
407.4588
14.1189
453.0724
955.7455
772.5677
498.2423
936.5733
976.4888
553.7515
965.3096
237.6299
901.0025
631.5702
129.0068
61.9671
930.6733
370.9143
741.9331
29.5932
250.1593
857.5175
7.1580
976.7114
267.5723
368.9811
624.6227
23.2914
24.6921
260.5671
334.8279
326.8176
94.0769
176.8534
737.3776
867.7066
624.9952
798.7710
257.6243
107.0097
429.5316
677.8538
496.6784
3.4546
901.5294
626.9521
928.5356
234.7954
262.9339
342.5629
520.8279
908.9054
999.8099
168.1975
455.8617
943.9491
514.4543
18.2275
478.9610
834.2617
579.0410
23.2486
542.9607
63.8499
913.0010
851.9906
18.1844
123.0345
868.2998
566.0447
695.9249
552.4652
236.6725
806.6625
191.8573
314.5981
231.7022
510.6905
198.7602
133.6222
418.5907
790.9554
517.7400
781.7006
870.7975
365.4903
679.1449
888.1426
264.0669
446.6823
118.8244
878.6797
853.5328
942.5251
274.7995
996.6809
418.4632
510.0633
276.7949
200.6471
475.6041
793.4528
171.7928
953.5354
486.4748
873.1984
216.0400
132.7938
430.3694
827.7507
422.8768
843.7978
878.4160
476.8115
698.0763
479.4824
205.0042
101.9521
279.4505
985.1656
505.8467
586.5165
577.5479
533.8038
340.2004
596.1027
920.1099
39.7845
718.7531
80.8416
417.3006
48.2142
416.0250
618.6448
897.2227
869.5855
289.3896
888.2351
590.6013
707.2852
849.7380
490.2395
589.5876
757.2378
596.9643
918.4539
169.0336
54.3244
643.2801
457.3047
835.7116
6.7083
380.6292
366.1219
244.0610
583.7723
97.5448
95.3317
468.6906
638.5585
251.9464
952.1264
321.0931
610.0712
518.4346
278.5577
356.4507
882.2472
141.3558
714.8701
531.0180
308.5341
734.5010
989.6390
269.8276
605.0962
958.4361
256.2034
827.7456
389.5852
533.3362
719.6563
809.0168
368.8569
917.5852
63.7773
519.5825
959.5748
492.9045
875.0170
356.2079
418.1332
862.9583
548.0833
226.7836
32.3585
938.6636
263.1152
170.5627
513.7342
299.9238
986.4593
544.9726
257.7448
329.7325
590.5036
785.7373
380.4593
432.3461
697.8949
457.2114
452.1933
700.9286
365.0335
259.4646
152.5258
11.7850
382.7489
720.1125
99.6965
799.9012
249.7191
437.0882
909.5225
962.1255
205.6840
981.6508
393.9044
965.8718
59.0476
884.3191
427.6237
252.3073
248.0406
566.8593
133.7272
384.0563
800.8931
469.7896
303.1758
322.6322
55.2706
497.1964
866.0268
816.7529
426.5578
777.0966
934.9958
54.1275
212.5984
895.9815
156.5989
304.1281
686.0727
875.1123
905.7657
52.6483
494.2194
406.5872
40.1704
946.4246
653.7541
411.5001
943.2885
262.9599
477.3261
795.4244
867.3566
824.3047
915.5638
596.4295
94.4711
644.7724
136.1320
61.2929
408.3468
588.3565
544.3071
985.3981
675.1652
527.2893
206.1376
318.6612
836.0915
637.1143
928.3585
339.0418
321.1235
576.0072
891.7957
620.7962
190.1549
104.1728
557.6472
397.4735
722.9210
882.5453
609.3503
343.0554
651.1935
206.9756
457.0004
348.2281
668.3243
285.7721
204.6677
217.1941
903.9812
429.7914
138.6889
844.3557
622.5672
183.8505
81.2022
388.9467
108.0455
549.6976
110.2667
687.2517
817.0232
752.2807
103.8309
587.8711
948.4983
213.9837
96.1748
501.6131
315.9111
21.7330
10.3680
265.5698
582.7906
762.9860
283.9393
847.7050
282.8099
489.2191
432.1327
770.4199
414.1510
111.1528
921.2471
323.7732
160.8210
993.2299
789.1427
154.5894
276.5088
593.5635
675.0528
369.3349
193.8345
992.5207
100.1732
80.9243
72.9099
534.4316
577.9580
729.4522
795.2588
757.5243
775.7948
987.6050
656.2904
24.7874
485.8152
692.0691
212.3188
88.2769
459.5349
379.2276
854.0917
92.3711
144.9896
4.1383
272.0239
289.0610
514.1526
149.7884
200.1812
628.6195
914.4163
430.2332
369.6084
579.3982
342.4289
868.7144
415.1151
618.1922
825.5675
755.1765
976.1592
631.4385
195.6425
322.5170
374.6377
457.9767
545.5018
873.2677
331.3053
513.0356
173.5534
485.8964
431.8833
760.3935
734.0519
750.8168
29.3758
253.3607
487.0202
503.6217
58.5883
658.4529
955.1839
715.7963
601.5787
382.3574
111.0122
688.8318
721.8459
194.1646
755.3240
616.6411
844.8686
210.9187
0.9970
890.6459
597.6143
666.7223
281.2089
689.2585
50.7686
288.2831
629.9956
239.8202
331.4391
577.4304
151.0286
608.7711
714.0901
333.3251
428.2545
642.5410
50.3566
319.7533
473.3144
671.0897
581.0738
258.0629
823.9950
885.9798
316.0307
481.4147
848.9515
303.6685
465.9807
672.5497
125.3407
331.3596
915.9658
55.1452
981.0925
144.6542
748.3950
352.3903
29.3511
333.1497
276.6729
742.4047
835.4746
409.5831
644.6651
933.6485
743.2060
309.2463
182.5890
809.3677
958.0121
146.5397
840.1024
846.1772
840.6899
811.4465
626.1298
995.2074
84.9997
289.4004
560.5976
764.9308
907.5268
558.9096
209.7160
539.8030
601.6038
437.3908
819.6254
578.4172
474.1004
225.6290
481.8455
849.4145
110.3474
440.2116
31.4650
624.5657
660.5013
818.7223
831.9159
111.9337
255.7667
153.8084
995.6806
0.6202
765.7749
303.1763
76.8474
687.6242
5.6083
111.1408
665.1983
373.6750
889.0576
991.1709
688.9953
448.3923
556.5182
836.2677
63.3915
362.7049
248.6668
212.6278
393.4273
196.6519
687.1283
812.6883
947.3645
698.6116
791.5365
75.3012
783.7999
88.4221
444.8473
393.3076
69.0784
252.6769
728.4078
519.4947
71.5276
552.5718
945.5462
177.6638
429.0695
488.6596
763.5608
243.6935
553.3160
418.2810
726.3699
582.4570
134.3657
51.2746
987.4589
975.1138
421.3763
799.9428
463.1564
892.5496
650.7296
946.0735
294.6727
636.7234
201.4257
365.9446
392.2672
503.6894
227.6972
644.4031
274.0944
577.4775
389.2960
103.1278
210.9296
616.3609
154.4051
446.2779
558.3987
764.4430
444.9066
551.7125
306.4498
502.2505
151.1372
660.8385
670.7172
306.3762
402.1703
982.7186
204.8677
202.3518
125.2912
903.3087
132.7160
349.3044
61.2150
896.4885
473.5128
283.6089
14.9358
253.3536
703.7016
711.9617
5.2291
776.8169
211.3823
294.3106
412.1066
711.7049
422.1534
647.6674
351.4403
383.1730
831.5318
432.1302
854.0999
526.0890
895.8762
331.6971
552.5608
361.0732
230.2906
891.1133
271.3707
834.8341
386.2535
560.2854
200.2053
581.6817
91.2826
995.9888
207.4360
921.8096
786.9939
585.3013
573.2704
995.7727
977.6274
211.5093
179.3316
139.9900
806.4864
749.0662
816.7060
506.8453
10.0089
413.0582
704.5494
643.7949
874.8821
214.3582
718.7156
990.7216
177.4290
905.0938
745.9033
406.2374
229.6029
949.7575
320.9033
102.3579
597.9872
135.9037
306.7586
813.8856
31.3959
234.5649
290.4528
965.5566
565.9108
649.7567
569.5131
697.3085
455.9803
672.2405
446.1719
64.2958
23.7420
104.2870
173.0265
852.2337
957.6430
627.6026
474.1156
326.7632
650.2341
843.9853
861.7184
109.7846
480.0046
969.5402
274.0637
929.2393
586.9147
584.7480
464.6830
365.9810
834.6047
805.8068
100.9678
187.1703
513.4841
7.2359
727.7156
820.6076
478.4459
818.4525
574.0528
107.0674
644.6484
831.3765
99.6154
144.8655
383.5262
43.3958
530.3870
789.3279
655.4813
108.5602
493.7045
312.6194
466.8690
555.1546
492.0173
590.9016
245.3921
112.4356
741.5572
132.3395
139.8227
271.6500
788.2969
866.4921
885.4038
177.3258
217.4304
593.3884
439.2079
697.5323
805.6734
508.5644
522.8662
216.8928
997.5761
25.5363
119.5948
179.2113
362.4242
636.5428
189.3774
86.2189
749.5404
756.0956
346.4357
993.8138
789.6869
533.1456
411.5622
205.5539
37.5732
774.2938
250.4101
141.7362
253.3836
156.2153
214.3472
109.6312
836.2961
728.8489
872.6332
106.2230
704.6522
311.1227
288.5050
569.3799
114.1104
571.2589
949.5956
91.3421
538.2597
802.8784
567.6658
82.7825
944.3569
727.4155
115.7519
875.9713
282.0235
972.6355
612.5531
673.3882
42.2790
208.0976
15.6194
479.8608
196.2144
573.5466
227.1247
995.4769
168.4407
690.3304
797.4473
671.1286
383.0256
491.2385
179.3403
874.6641
661.4857
379.5766
65.1822
328.5485
527.0074
580.7146
235.3145
938.4669
983.3342
411.9052
356.4434
868.1800
675.8525
528.1994
486.4586
357.3443
866.4292
933.8317
473.2585
69.0026
300.1480
707.6298
48.1515
158.1322
378.3765
566.5994
902.7879
35.0291
939.2944
347.2115
414.2448
974.1457
497.5147
47.6169
225.4607
814.1282
2.3600
594.9676
101.3095
282.9051
487.0152
641.4569
797.6858
799.6159
581.6890
500.7306
535.8893
940.0519
110.2469
215.0922
615.7423
60.5917
108.3563
282.9275
495.8157
400.7846
151.7492
317.0715
410.6556
890.3732
28.7128
682.7238
772.5734
15.2908
195.3766
622.7202
419.9774
102.0749
989.7555
768.0368
372.1423
329.6221
140.6534
949.4111
163.0920
797.6577
841.1711
13.2873
25.5863
687.3298
500.3538
411.7833
239.1737
188.9686
801.4368
802.2691
322.3137
247.1196
38.0058
806.6005
942.7121
909.1503
740.9577
324.9492
686.5119
762.6747
864.3118
527.9032
603.8557
596.6476
164.5513
768.0775
68.3073
270.8658
775.7138
969.7871
91.0851
357.4486
471.8720
710.4916
998.7803
694.0938
494.8705
771.4775
522.0238
860.7344
678.9080
132.1683
450.6357
543.7483
475.5674
783.8406
475.8665
32.8877
918.0974
54.5347
75.1928
787.7932
590.7551
302.5588
685.1266
54.0358
864.5348
161.3865
263.2954
963.9553
155.7899
171.2491
36.7599
595.7404
536.9781
621.3505
298.6558
89.4291
13.4531
195.6982
274.7501
594.2652
22.6415
513.4717
342.8762
400.0705
860.9731
452.3261
122.4808
844.7020
760.3753
213.6827
647.9309
545.2471
407.5971
928.9511
742.5024
982.4363
453.8029
723.0718
337.1287
42.6310
185.7646
841.0855
336.6436
334.0183
585.0547
207.9945
575.2161
713.9855
120.5954
996.8084
941.1245
472.1382
266.9794
680.9631
7.8889
258.2609
467.2056
336.8922
685.6311
677.5587
819.6352
234.2815
6.7804
892.6342
597.2498
132.4144
148.9429
849.3359
154.2055
362.4968
521.5199
311.0219
871.0258
711.6310
300.4226
591.0296
229.5906
682.1493
760.0318
57.5660
617.0606
949.6899
494.6279
192.3583
915.8992
554.6783
314.6299
859.9585
936.2441
51.2316
572.4687
820.9643
309.8804
129.9147
335.5366
469.6638
814.6048
42.0249
374.8067
683.2133
681.7386
587.9368
428.3034
583.7091
702.4811
973.4791
541.9091
209.4758
532.9165
206.2346
426.5438
602.0847
258.5462
951.3652
107.4868
451.9761
660.8434
346.5768
48.7238
684.2590
515.1687
623.7426
963.6932
479.1798
474.5690
131.9793
945.7191
37.2071
862.4941
435.0699
529.9361
611.7433
778.1793
472.0873
245.5989
327.2751
64.1670
423.3198
8.2637
390.7185
296.1247
512.1134
234.9010
94.7271
151.0625
67.4484
236.5839
66.0586
158.4643
119.8442
959.5185
91.2975
244.0647
920.3766
783.8147
748.4282
762.8947
869.4095
927.8031
922.4651
967.1512
916.4623
760.7651
383.7309
252.6449
966.6746
412.1449
491.2862
601.7906
222.0324
76.1970
340.6364
381.9101
239.9683
13.1168
580.9865
214.0668
43.5699
68.6584
51.6487
832.2991
770.6136
432.7104
672.9392
389.9895
770.9601
883.6044
393.7764
767.2037
865.7444
321.1609
204.6240
446.9207
334.2275
874.1891
650.7617
917.5482
42.8780
432.3789
85.6140
850.5043
734.2436
980.4276
994.0008
320.3427
411.2952
116.7178
555.7960
805.6125
651.2166
192.4583
16.3369
957.6554
359.4208
739.2057
954.1311
380.4671
699.6419
172.6277
396.6985
882.2704
85.9317
763.8717
429.4055
663.9640
268.7363
867.7923
946.0684
163.9500
297.3519
8.1142
885.1760
392.4274
749.0022
312.8372
506.0714
971.2717
198.7769
391.5625
70.2845
505.9068
32.2630
837.7668
838.0707
180.2788
75.7066
879.9409
786.8227
582.0508
105.2827
280.5452
679.4664
890.6669
382.6799
909.4561
882.2395
600.0475
996.7891
86.4308
384.1015
224.7906
471.7840
558.1684
285.7039
897.9367
84.1379
839.2911
314.0838
773.3647
402.0354
296.8092
822.7475
398.9858
935.2041
113.6058
879.6620
31.5355
353.1179
253.7810
995.4974
161.7299
191.7112
303.7605
835.7969
106.3388
976.4755
347.6292
76.0056
95.1024
26.4769
982.0549
578.0741
393.6232
238.8012
925.9376
335.1665
102.9147
553.8714
204.5708
909.4839
237.8830
46.9726
502.8406
546.9132
266.0942
498.3228
695.8701
542.8548
419.0182
377.3829
947.8540
509.4478
223.5703
518.5526
208.4001
46.6572
34.6080
492.5447
702.3994
449.7061
510.0982
339.9221
533.4861
322.3745
4.4220
546.4412
786.5120
976.8580
776.6245
431.7314
121.2299
441.7802
991.5125
165.3900
540.0773
429.6802
947.1937
514.8516
388.3910
532.5676
280.7303
690.0110
611.1426
742.0805
946.1768
908.2536
162.4136
289.4418
843.5830
563.3989
912.9493
281.6796
123.3643
860.3982
319.9826
566.2595
80.2925
639.8402
136.0602
433.1173
441.3079
33.8489
888.6617
367.2484
590.4120
431.1658
401.5669
969.5511
621.7269
54.1748
28.4108
290.0617
414.5041
667.5759
296.7137
572.4729
620.6908
833.9270
528.3985
328.3585
589.1744
895.8061
270.0813
679.3715
313.2299
700.0274
559.3095
823.5690
1.8654
312.6770
60.6564
40.1717
922.8916
969.1496
555.9020
539.7519
3.1462
248.2003
4.8325
121.5785
175.2720
329.6844
872.7172
464.5054
37.2565
849.0374
105.4073
37.5586
450.8881
182.9015
22.4530
710.4694
490.4301
192.0017
779.3286
590.6035
18.5774
497.4181
874.9767
518.7335
884.3231
972.1107
972.9392
857.2926
723.6012
382.3101
260.6668
101.8623
182.9000
411.9188
399.8471
478.7403
706.9082
914.6795
329.6848
549.1484
429.1972
697.5561
104.7707
273.8377
701.0459
340.4007
445.6353
352.9425
900.7713
889.5607
616.7817
133.7666
652.7120
494.4399
893.7503
953.6891
291.5623
156.6903
716.1013
699.7118
457.4038
589.1116
208.7611
420.3992
57.4007
199.0326
838.4070
659.7648
353.7796
274.0456
828.0235
200.2892
391.4298
83.3470
980.7985
291.7528
832.2844
365.2166
988.5260
751.2189
33.3844
661.7162
384.1354
745.9955
2.9901
120.5532
675.1627
94.7688
875.3798
797.3952
184.9838
890.8146
846.1760
331.3808
112.2733
945.0422
46.6075
650.4072
307.1120
854.9409
169.4679
722.5252
216.1645
183.0303
701.9979
849.3277
598.9502
25.8274
667.9103
83.9108
914.4854
770.0947
418.9566
426.1187
166.1686
149.1599
838.8245
346.4345
72.6364
331.0636
763.1777
520.3943
702.1593
403.5975
333.9415
399.0257
563.0642
283.7597
754.8056
768.7270
103.1859
650.0028
9.1757
360.1183
784.8116
305.7777
593.4487
13.1866
808.9830
504.9549
940.4627
544.8044
243.9600
668.3828
389.5013
599.6945
229.0066
331.2385
305.2287
524.8134
854.1515
46.0928
95.5932
452.0204
38.6943
441.3126
628.3412
884.2503
809.1699
617.2402
492.5583
532.2918
4.1850
88.2717
683.5787
909.1753
284.5533
239.2437
457.7597
654.9378
583.6986
209.5312
374.6083
76.4458
38.8731
155.1051
384.5455
555.9498
5.1327
258.1059
884.4529
531.9032
271.4689
688.0998
143.4445
753.1326
825.2066
210.4526
409.5377
212.0355
610.8002
957.1868
184.7634
722.5959
812.0489
292.8149
654.1926
996.0086
28.8872
870.5022
869.5243
664.3138
356.9706
569.4933
398.6214
684.9983
89.4478
852.4768
615.0139
898.2851
443.3414
381.0071
626.3070
598.0793
857.1592
566.7510
189.0820
405.9628
666.5974
412.9650
752.9381
885.8958
491.4205
854.9572
507.4625
895.4756
486.4451
190.4652
171.9264
559.4942
944.9827
294.7646
767.5436
8.7638
634.0601
759.9591
218.8507
39.9699
471.6487
793.2167
608.8476
62.7607
761.7216
646.3167
184.0984
560.5323
924.9334
252.6400
212.4276
448.3586
898.8786
824.8632
715.2379
737.6821
329.1358
894.7383
352.8059
312.2655
576.3550
376.7588
785.2824
687.5797
923.7318
753.4935
575.2897
531.5678
951.2415
597.7959
660.8521
197.3684
810.2923
910.1929
581.7921
193.7903
304.7460
325.1278
422.7433
819.3678
732.2564
852.2456
829.8920
968.3229
230.3023
813.1883
441.9575
664.9749
584.8750
914.0876
264.8292
319.3188
406.1224
27.8947
911.0921
980.0150
59.6158
520.7539
690.9999
227.1461
117.4984
517.5239
887.3143
218.3224
451.8279
383.9950
361.9365
11.9208
603.3522
873.2893
420.3819
838.0644
789.0971
435.5603
867.1532
434.9204
28.7285
570.8813
298.3869
995.0817
711.4959
290.7886
634.7761
658.6483
799.0401
625.4185
332.6589
953.7176
544.5542
961.9229
813.0436
53.6931
896.5889
717.3474
531.6307
76.3827
63.0013
960.6549
172.1431
762.1629
75.3193
642.4492
893.0297
838.2337
100.2792
841.8343
230.4721
728.2205
238.8949
344.7859
8.2439
626.9164
633.3990
698.4147
688.4717
364.8817
532.7853
939.3448
910.3340
327.4017
798.1000
556.8661
459.2407
867.1582
736.3714
30.2765
585.8868
219.0820
359.4666
958.0282
499.7727
788.6249
255.9715
705.6996
687.1495
464.3797
833.0609
404.3343
991.3661
311.4639
669.1868
531.2369
436.8893
220.9404
277.4268
910.2735
407.7911
102.4407
887.3370
901.3541
959.4805
357.4937
510.4411
337.9925
234.5069
49.0100
124.1987
192.4681
581.5029
87.9495
612.5799
753.4649
441.0064
72.8101
621.6339
295.8569
955.6527
962.6727
31.3154
603.3438
680.4008
222.6133
251.4091
832.5450
703.7910
87.2868
907.4272
241.5490
979.8221
215.5292
100.3282
942.9056
24.6171
44.9360
638.5233
408.0821
739.2459
462.7250
171.1533
880.0445
180.8947
259.4631
939.7232
170.2193
52.3006
717.3574
881.4929
140.6904
17.6609
200.7853
706.5760
493.9676
103.3214
102.7884
937.6972
447.1243
900.3165
625.1027
834.2573
203.8644
638.7469
883.6266
645.4025
538.2979
515.9839
892.0425
109.5601
856.2031
92.4251
218.3134
930.2617
1.5008
64.1594
222.8301
358.8201
770.2402
169.1740
257.6861
79.1955
377.1143
944.1625
869.9270
125.4862
515.7478
664.3406
964.0861
432.5338
493.4300
651.1139
186.0905
451.5822
512.7165
555.2504
940.7811
308.3446
535.9608
969.7646
527.4092
386.8652
206.7346
3.6685
214.0133
596.6504
869.1858
701.7185
920.8432
244.7962
366.2631
411.7249
324.9835
242.8304
373.0283
398.5409
19.3687
565.6366
881.0413
659.0482
582.0862
237.5621
56.8987
212.7877
195.0511
320.0498
720.0175
572.0763
617.8515
694.6101
155.3336
685.0836
601.4470
653.0307
655.6292
572.9609
551.0369
802.3521
596.1294
481.5452
300.9038
754.9794
889.4799
901.9472
842.8270
462.5170
186.5610
878.4000
817.2172
736.3894
313.9386
542.0907
846.5558
166.0256
220.8390
18.6437
696.4354
158.6348
517.8525
755.2903
705.5222
892.5566
597.0629
965.9864
760.5901
386.5359
416.8593
180.9625
950.1779
900.2615
792.3946
782.3307
236.7989
928.9116
515.9505
396.8813
1.4912
204.3560
937.2125
774.8277
306.8262
920.5751
398.6871
805.6380
363.4730
911.1863
648.9368
8.0084
583.9994
51.9962
744.6659
955.4736
646.2699
98.0261
901.2379
707.8529
822.0613
242.7562
901.2175
411.4525
203.0995
405.9238
523.4961
686.3825
515.7904
639.1973
786.1657
725.8083
915.8840
694.2380
237.0800
465.2659
754.0817
136.8641
403.8896
131.8056
163.5706
739.6428
645.0086
245.8922
167.0135
722.2546
470.0721
984.2463
976.9263
119.9962
835.3993
296.8974
572.4907
439.8817
816.9564
321.6562
695.9846
171.7802
958.1297
598.5350
397.8132
886.8771
84.2852
213.1747
556.0132
391.1482
75.9914
355.3495
20.3032
961.2428
35.5987
325.6401
865.3159
606.8937
336.0194
559.6770
551.8818
320.7183
183.6768
823.3570
909.2058
614.0736
927.2352
138.0710
402.8171
22.6190
643.3792
968.2815
992.6183
167.4405
19.9381
309.5665
523.6144
374.0017
50.1387
77.4005
885.9316
537.6763
641.2927
400.2506
851.9299
248.9918
519.2947
330.0764
530.4092
946.4463
205.5123
900.8852
677.9501
547.8716
460.1814
396.4084
840.1553
567.6146
671.0837
146.1199
708.1282
528.5549
113.3136
458.1904
963.8982
805.2040
825.6040
177.0506
325.3030
265.5040
606.8342
75.3269
688.2008
906.1680
688.4539
185.2880
939.6329
376.8442
111.1259
752.1555
320.3376
80.6790
503.4943
676.5587
385.0444
939.5359
809.4565
957.7224
853.4349
150.7246
796.9071
943.8130
275.0685
899.9945
850.9607
336.5919
959.4378
164.2844
506.2696
532.6378
594.0315
120.0461
570.5235
12.0749
678.9038
265.5177
794.2381
786.5828
342.9236
898.2458
33.3919
172.4650
991.0572
566.0175
162.3399
585.0682
201.5215
712.0921
301.0285
450.5082
550.5130
48.9337
305.2937
703.3992
282.7466
619.6198
994.2519
227.9613
200.5824
708.7327
731.8883
654.6193
545.4980
841.3769
48.8852
236.8205
517.3003
457.5571
80.1955
886.7834
678.1220
444.1983
772.8883
154.5578
175.9727
669.0379
929.9612
36.4769
466.9027
395.6251
756.8280
258.8894
8.6108
567.2398
167.7176
993.2983
851.3098
789.9054
36.0714
15.8019
385.5704
439.2241
164.1338
319.0295
501.9411
534.5002
829.6182
230.9076
697.5628
960.3918
854.3999
422.9051
813.3402
481.2321
254.9786
285.0450
29.2505
394.6743
607.8660
572.1362
11.5782
875.4438
726.7813
898.0462
668.6091
708.4613
527.3451
5.1297
528.3238
428.0158
194.4966
850.1555
86.4251
375.6724
791.5583
591.8862
354.9133
717.2752
464.1272
910.3360
295.7356
260.7148
636.7582
638.4659
765.9316
530.3557
278.6289
491.2740
437.5810
118.4663
585.4631
343.8539
329.2276
931.6819
648.6629
123.8967
586.0719
330.4116
514.6442
375.0389
757.5264
528.7629
45.8008
58.1754
437.4971
606.0035
875.4440
886.9634
184.7525
888.3704
142.1809
474.5514
546.4531
457.1796
232.2049
890.3229
168.5693
46.5051
70.9729
469.4677
810.3404
309.4995
968.3518
254.8711
663.7993
168.2261
257.2298
13.6418
913.1698
441.6456
464.3249
451.1346
410.6947
189.1551
260.3638
325.3005
601.6513
197.0494
668.0706
466.6288
161.9858
920.2871
727.3218
231.6978
789.8734
639.4046
82.8224
161.2975
603.7838
947.8370
447.5835
307.1030
698.0191
433.7620
111.5919
981.5648
470.1685
543.7404
455.7235
961.5591
79.5073
276.6092
828.8355
672.4917
375.4013
476.7682
971.9354
410.2268
594.9488
956.5418
651.7412
202.1119
795.6511
738.1281
257.9013
12.3847
687.3980
570.8981
211.7438
610.4425
923.4203
582.9282
860.3234
440.3601
359.8643
796.6694
993.3142
62.1309
656.0499
880.7985
290.4697
505.7181
451.7647
301.1224
554.3115
833.0263
650.1705
655.4793
370.3179
389.6308
619.0669
679.1464
409.5677
943.8715
426.6277
449.1398
696.5689
336.2668
857.8272
867.4167
993.2173
424.1663
861.0760
255.3362
964.5157
275.4655
809.8303
575.3271
814.8800
181.4039
378.4455
159.0969
897.3236
322.0279
541.4235
968.7789
685.9827
623.1330
811.1949
751.4079
83.6338
590.0704
739.3094
354.5424
507.0314
995.0422
668.4689
991.4490
37.9669
381.2769
390.1627
871.8566
332.2520
111.3260
642.7770
253.0756
34.8422
414.0032
525.5719
707.2760
217.6691
871.5567
753.3621
234.0640
234.0783
188.1636
149.5665
160.5553
896.9064
703.2247
192.3385
547.7018
958.5312
754.1723
343.2565
772.9549
758.1145
872.0421
867.8589
774.4659
581.5270
278.3076
110.0776
538.3190
586.3194
394.4877
855.1787
812.5807
263.9081
878.2878
794.8758
262.9727
894.7113
885.6425
475.8905
603.4666
336.0939
693.1969
550.9956
758.5886
807.2569
69.5669
735.8894
562.5913
923.3193
481.4652
900.3921
695.0265
500.1219
385.6276
34.7749
63.1671
341.0659
374.1642
256.6488
494.5726
517.8808
684.5096
439.6955
917.6944
865.0843
395.1366
561.7000
882.8199
90.4501
393.2970
113.4105
629.1600
49.9750
49.5478
876.5004
568.2614
452.2276
948.7290
693.0920
133.3159
223.5042
569.3703
126.5380
200.1368
765.7962
530.2481
461.3844
44.2655
915.8092
7.3990
135.0373
929.6872
646.5475
462.4560
323.2914
882.3961
478.8556
542.9450
213.6025
869.5558
101.1490
892.8554
841.4663
305.5664
262.2622
723.7048
328.7242
230.7874
519.6281
438.8461
526.2397
391.0165
61.7918
105.4117
105.2071
931.3584
358.5348
877.9448
594.5702
731.4716
231.6638
88.3238
188.0139
886.9234
479.6006
710.9473
985.6055
685.0053
290.2457
527.6896
77.7972
587.2891
256.6551
312.5497
490.5776
233.3188
632.0104
739.6366
409.8417
338.4587
553.8158
290.6578
466.0130
11.1253
908.6480
836.3509
30.8958
454.1590
729.3340
151.0982
696.7281
459.0410
765.9995
260.6552
834.7218
438.2580
66.2323
799.1417
907.9244
961.9974
269.9158
623.0920
348.6530
601.5549
405.4729
364.8797
243.9290
560.4396
544.3708
185.6030
226.4414
426.3948
596.0054
274.9371
653.6702
556.8016
808.3520
311.5520
875.9120
515.8373
544.6222
463.7603
851.1891
442.4980
115.0212
129.1910
778.4630
113.3635
490.9781
93.4278
27.0558
105.2557
946.6282
153.9292
523.4558
585.1487
234.3111
319.7264
470.3679
49.8790
661.3405
385.4169
479.7089
23.6221
446.0507
504.9810
505.5242
565.7510
897.4334
478.1018
173.6048
431.7804
986.1293
184.6694
275.2097
483.6117
495.7746
967.9018
784.2447
468.1068
168.2731
938.6707
460.7142
288.1240
156.2305
106.5544
44.0968
310.5480
188.3612
506.3983
715.8444
765.5313
936.5497
26.8844
125.1214
314.0613
795.6533
849.4258
949.4652
200.7451
553.7616
678.0213
238.9912
215.3037
321.4792
689.6525
263.0963
889.2320
823.2244
749.9692
220.9975
730.6765
238.3336
326.0370
530.8995
761.5969
904.5944
622.5241
699.4962
725.7230
552.7498
248.7347
733.7268
160.0689
679.6355
768.2410
846.3990
185.9781
329.3980
71.2672
131.8424
94.2558
738.1755
690.6768
977.8350
321.8244
374.1058
791.8437
378.5669
484.0320
993.1898
60.9265
87.0989
189.1371
664.4888
741.4902
167.7446
874.9746
184.5914
37.6227
995.5331
973.5353
479.7566
447.6983
350.4864
504.0349
813.5951
831.7844
558.6463
211.5337
949.9129
489.1658
419.4009
244.0740
685.1707
856.8020
371.7955
349.2981
313.3949
761.0347
190.7455
954.5468
932.0582
957.8400
532.4983
864.4097
93.7340
94.0994
234.2357
620.0511
336.2267
85.7073
428.9876
838.4404
862.7950
97.4945
274.5952
542.4896
325.6521
2.8689
285.2998
532.4291
240.1213
701.5199
79.8684
310.4141
107.1152
57.2311
419.4785
11.4269
934.2351
912.5391
68.9696
60.1362
19.7885
641.3378
572.3842
650.1756
547.6530
269.1854
305.1958
543.9694
494.0981
140.9644
56.2481
130.3594
736.4711
160.5770
271.3035
256.1686
607.6774
77.5774
594.6401
264.7149
667.8702
371.1478
846.2457
265.6041
111.6359
619.7614
922.9372
344.8113
580.8877
958.4516
687.0895
907.4733
793.5494
202.5638
869.1124
220.4252
955.2206
878.3006
332.3320
808.5772
786.3525
39.8073
447.1078
720.0357
790.3470
635.0412
508.8769
972.0461
74.2967
312.3378
845.7974
997.8114
58.4357
249.2531
501.0664
765.3015
793.9976
77.6781
788.0407
661.1558
963.6770
952.6392
775.2895
963.2202
164.1203
594.2505
164.8354
786.3559
153.9468
700.8110
252.7687
408.1552
415.3381
82.4060
856.0076
641.1570
3.0803
408.5554
630.5552
21.9834
22.6508
354.3474
598.6089
232.5061
191.3965
820.1301
16.3586
888.5395
355.4038
811.8537
114.0621
63.7223
131.7332
618.5662
497.9273
781.7649
719.5371
524.5127
400.9107
812.0258
744.5983
389.0478
690.6533
423.9782
626.6445
689.2223
974.0803
348.2370
145.8169
441.2883
615.5849
524.0633
718.6034
703.1447
198.5397
35.0628
560.6083
760.4487
154.3243
478.7119
800.3386
309.3432
722.9309
595.8922
218.4199
992.3772
954.2384
875.8730
588.4268
765.0952
978.3600
41.1916
405.2000
670.8754
4.7513
743.2236
751.3953
209.4201
603.2002
431.4879
769.8769
232.7039
265.8009
983.7221
768.2100
207.7275
112.8979
855.2084
640.9595
79.6266
268.1114
635.0411
439.6756
755.6078
14.9687
405.1303
370.7405
818.2311
736.9356
844.9693
828.6416
940.2220
565.9297
388.6870
758.2035
468.6741
692.6908
152.4624
178.0442
657.5324
824.1071
551.1352
234.3413
944.3005
351.2092
512.1544
808.4915
55.4619
292.1956
66.5940
687.9000
470.7330
101.7811
600.1486
775.4072
141.3784
638.1806
362.8537
361.0043
168.2717
431.8761
170.6716
431.1125
928.4471
192.6951
972.0366
30.9645
323.0012
209.0890
743.5453
835.2734
804.1930
633.1372
51.1862
59.9219
887.3632
176.0217
607.0493
46.7890
764.4483
436.1602
763.7321
337.2940
797.2691
660.8577
449.9182
413.9578
355.6644
632.4359
291.7903
831.0116
113.5944
866.7968
143.0511
885.8046
567.2367
669.0969
521.9414
372.9304
240.4443
816.9163
514.8801
559.6285
429.3261
130.4759
129.2298
612.7698
801.6912
653.8611
316.6345
326.6710
933.7761
839.2440
825.0453
336.0992
91.9073
233.2416
941.7839
901.7373
348.3601
850.7376
307.0877
523.0656
399.9791
4.1236
865.5735
905.5185
429.7569
420.0844
123.8187
597.2849
297.6390
330.9304
146.2132
818.7750
593.4423
897.0674
776.2385
336.7696
662.4289
642.3565
520.9985
760.4381
874.2447
650.0731
724.1058
895.1423
788.4962
567.9053
748.4515
807.9330
60.8480
466.2117
387.2147
166.7616
89.5789
693.0685
402.5056
219.2546
446.9655
827.2529
47.2946
981.8716
39.7338
433.6049
758.6852
930.5657
685.2913
922.6683
15.1703
690.7308
655.2517
897.9545
946.8354
951.2771
272.1121
621.9832
569.0200
154.1714
567.4636
823.5953
879.7212
276.0452
961.2018
607.4957
684.6947
177.9183
950.4800
588.7764
550.9525
287.7565
515.1565
43.0250
981.9079
947.9138
654.7344
932.2520
639.9082
591.9131
710.4487
888.7021
491.9832
565.1071
803.5742
798.3951
156.1511
918.6584
586.4613
353.2698
352.2249
9.5312
734.1481
422.5752
377.2000
558.6316
589.9294
661.4832
911.2282
79.8663
445.3572
696.9345
353.8705
920.1343
396.9466
282.3737
751.3419
674.2964
122.7743
558.9570
936.4580
362.7409
518.6150
798.8197
122.7537
80.3351
255.4846
623.4725
963.4770
292.7707
544.9756
980.6727
29.6182
893.5044
251.4646
167.2735
632.9714
334.1670
70.7719
816.6889
223.1279
581.4862
794.5875
197.6157
297.0492
149.4801
66.8283
789.7989
840.4508
664.0539
578.8218
253.8315
963.6999
759.0976
187.1399
551.7631
431.8944
864.9658
683.3469
244.3181
643.4422
895.8892
243.5187
140.2841
915.6004
574.4727
141.1933
523.3818
373.1108
983.4088
0.8412
845.3865
576.2636
687.8538
197.9967
5.0052
260.9790
410.3529
464.4201
282.5187
105.2565
139.1408
952.7969
54.5587
68.7259
406.0387
613.2319
174.5410
532.1130
999.6491
385.9726
461.2990
32.5378
378.9412
502.7884
501.1237
483.6876
736.0156
685.4930
919.0850
316.8744
129.4036
230.5802
212.5347
725.7513
885.0343
287.7752
478.0067
438.2928
558.7932
396.0355
671.1969
212.5869
367.8532
873.9636
688.2935
553.1689
797.4641
308.8101
514.8485
704.3498
40.9880
541.9084
113.1441
959.6019
859.0821
373.4755
39.5390
314.3207
213.6749
502.9140
467.7277
523.8400
904.1057
246.0349
504.3661
163.4681
671.4972
87.8924
284.4830
2.8402
804.7004
168.6897
984.6530
460.6388
202.5730
78.0632
640.7458
453.8310
535.8554
908.0526
90.1791
125.1894
710.7393
95.0176
580.1300
726.0041
197.5335
578.4377
636.9684
308.2322
453.3116
545.1202
317.0673
259.5836
447.9808
509.4430
481.9090
454.4808
689.0006
533.6630
598.8863
425.4690
196.3281
649.7552
914.8814
207.9499
229.4071
461.8717
560.6586
273.4574
474.1068
610.7009
605.7150
983.7079
342.4768
339.4436
693.6599
75.5754
288.0642
429.7050
989.4634
494.1527
751.9854
291.3046
698.4642
395.2276
761.8207
747.9733
65.9323
772.0656
803.0067
387.2072
245.9461
215.3808
162.1336
182.2627
660.9913
926.8842
934.3282
864.2511
496.4359
287.7440
373.9181
439.9828
12.0839
970.1935
940.2042
673.9507
339.6937
700.4466
978.5148
537.1562
47.1625
25.4727
807.2171
836.5789
979.5281
431.1017
916.4059
832.7567
6.5136
131.5893
336.2300
708.1215
643.0361
429.8578
686.3246
54.5458
243.8029
273.0867
205.0881
646.5295
687.6391
119.8174
451.9064
216.4009
704.7694
63.5589
717.8328
200.5192
105.2246
996.8587
486.3833
265.8615
784.9474
176.6124
710.3117
15.8592
639.1148
18.8582
862.8840
189.3072
788.4700
789.3804
690.4129
252.2555
705.2834
443.7804
531.0142
595.8904
464.6590
782.2475
482.8503
974.4038
44.7495
330.6065
155.4329
598.4001
763.0298
853.4721
793.7967
789.7740
989.7424
151.7442
648.1495
556.8531
561.3687
650.7958
882.5505
578.2482
644.3552
283.0746
814.4242
778.1349
286.9282
402.9504
427.1892
564.7840
461.9251
579.9104
327.7965
85.9381
107.4121
436.4986
523.5285
380.4711
678.6240
218.0814
791.3251
59.2535
659.3057
412.1845
648.8269
664.0053
396.7850
414.2759
308.3241
904.1028
363.3933
728.2321
932.9564
14.3841
270.1839
281.2374
242.1559
670.7971
692.6011
419.9156
12.7925
604.9446
215.0411
499.0959
656.2701
298.2281
581.1308
229.0968
174.3939
5.6039
309.0283
481.1029
274.4144
277.5953
812.0285
972.0562
50.0935
83.1066
625.5225
379.8156
433.9342
665.0782
301.7145
61.4315
518.4547
271.0368
902.5002
805.9332
648.2434
311.6701
714.0781
269.0383
865.2387
554.0036
726.5567
107.0800
93.3667
673.2833
210.0145
839.5214
95.2682
572.3483
468.6579
682.2703
844.8282
216.3707
171.7919
38.9931
319.3866
985.1189
94.7237
478.5128
163.8495
695.1284
106.2076
547.7654
686.5213
965.8611
399.9119
337.6978
68.3997
200.0635
111.0612
894.8884
307.3260
884.3524
810.5879
987.8249
484.9757
58.7332
103.6664
868.5715
717.5847
274.2988
483.8835
942.9462
939.7591
305.4497
350.3891
411.3277
833.8384
16.5402
422.4041
722.6239
73.9674
685.5258
925.3191
632.5710
778.9497
613.3526
685.8536
469.6913
931.3074
758.0033
90.6835
228.9525
161.3175
770.6895
75.0802
126.9639
656.2547
733.3278
238.1518
498.9424
213.2203
782.0526
641.8437
736.3564
517.2572
93.3650
94.2220
131.8926
14.3892
856.7652
844.7063
937.9121
823.3300
819.2161
731.9268
539.8983
550.6212
677.8098
67.2509
429.6295
82.5181
3.7538
957.1077
333.3757
26.8479
751.4964
430.1632
540.2161
516.1672
538.7887
817.7416
658.2892
367.7728
521.7650
857.3756
168.8903
596.8420
502.8137
518.4215
58.1720
84.8501
781.1067
839.6656
738.8254
859.7318
301.4384
540.0835
231.5833
723.4287
275.7841
122.1175
797.4113
348.6174
757.9929
807.7833
496.7199
576.2411
179.6895
102.3674
663.6760
94.3297
277.2388
391.4409
290.0706
370.1835
284.9164
496.8657
692.6711
484.3039
423.3800
859.3746
661.3935
87.6059
633.2123
15.0754
332.4582
773.2842
806.8528
734.6037
273.5409
47.7050
336.9708
809.2398
72.8232
904.6114
220.5604
122.6088
677.8803
477.1587
661.3281
69.3538
292.7275
505.4977
85.1861
57.6435
783.6676
32.0904
981.5344
708.3593
658.2141
214.9324
533.0450
566.6866
411.9660
646.6946
976.7997
532.8649
716.9418
305.7140
383.8634
997.5990
480.2042
111.3608
53.3585
38.9270
773.1576
905.5168
438.3895
498.6156
420.2326
287.7045
13.0076
40.3647
434.0604
437.5852
84.9523
231.7544
369.9717
366.1784
484.6306
680.1378
948.0869
916.9403
46.1361
959.5456
919.6486
124.7497
154.7858
355.9943
544.1372
703.4278
101.3823
679.3699
830.3431
849.1622
471.7636
561.0054
790.9409
986.9240
390.0687
91.8848
571.8149
569.9177
633.0993
905.4329
317.8752
7.9163
821.5148
890.9629
335.4354
454.7271
315.1823
299.3767
62.7572
950.5676
830.4730
439.0590
369.0692
648.4305
663.3719
378.0273
101.8527
181.6161
701.2069
717.6154
73.2018
440.5777
937.8375
7.1715
926.5736
78.1242
313.7441
451.8197
825.2677
904.7340
215.7169
975.5250
643.1133
649.5321
210.8180
230.0181
57.1772
276.5874
702.7278
928.3319
593.2489
643.3475
679.7872
81.9681
133.6096
944.6974
742.8277
724.2225
929.9325
62.4040
59.2158
982.8493
810.0981
383.3680
923.5735
111.1088
725.3938
918.4920
361.1218
9.4720
411.7759
100.8796
507.2605
132.1525
611.9490
789.5325
784.1149
92.4551
128.9141
42.4709
619.1659
293.9785
849.1872
323.4324
97.0580
426.5336
218.4884
94.6134
111.0514
208.1830
731.1307
536.8810
334.5156
679.4348
238.5022
889.9578
220.0764
155.7610
880.4825
901.3820
944.6703
629.3329
315.4249
885.8203
373.1423
914.4567
818.9662
639.6038
457.3416
181.6269
365.0866
878.0990
255.2786
879.3780
0.0864
541.1866
329.1856
746.3765
472.5547
238.2648
430.3008
158.7890
185.8261
151.0994
424.3796
22.7816
452.8869
570.4671
310.6687
636.6637
978.1318
360.0942
734.2470
713.8003
563.4546
119.1825
555.0356
930.7054
312.8926
887.0947
187.4575
728.8874
157.0787
939.0747
131.9234
397.9181
605.8095
591.6120
411.3110
890.6712
337.2151
395.9773
714.1852
438.2638
91.5078
241.0619
492.0426
252.4869
635.6402
827.1360
412.9227
600.8484
34.0195
119.9824
443.2332
915.6909
448.1921
385.8652
291.7118
529.9037
533.9285
304.3398
43.7198
239.2411
752.3353
382.3623
334.0865
176.6480
71.7164
859.7542
396.3690
758.5134
610.5648
0.6870
887.5262
956.1650
356.8436
18.1603
85.6277
860.0127
314.5511
669.2790
661.9123
252.0585
914.7436
672.6353
85.4522
959.3275
296.4915
184.6666
526.2667
769.4498
304.9543
441.3336
928.7368
581.5909
939.8140
782.4664
505.4999
260.8703
325.0790
850.0602
846.8827
455.6809
569.7110
364.9489
198.8420
404.3750
36.8835
194.0962
621.3401
424.2843
408.5340
32.2867
778.0831
655.6894
296.1863
879.7768
793.8617
781.0497
591.2727
707.8951
520.4011
100.4519
217.9147
920.2783
673.9417
877.2288
217.3281
47.1891
688.2019
269.2821
279.8158
159.8637
221.2307
83.8901
658.8533
254.5791
475.1396
334.9425
934.9579
106.5962
875.4307
43.5071
547.0659
497.8841
503.9771
522.3673
587.0480
582.5379
323.2203
636.9936
285.1257
342.8459
53.1502
336.8548
525.5711
274.8069
420.1740
33.4684
684.0796
218.6996
742.9516
683.5584
241.8946
175.1960
777.1418
800.6748
159.7334
810.4672
567.4459
370.5770
5.5731
694.7187
114.5849
979.3671
755.7866
809.0100
805.7480
535.3857
85.7425
252.5353
867.6856
857.3187
563.9793
741.4438
675.1785
269.5338
980.1544
865.4330
446.7047
33.0631
420.6065
730.2783
948.0594
34.9677
419.7347
702.3771
77.4062
849.8490
968.6420
321.0321
815.1927
10.5474
770.2106
814.3689
332.9937
487.4507
335.2912
750.7342
979.7267
776.7828
821.9542
450.7872
795.1381
423.2665
441.4224
614.9293
252.6009
327.2591
709.8940
670.4675
416.4015
147.8352
841.8534
478.0283
118.8901
575.8909
347.5595
635.1426
968.2035
207.3071
705.7988
984.2044
970.7373
411.5267
35.1026
977.2347
310.6559
946.6120
9.3010
843.3529
258.8849
451.3394
988.0892
415.5608
670.3099
695.9111
234.3228
277.3039
698.3105
925.1670
191.1949
353.6215
134.7277
210.6131
55.4329
593.4860
270.5347
4.1408
566.4034
983.1241
777.3597
405.5524
219.7996
742.2170
559.3134
979.7511
237.7361
877.8669
585.3234
657.2936
441.8621
288.3457
371.0542
851.5040
82.4515
934.8520
211.0607
835.2213
528.5329
1.2699
512.2131
902.4299
128.2709
629.4680
82.1934
786.3311
903.5651
463.5867
821.1455
512.9611
913.3191
947.9444
580.4880
72.6661
184.0436
753.7042
290.5408
676.7963
174.2967
655.7637
233.5839
944.5728
399.5495
612.0926
263.7986
357.0207
132.8366
466.5862
288.7501
468.6257
868.5162
651.7324
341.2846
205.1949
690.6013
447.4093
257.7525
380.9759
480.2407
551.1712
161.8422
182.7866
493.8341
843.1383
128.6525
887.8150
721.4431
871.3755
446.0355
211.6427
915.3170
34.6195
566.6391
548.6823
355.2924
25.0444
727.0919
299.9661
189.1197
69.5825
14.4682
655.0334
588.2357
216.4890
54.5160
381.4835
610.5716
1.5424
218.5481
640.9643
180.5978
720.3484
236.6477
234.9001
817.2827
186.3993
544.7542
204.5347
166.4969
991.9214
304.4403
414.9221
33.3827
729.3628
551.7238
733.0377
859.7597
830.8926
590.3631
78.1297
975.4996
543.3770
694.6289
139.6260
41.9329
851.6099
592.7034
557.6568
831.2728
228.3695
756.5502
891.1472
334.2557
348.7242
91.4674
414.5687
536.2267
645.2528
833.8115
314.3082
944.5709
502.7589
284.4115
865.9065
132.8630
779.0335
256.8899
599.1810
776.2261
32.9813
626.1466
386.3376
785.6369
804.3944
605.1263
591.7252
801.7310
22.7466
490.6701
67.8506
104.5944
88.4106
391.2754
146.2375
364.5640
867.3929
15.3244
507.1751
354.9099
306.6564
403.9580
417.1702
919.8665
279.9829
788.7474
581.6239
746.3948
548.9643
235.2785
146.1130
11.5680
142.3622
414.4612
480.8314
396.2120
672.6364
980.5795
25.2751
467.9851
812.4732
266.7700
221.1830
260.6206
394.2275
429.2012
222.2182
32.3776
324.8629
865.8327
316.4236
321.3232
744.0157
324.2681
330.8417
109.6307
3.6002
363.3974
625.6022
853.3326
931.2839
362.5522
37.0821
377.8821
342.9082
758.4988
227.7710
682.3053
587.5103
514.2148
111.0527
721.0036
450.5383
573.4612
190.2842
433.1162
846.3445
29.6269
782.0608
505.6352
47.3925
121.5399
989.0260
48.9075
945.1627
104.2413
27.0372
907.7167
221.5373
76.0704
74.4236
79.7107
788.3054
74.6897
834.5475
3.9055
661.4058
125.7280
676.5782
532.7458
801.7303
798.5198
213.6084
300.5469
104.1986
861.3718
238.1357
703.6651
211.0562
213.1479
636.4973
297.6459
616.8810
753.7298
322.1768
142.3548
96.5019
599.1680
817.3801
786.5899
365.6502
29.8263
3.6456
933.6694
622.2215
753.4689
804.6624
600.2542
198.1937
427.1292
840.5102
602.6468
695.4581
156.5353
780.4182
623.5154
949.7109
488.5375
853.2765
139.8710
334.0603
868.7117
634.9934
78.1037
237.7863
22.2140
119.7087
996.9052
513.9609
21.6311
51.4870
733.1545
631.3286
814.7332
569.6409
30.5786
573.1867
783.8180
97.0041
973.9829
988.4021
301.8046
541.7752
955.3928
344.1259
4.2874
929.7007
17.7578
251.9578
213.0789
699.7772
810.9400
729.8474
269.8078
794.0602
816.2268
464.0673
269.0420
269.3209
793.9073
340.9255
934.5776
224.4350
501.9641
991.4953
728.9194
310.4969
83.7829
302.9700
880.0918
471.5903
948.8235
85.1105
701.6007
443.4711
39.1793
307.4960
939.2467
864.8253
523.5136
449.0574
134.4530
223.3200
600.7972
939.9159
591.8620
484.9688
53.2606
744.3040
961.4220
624.4873
585.1439
500.3836
751.0133
929.4107
896.7291
51.2699
316.5622
203.8484
730.7790
247.5127
63.1582
718.4927
300.9416
782.5853
612.6070
15.3862
518.1429
596.5513
153.2807
794.0121
397.5464
13.7590
80.7908
230.1754
913.0406
274.8880
556.1691
361.5860
758.7991
286.4858
220.7914
287.3111
591.7700
612.8245
831.2658
765.3735
572.5650
213.8976
455.5824
673.6335
136.6275
749.4524
585.7554
381.3329
772.1696
169.4456
581.3091
944.7699
330.4936
970.8200
594.2444
775.0281
904.5769
954.2336
462.4477
990.0466
749.1101
918.6374
164.0100
957.6029
555.6204
760.8800
27.7228
235.0774
962.5785
536.5848
646.9409
774.3411
419.6279
684.5505
601.6401
765.3408
40.9619
448.5328
318.8272
783.6730
818.5940
940.6390
440.7922
6.7209
696.8202
202.9468
94.9226
858.4237
885.8503
462.3767
388.7616
959.5853
760.0522
61.9284
222.7254
364.8901
75.4336
137.9394
967.4954
577.3228
79.6515
651.4019
861.8243
359.3903
535.1327
225.2166
616.5567
485.9043
91.1744
214.0998
370.9220
485.9506
135.6962
449.9860
506.9498
160.3916
265.2700
537.4197
796.0097
712.3831
970.6533
99.9177
334.2747
763.7636
790.3964
467.6458
427.3889
924.0612
550.2633
268.4790
635.7637
640.6567
777.5413
558.1834
983.4163
81.8504
908.6918
104.9940
137.6447
770.5063
28.7302
40.0949
957.8068
227.0273
321.6347
37.7492
421.8261
254.7103
764.7789
118.8883
658.5430
133.4701
563.6190
395.9698
939.4702
721.3897
459.6382
427.9520
312.6241
940.5142
562.8983
598.2057
189.6542
102.7356
350.8503
421.7441
7.4071
178.6640
361.4640
23.6132
990.7943
185.8077
822.6095
635.4741
376.9039
823.3402
234.7543
137.8696
329.3793
297.4773
447.5007
745.6522
700.1997
606.2423
791.8198
714.6316
488.5020
772.6118
533.4076
771.9750
170.5591
650.5254
269.1676
77.9650
451.0150
995.6304
270.0965
871.3257
269.3628
321.9158
728.5929
949.9003
632.0250
720.4572
765.2800
245.7472
835.1478
546.1901
876.6887
346.8227
153.9504
796.0150
728.6228
778.7887
686.3802
3.9416
266.3049
613.8633
643.9318
244.9683
74.1379
226.5223
810.4303
2.6899
110.5379
560.7690
62.0945
491.8486
458.1220
94.7364
207.4630
796.9774
389.0011
276.9450
575.9394
682.5361
700.3833
681.8317
779.6888
627.5086
362.5294
870.4061
222.4943
562.1463
598.2918
204.9092
604.7853
695.6727
401.8305
388.2963
202.6627
792.2574
834.2828
925.6908
533.4806
471.0581
320.5944
261.6028
13.4318
3.4035
630.7620
331.2775
570.3242
349.0509
613.4200
561.7220
127.2365
566.5869
994.5942
371.2386
121.6118
285.8198
183.4796
268.8680
50.4040
805.5246
513.7692
563.3240
567.9695
640.8078
138.8659
481.1634
616.3572
499.4920
264.5630
404.4538
53.4484
42.8148
19.4455
820.9950
120.5219
609.6271
270.9073
522.6135
805.3116
347.1300
368.0458
583.7702
318.5338
465.0519
178.2795
879.3514
256.4895
605.1082
744.5909
432.7405
782.9794
449.5532
968.2197
579.9108
87.2764
900.1811
446.7721
459.3649
177.5077
82.9478
297.2799
957.9019
17.8477
572.4597
122.3884
860.5759
114.4273
319.1069
683.1796
152.5690
707.7650
461.1520
772.2887
615.9339
673.1232
799.5411
83.7266
195.0349
161.3900
709.2182
679.0833
956.8678
441.8955
141.7278
472.8355
440.3765
185.3732
78.5516
192.0576
772.1558
519.1985
689.8373
146.1882
20.3831
592.3615
286.8898
33.8919
638.7105
297.4374
662.8050
374.7004
167.9279
174.4878
859.2613
98.0036
846.2924
32.1354
199.6633
705.5016
692.0811
545.7108
416.7510
539.0311
617.0529
10.1885
644.4556
232.3648
307.4160
527.5345
882.6018
312.6880
549.7202
336.8086
604.9523
818.5210
244.9038
75.6956
443.5235
988.9519
417.9063
202.2461
107.3903
459.8175
668.0231
926.2388
511.8285
720.9716
137.7060
2.4737
548.0814
615.4545
788.2672
684.2725
422.9060
503.6014
262.6053
772.8767
776.0986
11.1983
641.0026
148.6873
88.7718
150.8385
486.5867
844.7031
477.0933
812.9685
654.5432
810.4712
970.7614
270.5934
933.9285
335.3839
907.5858
843.1337
770.3461
112.4460
304.6274
243.8497
849.9140
55.0685
569.2056
719.5922
141.5403
886.3614
185.0564
190.8761
340.0650
933.8464
260.4349
54.4396
333.8650
776.4948
590.9774
426.8636
149.0885
498.9244
276.3504
732.1742
830.1605
55.2141
930.6645
175.8481
909.2076
869.5849
851.3457
257.9469
690.5612
336.3992
134.6939
518.7990
468.0187
134.8155
434.7497
746.7825
672.3610
704.4850
666.4349
642.5477
693.6365
491.6439
319.1291
943.7647
848.8852
861.0346
730.1452
713.8633
436.9416
99.8565
789.2400
68.1771
40.8626
210.0223
285.4959
12.7572
98.5142
499.7033
936.3548
18.9011
791.0157
548.8909
528.4140
988.3346
100.0437
55.8961
830.5810
187.9674
961.7166
323.8785
182.8628
115.4646
804.7534
651.9618
510.7945
698.4473
333.8874
783.5268
90.1756
296.2603
564.0899
465.3398
386.2956
950.4737
706.4360
298.6222
14.4582
513.4637
561.8372
566.7576
889.5084
789.0082
321.0281
182.7949
443.2076
151.0795
75.1838
759.7115
236.4041
742.9926
237.3708
677.2514
717.1510
567.7274
720.6790
947.6933
676.3389
411.2823
650.9721
819.8225
938.9205
925.9531
951.1134
751.3273
808.5592
494.2017
399.6273
339.1394
262.3906
171.2279
249.9448
381.8379
930.6026
720.4873
211.6423
550.4571
447.0374
782.2599
582.7166
537.8570
416.3773
89.1278
19.7223
862.2254
851.4573
674.9810
807.5868
978.8870
788.1008
745.2230
105.9453
506.8694
66.4282
904.4056
695.8607
469.2467
749.4769
664.4344
762.3123
529.6477
288.7191
109.1864
345.6184
480.9250
362.5697
690.0968
553.7125
277.0704
312.9766
420.3314
935.9250
466.7523
961.1750
165.9082
959.5829
292.6562
398.8795
958.4494
513.1966
149.4964
551.5559
759.8235
281.7259
162.9194
238.7452
332.3515
187.0597
467.1012
9.4785
861.2812
44.6988
707.7664
671.0283
958.1083
797.0688
931.2320
198.6152
419.6886
85.4249
236.6903
89.3552
65.0787
940.8876
319.6296
205.6711
209.4333
599.3878
519.2513
480.5685
493.6358
384.9026
793.1082
742.5032
693.3121
511.2103
770.3975
995.9374
553.8822
718.0512
335.6726
853.3511
240.2691
533.0036
486.1658
218.7904
996.7694
934.9730
895.4858
354.7569
359.1834
304.0302
86.5741
461.5413
340.1663
638.9206
565.4199
139.2821
191.1105
426.1583
700.1733
390.8445
985.4547
75.5934
381.9887
507.6050
185.0055
902.9497
636.3765
903.2033
671.8250
334.8151
164.2860
254.0729
945.2977
644.6453
406.5925
315.8206
672.4718
200.1249
561.3633
406.7677
868.9254
711.4374
876.6291
887.1753
930.2464
222.9261
692.3847
903.0363
394.0577
523.7706
720.6981
968.0587
603.7644
833.8318
460.2788
508.4105
693.7947
907.9289
341.6703
104.9614
289.5983
268.8521
515.5833
187.1698
332.8236
272.5313
572.5490
589.2240
620.1770
727.6198
247.0514
582.4489
913.6127
947.0681
957.1729
447.4788
745.5941
710.9394
33.2926
742.3450
260.3507
125.6273
475.0913
730.6161
208.0319
180.3527
175.6023
651.7209
298.6830
359.7893
412.0490
607.2877
118.1148
943.9928
194.3566
727.9441
311.7312
461.1807
269.4450
837.5057
591.5281
543.2650
430.1726
667.5105
639.2154
666.6806
872.0584
951.4362
61.8400
664.6131
450.4441
364.6146
521.7275
700.3815
606.2902
83.5065
759.1014
708.0587
539.3551
598.2474
770.1907
248.8007
401.8007
713.4923
478.9086
699.8989
458.2572
450.0089
412.1651
837.0265
807.7505
327.3989
947.4403
397.0548
67.6148
748.3180
677.5108
399.8102
120.6819
698.4258
543.1230
583.7339
769.2730
88.8883
981.4857
616.6410
44.5100
398.8201
808.8606
181.1975
588.9198
981.5156
162.7260
632.4280
232.8369
745.7889
494.4613
285.8232
862.9966
978.3511
620.1809
811.8490
544.8564
408.3793
931.2695
475.2896
503.7477
429.2826
840.7673
53.9469
633.8659
867.4851
851.5289
177.4376
581.3353
831.1373
709.1496
605.7672
695.1133
237.7382
23.1925
893.7535
5.3755
658.3820
968.4688
905.5157
926.6031
829.9766
843.7330
980.6556
708.7467
1.7394
846.6306
60.2869
14.7497
476.6229
572.8303
771.6176
12.5619
734.0822
244.7727
246.4214
396.9253
24.4839
81.3166
310.1100
490.7170
500.6177
7.9140
347.2847
752.1285
805.8739
471.5269
681.0830
250.4909
382.3071
331.5434
878.9481
83.9955
576.8827
503.8044
7.6347
134.6372
123.8221
384.9660
851.0271
467.0540
293.6928
959.4895
756.1752
593.1804
780.0482
108.5000
872.3116
486.4805
610.9663
489.8449
445.0685
313.5163
113.7789
564.1230
786.3739
143.5149
55.0091
935.4407
554.7771
952.7568
183.8762
376.4189
758.8008
391.5558
278.8677
907.9841
170.9344
954.8490
100.2919
926.9950
762.1411
619.3865
475.8800
686.3101
437.3266
419.9371
741.3069
725.7222
722.0167
901.9616
552.8456
74.0066
36.3850
283.0543
911.2816
264.5867
714.4116
744.5267
212.4616
608.0581
832.7337
287.1549
100.4888
583.7997
812.1613
877.0410
644.4102
219.3422
911.6644
547.9816
244.4784
946.4959
361.9224
66.8877
124.4432
73.6205
157.8661
612.1731
710.5938
503.7892
213.4421
430.6244
56.0543
433.4263
504.2208
333.1295
410.1389
332.9552
366.3477
512.0884
972.9325
958.0081
617.6331
918.1911
536.1487
327.2078
242.3410
841.5289
28.4972
344.5902
313.2727
88.0147
456.6545
26.3153
122.1381
35.6777
494.6115
543.5504
318.4360
232.1766
641.4836
333.9803
962.6743
748.5631
352.1889
288.6728
722.9879
96.6364
771.2653
203.8860
159.2922
528.3543
60.4442
742.3252
395.1037
650.1803
384.1721
514.6347
418.1794
700.5317
301.1267
497.8991
595.3309
63.4130
565.8266
156.8284
284.2241
305.1123
201.4552
139.8144
342.7386
275.0235
383.7856
753.5206
937.5532
216.1169
720.4598
304.3594
808.2716
227.3857
979.2275
503.6704
812.3391
315.8270
816.0152
497.0817
247.9943
955.0248
37.8375
162.8551
614.0106
148.8140
653.9674
404.2935
554.4751
184.3171
41.3987
187.8020
195.4982
185.1026
274.7504
939.0070
836.5816
804.4310
603.6761
604.8593
263.7085
515.9067
786.9276
144.2279
426.5770
800.3455
700.7098
180.0665
296.4183
77.5830
615.2344
291.5202
302.7830
999.6640
501.2201
52.6618
601.9997
44.0830
353.5737
716.9154
302.6896
932.7676
861.5861
321.8764
889.2712
369.9347
114.3172
801.0018
801.9248
709.9072
816.6501
690.5081
657.7667
436.1111
134.3956
878.2222
297.3491
433.0670
641.1735
757.7500
545.8168
962.3253
514.0048
793.4134
979.2626
686.5461
229.8822
869.7603
962.9064
790.3214
827.2127
207.4665
370.7726
444.3093
375.1168
422.7103
195.3853
9.7065
668.0082
131.2906
229.3258
550.4761
344.3159
107.6316
292.5899
991.1239
992.4884
542.8482
906.1141
890.8905
329.5350
509.1829
867.8044
369.7633
69.0346
104.6734
905.4132
786.2986
347.1233
537.1671
102.8518
253.4340
463.0691
353.8002
866.4011
775.3958
907.4252
47.6764
123.0911
778.0170
3.1987
919.5815
3.3762
564.5441
151.7898
613.2233
291.5332
37.7593
889.5572
687.2994
586.2968
553.6251
742.5956
779.6190
148.0561
729.6038
908.8900
512.2497
928.1132
944.7852
134.5491
7.8211
481.9187
340.5980
507.4716
474.3261
575.8109
62.4294
828.2139
443.4801
201.7207
874.5966
364.5373
37.0510
101.9380
498.5693
334.0868
919.7288
162.0718
863.3919
674.1271
360.4048
653.3423
786.4698
934.1653
128.1636
902.9921
810.4080
270.6594
683.1020
214.0213
845.8288
78.4990
148.7127
397.2708
48.5989
782.4826
722.4057
929.9477
748.5854
191.4194
61.6154
25.4708
26.9173
830.1777
61.1517
411.3912
46.3163
220.1364
367.4793
670.6365
486.9486
367.0074
94.0941
936.5150
268.6445
620.0453
967.9007
9.4467
238.9539
467.0707
972.8537
903.6219
32.4823
688.2297
613.1195
743.3841
961.8412
130.4750
900.0670
493.4301
35.3358
618.6569
486.2424
807.2743
943.0039
43.3544
745.1882
315.2979
699.5098
952.6817
21.9296
884.6325
125.5267
80.6332
221.9059
529.5244
545.3205
96.2299
123.2541
718.8002
105.3533
985.2585
90.0447
288.4957
419.5473
977.5227
534.9751
720.5809
763.1741
944.5047
75.3041
876.3403
86.8216
990.6866
120.5664
975.2143
185.1635
745.8574
468.8994
293.0171
422.6251
110.9103
442.4436
756.2538
181.0658
378.6000
366.7663
863.5228
720.5098
514.5477
964.9299
463.5674
889.1237
266.4348
103.3566
469.1514
412.9682
135.6593
218.7583
659.7799
666.6232
420.2339
899.2604
368.7683
937.4370
103.6501
318.8362
12.2723
938.2628
263.1347
5.0222
325.0822
654.7625
780.3156
185.4844
48.7920
816.7109
753.8722
668.1249
899.9122
232.3057
300.1864
789.6755
728.6656
566.6204
923.7588
353.7425
689.4015
995.3879
339.9078
843.0827
400.0156
429.8117
856.7343
90.6183
1.4450
906.0964
712.4602
385.9868
421.1909
902.1758
70.8341
829.6768
306.4643
329.0478
650.9216
981.1812
615.3675
813.9615
790.7490
550.8670
316.1153
238.4699
858.7821
268.4879
933.5949
85.8752
378.2772
624.8657
948.8495
230.3955
780.8946
72.1373
542.8088
310.7359
699.3877
585.8694
438.6403
135.2453
542.8483
884.7724
930.3893
908.1454
425.4605
858.2787
569.2109
99.0969
881.1478
582.8655
495.7621
273.8757
469.5722
592.7839
9.9297
941.4786
652.5033
456.2011
429.1302
423.7476
158.2564
979.3650
291.2842
150.5792
300.8656
352.1359
751.9034
948.4356
894.7685
26.2657
155.8213
554.0493
72.0717
497.2526
205.2596
258.0082
128.6580
278.7160
528.0765
501.5005
740.1559
762.4883
280.2768
80.3326
445.7675
985.0588
424.6535
319.1916
86.0916
898.9660
631.0598
709.3032
465.1187
936.2166
689.5467
747.6142
74.4776
760.5634
539.2330
529.8634
657.7528
277.1628
257.8387
688.0357
553.0618
953.1422
704.4990
310.6935
852.2206
30.6918
90.5550
983.1008
425.6268
166.6265
344.7603
756.8189
468.7469
547.9731
473.6580
502.3312
610.2787
12.4293
882.3579
857.6613
523.8554
623.7303
320.2427
625.1225
763.4974
410.1964
405.2104
108.2345
503.4732
592.0232
570.2315
152.0284
871.2447
504.4238
434.3592
530.3051
58.8654
169.8675
406.5172
882.2762
711.1638
763.4241
361.6489
450.2620
762.4618
121.0359
235.3532
21.2143
731.6438
798.7599
767.6727
529.0391
470.7234
183.6564
2.0161
570.0999
895.8251
130.3295
100.0112
970.9934
55.0657
32.0599
246.4478
718.3321
170.3610
502.7723
538.7814
875.0928
463.7234
602.9457
542.6157
907.2443
409.3977
908.1681
947.8025
968.0409
375.7316
675.3999
950.9551
65.0864
699.4326
166.5163
395.9709
856.5201
478.6119
571.4238
448.2049
738.7921
453.3178
305.5212
529.6370
498.5816
671.8282
52.9931
860.5291
621.4356
433.7851
824.6962
729.2155
533.2068
774.6202
894.0850
576.6988
968.3704
327.9580
716.2023
354.2857
581.0686
577.0749
15.9322
147.9638
914.5618
62.5304
206.6569
776.4446
169.4848
291.9885
361.7638
669.9623
970.3712
9.5090
985.7002
525.7613
715.9200
668.5687
342.3809
418.4634
248.0680
403.8002
755.5234
368.9246
263.4519
699.6851
418.9210
845.7878
372.8079
936.7722
418.3166
931.1255
942.8416
131.0106
215.5219
835.6955
85.1816
258.3513
624.9335
3.6926
666.8105
360.4888
499.9277
35.8001
10.4373
7.0348
940.7397
218.5735
248.9847
683.8722
373.0288
713.3011
237.3246
227.1504
329.7824
849.8200
602.2239
49.8897
634.6618
30.7463
478.7549
411.3867
731.9202
6.9690
445.1850
276.3261
595.4447
595.8919
642.4576
763.3711
848.0407
53.5701
356.5770
291.2675
692.5899
581.5078
854.3144
585.5639
881.3450
629.3567
115.9377
324.6884
151.4390
241.9488
808.3936
369.5062
627.8119
458.0316
145.8780
305.9306
185.2736
454.5023
516.5996
728.2529
805.1212
710.7700
908.1951
266.6904
748.8768
104.1376
906.1384
88.0705
92.4900
361.0250
748.1882
886.0450
561.4701
832.3306
147.6578
829.0763
75.4904
869.0447
534.0170
392.0322
765.9955
981.0043
854.7557
106.0496
979.9320
395.6947
822.5091
887.5877
620.8982
587.1367
881.7382
586.4888
100.5730
487.2923
986.9508
15.7885
898.7848
515.3152
430.7985
243.1247
735.8034
206.7608
215.4892
782.3721
416.4292
330.4454
244.6853
220.4536
98.1939
146.1511
413.7673
628.5752
467.4277
225.5418
519.9720
590.8184
808.7615
196.4609
328.4566
275.9681
530.3583
644.3430
87.9501
544.8539
856.8077
38.6303
828.6854
711.7423
883.5052
946.1256
704.5530
325.8079
858.6456
558.9470
664.6416
430.5862
605.3824
894.9592
180.3303
858.6982
369.7088
798.6019
741.1832
281.9985
785.0628
292.5301
645.4316
865.1712
424.6111
42.6686
909.4930
269.5291
930.0679
959.3245
331.1757
916.4700
477.4508
702.4806
467.1403
926.3193
580.5672
586.5520
193.6161
257.9236
582.7477
444.9549
459.4347
671.3326
23.1516
20.4675
294.5869
212.0647
455.3314
79.2398
46.9950
602.9411
682.0378
401.0438
329.1143
721.1335
457.8792
751.6866
275.2165
857.9391
239.2572
668.6492
545.8876
109.6807
147.5825
650.5212
574.7499
137.4589
454.6846
889.4001
613.6815
870.6075
283.9853
246.2367
837.5129
279.2441
981.2180
305.2171
330.4696
163.3461
542.1223
501.9119
573.5828
252.3275
746.6872
459.6595
754.5009
290.4781
855.4271
938.1569
179.1753
890.2376
42.1021
686.9036
438.4965
188.9704
858.1635
54.6498
74.2230
916.9956
52.2322
353.7288
648.0133
403.2532
367.5485
129.9914
532.5911
534.1375
767.9010
248.2472
129.1781
798.4181
501.0591
989.2217
50.0205
840.2216
295.3871
785.4209
309.1890
831.3815
876.5328
414.7473
369.6324
693.7603
854.9006
519.8980
954.4411
101.0340
501.6094
948.6109
200.2314
252.7283
194.2059
154.8564
691.4111
445.1622
911.2828
191.8029
319.8942
534.5284
738.4503
915.0901
455.5429
966.8397
98.1059
892.4503
21.7126
125.7745
804.1963
395.3587
15.8733
330.0765
537.8523
42.4935
410.7683
231.2246
789.1177
525.2507
874.6357
584.7496
966.8266
782.6974
948.3363
52.7791
529.0339
577.3138
788.0666
889.0261
462.3257
540.8369
820.0440
610.9613
974.2521
861.7181
661.1050
713.0519
308.4281
247.7430
971.8447
531.7042
579.2023
895.1226
620.3179
54.3448
91.8117
876.5085
372.4969
778.8706
256.9393
159.7987
859.7416
762.7179
544.0025
259.2621
124.6231
693.0902
807.6764
367.7764
752.8860
531.3122
405.7256
672.3557
845.7789
732.1764
282.4876
920.9550
705.5510
261.1609
788.1432
14.8835
865.9702
324.6569
142.6213
668.8631
62.4646
537.1109
582.2775
702.8178
424.9172
138.4312
53.7238
436.8657
356.6427
229.7220
905.3940
739.8249
331.9081
455.3227
278.2788
290.5756
489.0080
221.6568
580.0714
379.5704
547.2014
337.8946
905.4804
517.1590
256.9279
55.2532
862.4679
117.8599
997.8235
387.2852
617.2079
523.2603
20.1927
441.0899
572.4103
231.1626
542.0085
628.6372
172.8044
262.0024
775.7452
47.7606
20.0679
902.8023
802.5579
401.5021
691.7944
293.3954
390.7509
74.1225
82.4813
500.5037
27.8782
554.1731
379.5633
419.6170
187.7770
177.3243
458.9643
313.9523
355.8639
49.8695
160.6124
229.7953
374.4306
641.1803
805.3585
72.3684
440.7118
399.4121
124.6188
109.1852
878.6983
527.0408
931.1893
587.4765
583.8380
392.1753
806.3834
764.5120
430.7865
319.3048
972.7262
101.2244
216.5210
401.9561
110.4307
72.4495
12.3769
769.1989
544.2333
1.2934
775.3681
416.5172
730.0373
833.2242
666.8541
917.7756
146.2923
251.8035
126.7778
584.9212
657.6214
187.0258
868.9991
486.9967
457.5690
331.8821
572.0720
910.6080
415.1870
196.8399
425.4195
586.8122
123.8830
67.1076
235.1717
963.4849
931.5299
268.2852
775.1544
60.7238
470.8127
455.8599
955.1549
632.5807
741.7055
392.9227
489.9708
606.4752
983.5637
283.0110
447.8306
368.6627
472.1667
251.1195
123.6544
918.2220
634.5903
863.9533
742.9043
565.0100
335.7185
958.4802
996.1645
500.0667
951.4175
776.5378
46.9086
994.3016
208.8105
725.2261
401.1317
544.3840
934.1327
98.6762
378.3968
871.8896
666.4713
426.2583
157.2765
607.7453
540.9178
814.8706
503.4079
412.9279
670.4619
39.4534
514.3830
707.5871
227.9910
499.1889
821.5990
231.8863
500.5513
83.9468
58.8076
388.8335
519.8984
368.9004
24.8145
269.1482
916.6058
401.3277
197.2951
692.2705
649.0952
347.2481
646.0681
848.0226
23.5644
145.5034
844.3383
101.4646
17.1719
905.2457
628.4560
91.6923
516.1904
535.6114
244.2437
370.3358
335.3630
840.6618
607.7402
848.2472
930.9884
102.8843
106.0114
44.1359
212.8203
834.6777
571.8072
395.5009
825.3043
277.0094
213.0978
452.8943
536.5203
773.6062
192.9132
542.3510
730.6513
360.7161
743.4352
115.2977
938.4019
268.1205
274.4735
188.9599
450.5047
431.4047
176.5763
7.2744
474.9667
504.1127
913.9574
126.6313
240.2707
723.6956
936.8342
671.6261
739.5501
704.8470
966.3627
800.2609
712.4532
897.3493
275.6246
338.1420
739.6472
542.7481
559.2255
81.9873
226.5464
672.0111
126.6519
822.2696
220.3234
978.1563
177.2192
888.6924
601.4773
832.6547
596.1876
320.6978
302.8535
822.4307
760.6047
394.0772
355.3606
763.1676
138.0435
802.3684
876.5812
310.3204
476.5487
293.4338
559.9621
958.6280
950.4436
334.7311
586.9200
628.6562
593.3592
576.7216
243.2848
33.9605
895.4740
438.6107
869.4853
811.2187
458.7326
738.1003
76.8227
173.3615
147.3176
897.0932
500.8645
672.6729
67.7801
573.6924
351.7239
163.5408
352.7325
708.8288
953.0593
885.0125
659.6828
907.0168
7.3045
851.0877
667.0092
268.6609
766.2050
597.2010
993.4108
408.6638
63.8435
946.9042
505.2522
544.5928
168.2384
518.2699
991.0298
800.1503
493.1808
756.8127
85.2122
808.2925
649.9622
640.2545
932.1495
344.2422
739.0303
628.2001
962.6151
123.4724
748.5851
810.9346
216.1250
463.2494
850.2658
376.0387
784.2158
865.0117
715.1449
824.7840
306.3540
514.7833
112.0418
246.7729
928.2559
564.2185
175.3466
984.6543
560.4876
820.1443
267.0912
273.4373
780.6248
206.0962
756.5592
857.0731
682.7482
120.7618
787.9383
561.1678
422.2265
402.0426
843.3987
559.2779
425.5029
952.4918
357.7865
119.9002
57.2616
337.7016
56.4327
555.9617
419.7211
987.7879
216.3079
867.5133
822.1267
488.9417
610.0681
674.7655
682.0201
881.6186
235.3545
165.3453
858.1235
234.8868
888.6255
150.3459
255.3488
823.1649
983.2113
141.5611
458.5627
806.1235
975.0691
955.0256
920.6813
246.2312
590.6734
633.6016
82.1166
490.7337
903.0979
350.0230
489.7000
999.5689
934.3707
986.5381
341.8652
169.3879
338.1460
734.3465
164.6224
117.1781
424.0990
504.8706
296.5940
949.7415
14.3952
140.3126
852.2786
163.3064
211.8093
347.2580
110.9606
283.9230
966.0072
403.3224
94.7273
545.7745
163.3126
609.1738
203.6269
31.8494
395.4223
779.2552
413.3489
818.9046
127.4983
582.9970
460.0410
749.5651
399.7933
869.6663
785.1146
899.2005
439.6900
28.4103
563.0824
277.0982
22.4932
46.3523
685.7111
593.6439
308.6862
161.4422
33.8045
100.8738
35.2405
16.2945
997.7076
256.1676
354.8593
386.9160
631.0652
451.0171
540.3529
176.1839
434.9038
486.3304
275.7507
205.9494
311.7117
578.8125
578.7605
946.3764
214.0742
946.8410
534.7917
188.1599
605.5073
195.4142
99.5313
845.0699
872.7162
535.4858
605.9615
322.2344
985.7090
121.0464
452.2636
73.3660
595.5030
211.0177
66.6595
695.1522
484.5995
161.4973
690.1067
251.7122
649.4756
88.4746
272.6451
674.3927
489.2902
324.1214
111.9749
355.1599
593.3148
827.1579
605.4319
593.7491
723.5173
570.9771
19.1171
63.3895
485.7970
642.4848
522.1840
816.3324
792.6187
111.6526
548.0513
52.3821
985.7914
583.4542
780.7257
226.4413
886.7814
526.2078
464.4751
178.1754
809.9463
217.6915
136.4462
243.2825
539.0872
437.7400
521.8117
800.3939
476.3127
108.6025
718.8537
890.1161
832.8378
658.2145
824.7583
459.8856
691.0619
506.5618
944.1667
890.9617
215.5952
807.4056
833.3757
687.1744
968.8981
310.5702
826.3491
823.5712
886.0999
956.7779
600.9681
339.5182
90.0633
343.6122
340.0397
755.6377
710.7749
220.6532
982.0468
652.2520
330.3978
393.5686
633.3295
511.6365
421.7867
483.6975
337.0856
764.2236
927.2297
11.2547
699.8788
379.8699
964.3469
158.9594
809.5070
911.0805
3.1641
248.0233
130.6001
302.4386
940.3118
187.9923
107.7906
226.1341
177.5022
334.4877
171.2498
596.5952
180.9966
552.0701
519.8356
673.9204
736.1721
970.7555
565.3276
336.3053
686.6198
561.7010
857.8218
524.1918
116.8579
115.1342
803.5252
792.5236
554.7941
914.8701
787.0196
250.3519
475.1926
395.1590
462.0473
685.3852
587.0857
307.3864
832.2517
234.1946
727.8755
605.2047
917.8769
794.5578
195.4663
695.4972
53.5319
638.8753
731.2763
965.0025
2.5393
64.3496
218.3145
513.2754
13.6349
899.5550
260.5092
683.5025
390.7718
815.8907
129.0993
212.7027
810.3960
357.9321
101.8357
294.4534
394.5772
98.7780
684.8975
590.2129
811.6549
358.7859
612.6841
940.5327
337.1965
642.5647
250.0838
793.2453
983.6133
122.4282
386.0692
651.3890
82.7119
826.1272
316.1186
371.2979
288.4670
134.4904
849.1029
694.1840
369.8137
974.3228
993.0232
272.4531
200.3729
397.0947
228.2050
589.7672
741.1847
660.9049
534.3743
954.0245
95.1157
41.4815
4.4084
139.7316
669.7591
673.8961
59.3048
920.2818
267.4239
902.8528
985.8660
375.2293
203.3199
509.7764
626.9709
875.8107
258.9830
341.5918
562.9226
891.0516
284.5631
33.0448
659.2145
953.2857
209.3412
740.7580
980.4627
241.7065
962.8307
48.3041
905.1791
951.7784
109.0281
433.6383
688.8494
754.3863
714.9355
860.0556
732.3670
338.9460
616.4215
135.9188
222.4461
808.0021
340.2912
683.9766
671.8433
570.2606
316.0940
591.6961
808.7763
541.2439
253.0128
125.8012
794.6175
318.2985
113.7929
248.8508
833.5922
206.2229
50.4262
709.0336
751.1086
602.0480
637.3160
729.2431
71.2074
210.5896
669.6157
636.5135
597.7632
622.2545
268.5064
213.8435
3.1984
582.7488
798.8244
782.6559
404.2148
66.6342
913.6057
796.7550
780.0434
23.3807
147.1792
918.6083
725.3801
81.5301
308.6416
602.2434
268.4360
89.3858
998.1706
844.4264
153.3440
297.4559
275.6093
449.1405
93.0810
246.4205
877.5444
191.4507
282.5252
856.7576
815.3062
244.8724
327.1489
893.1705
501.5666
624.9075
312.7448
497.2230
732.9951
300.2975
711.0709
440.0819
80.4893
512.8875
561.4903
54.9992
369.5481
287.3705
361.2570
317.0964
774.5277
41.6059
414.8328
60.9337
913.1863
650.2783
129.0652
264.4826
798.4768
620.4264
439.1197
200.4521
741.5497
182.4517
76.0182
949.6727
270.9184
509.2526
108.3672
138.5038
846.2811
361.7793
571.7596
906.2741
791.7039
749.3382
220.1866
625.4324
950.6667
290.1524
223.7426
600.2628
132.5366
103.8390
179.6654
935.6822
465.0341
448.5292
473.2422
595.4542
704.4809
894.5210
177.1467
129.8273
965.3644
391.9662
866.1610
423.0884
968.7614
677.5346
760.9136
254.6778
490.2781
727.9860
124.3280
529.0119
385.2269
520.1887
119.0827
791.5641
720.4849
187.0498
747.5022
225.8948
704.9848
118.5656
278.6989
753.9870
451.5330
452.3297
319.5667
275.2319
848.5782
756.7355
245.4856
575.7537
963.1430
976.7155
314.5512
402.1121
361.5385
313.0516
565.4377
65.1671
903.8455
967.5227
584.8702
790.7711
81.2397
574.6762
239.1260
753.8493
288.6101
833.2712
923.2566
108.2687
721.7028
823.9697
631.9059
680.0263
324.6902
647.2377
265.9032
777.5009
731.6056
315.5955
596.4072
924.9671
281.5035
370.9978
288.7409
818.7749
443.0402
541.2788
595.9641
390.2708
349.9390
412.2624
289.0107
520.1586
123.5241
468.5185
577.5891
484.5178
942.9778
595.0279
970.4812
990.4917
49.8463
468.4701
431.1744
473.4047
530.2308
9.0318
11.9021
158.6429
950.7278
12.3161
395.3094
603.7487
40.7475
469.9699
352.6855
837.6471
105.1258
440.5173
680.1637
591.0421
556.4926
378.1400
632.6166
375.5185
325.3246
497.5481
809.7202
216.1458
608.2992
859.5243
673.0386
735.0726
740.5466
15.1929
22.9094
631.2089
238.7592
291.0682
490.6410
173.1387
440.2218
933.9275
51.8714
991.8307
604.6858
913.3933
536.9526
608.6165
494.7673
842.1977
472.5347
418.2689
436.8123
605.8781
623.0794
703.1357
986.7740
582.8832
373.4134
360.1690
451.2904
397.7520
208.0234
533.6511
444.8345
739.7610
835.2349
9.3513
863.0411
578.1803
368.2386
301.3686
615.1567
284.9653
509.8121
648.8937
324.1580
652.2042
913.7823
57.6898
462.5977
928.1401
183.7359
616.8659
111.2291
656.5183
579.6589
370.3998
877.4728
888.3006
317.8290
507.7926
626.7970
660.2738
504.1048
96.3915
81.2798
185.3930
411.6694
366.6726
180.5270
155.8241
183.7504
612.7362
430.3585
977.8557
316.1918
124.7652
720.8989
900.1061
749.0429
559.1137
878.1531
108.8231
305.7488
854.3211
760.1263
957.3759
639.9001
361.8157
752.5022
815.9309
587.0320
513.2020
604.7886
186.9341
618.0161
333.0764
409.2152
759.2140
895.8309
155.4982
354.8631
830.9673
481.0431
638.3341
632.4867
562.2178
999.5970
688.8689
109.9171
704.0091
463.2966
732.1865
804.5717
812.8384
822.3054
122.7210
749.1298
532.2614
230.3200
105.6631
796.4863
933.0724
554.6654
512.1634
848.8765
439.7029
794.2881
277.9593
360.7277
977.4738
980.7007
54.8879
716.4467
386.5482
427.5679
467.7680
257.3784
395.9826
906.1671
217.6423
813.7614
207.5668
454.0391
784.2046
700.2844
667.5259
938.1883
963.0171
799.1923
352.6489
588.0497
932.4370
566.8906
25.9196
111.8192
625.5363
648.8350
149.1281
681.7761
884.0872
690.7675
475.1279
43.9257
16.3884
875.1442
254.7491
341.1434
621.6765
54.3861
84.4072
671.8524
332.4498
950.3836
400.5842
127.3361
141.7000
165.6219
982.3268
569.1047
404.1889
813.8217
793.3539
348.2312
926.4792
548.1911
377.1196
3.1980
836.5047
952.9162
670.2888
709.7812
170.4742
110.9440
458.2133
237.5316
244.6653
756.1420
294.4247
672.8502
412.3633
83.9835
92.0757
572.9856
318.9486
898.2148
833.5531
147.2867
955.5004
664.2674
632.8832
440.5194
512.6902
721.0905
81.1284
609.6488
507.8489
182.0150
989.1652
651.3245
59.7296
812.1876
977.2785
979.2902
105.5062
287.3238
286.4786
80.6182
241.0320
399.0467
354.4738
876.8353
239.8229
97.0070
900.2125
43.1361
224.2022
227.2226
275.7933
74.2558
602.3243
36.3989
372.1740
191.4136
181.8817
848.5360
46.0272
153.4195
391.4852
840.9131
363.2271
259.3243
609.1774
637.2802
570.7597
621.7680
665.8935
45.4947
315.8462
898.1124
771.9956
763.0413
114.8497
249.3488
408.6006
240.1521
161.8014
517.3184
491.1882
136.7300
553.2649
942.0310
689.5601
467.9435
946.1774
481.5019
139.8058
63.8730
485.6163
172.4841
232.4479
57.4262
468.0700
665.7708
670.6735
799.4562
263.2311
367.1619
977.6805
243.6985
418.6922
465.7937
601.3270
508.7624
261.9907
531.3095
601.1088
844.5574
184.3400
391.5454
470.3442
287.9915
447.2398
32.5210
993.5309
597.1473
824.4487
511.6363
278.0151
251.5803
505.1587
808.2606
759.6064
588.4515
208.8859
417.2858
722.8695
135.8785
857.6162
307.8169
534.6566
195.0401
931.0587
254.9201
380.8394
516.3099
838.3264
479.0828
787.5658
195.8923
472.9966
192.5221
805.4100
913.5236
642.7789
992.7875
39.9559
617.5536
800.3438
660.7246
653.4657
74.1148
882.8190
79.3451
942.4877
835.5639
260.8251
614.5841
29.6254
542.0890
189.3662
666.4799
812.5468
443.6818
806.8798
316.3987
0.6157
560.9560
712.6972
159.9708
835.5801
909.2752
54.2085
527.0909
715.2854
0.5311
895.6788
282.5645
541.8766
226.9997
952.7384
76.8301
516.3051
657.6861
566.8567
613.6857
717.7508
559.8102
100.7969
494.9837
605.1158
252.7209
331.6794
782.4960
604.5498
605.1352
4.4812
165.0620
356.6729
225.7111
420.2396
176.4973
229.3978
578.7909
982.5418
104.9883
726.6151
899.1503
830.1402
752.6409
232.2047
245.1285
445.3074
629.5578
238.2579
831.3744
753.2919
463.3926
990.1991
488.3458
861.3822
287.7630
201.2142
157.9430
580.3948
893.6157
524.3064
120.9678
708.5356
756.8265
52.2430
685.4610
281.8219
743.2674
532.1721
515.0676
16.8558
267.1001
917.6538
238.4067
841.4479
499.9184
421.8268
983.2033
574.7766
365.9370
708.8840
321.2758
15.7033
633.9374
97.6778
136.5769
248.9695
953.2492
666.9018
25.2107
262.6433
969.6983
354.1452
783.7755
647.4767
307.1200
481.7576
871.3546
854.6179
71.7478
541.7515
650.5319
550.4134
211.1857
229.8716
83.9764
997.0704
49.9051
526.6532
877.7027
634.5483
189.1331
837.2149
852.0297
156.4174
431.1869
523.6589
590.1159
832.3936
570.9330
60.6880
708.9594
82.0961
157.4189
409.5897
85.7947
432.2503
615.9485
563.7360
641.5678
503.1448
360.8667
128.2480
337.8938
26.6884
164.6592
797.0180
439.4274
721.8313
427.6652
439.3787
109.9539
735.9863
320.1689
14.0249
373.3887
46.7054
522.4969
940.0473
314.2336
344.0467
317.0950
44.9631
62.9964
343.5393
963.7411
771.1528
719.8033
989.6413
169.1136
380.4584
899.4723
999.1496
63.5290
748.8675
912.7652
583.8230
659.6941
694.1006
426.8188
991.6906
371.0661
399.1999
811.6830
69.0718
451.8650
45.1497
496.2100
450.0692
43.7065
305.5278
190.2256
646.9759
289.7267
134.0455
828.1510
863.5866
774.1369
862.1900
849.7488
207.8623
926.5238
784.2650
521.4329
29.3031
20.8334
221.6159
865.7704
526.0698
616.6485
481.2761
249.8948
891.5096
530.7380
704.9883
70.9834
470.6656
255.7347
436.4424
966.3471
852.2058
491.0922
2.1252
186.8123
95.1915
990.8268
612.0638
419.3624
179.6759
931.2311
418.2805
643.3401
823.9082
342.1790
787.7496
365.1974
354.2354
161.1255
458.6367
530.9215
735.2334
249.0676
62.5051
334.7233
115.2357
836.1559
860.8361
961.9070
592.2175
766.4981
654.8739
773.1330
883.0050
128.2244
364.2700
909.8021
532.4465
977.1934
318.6500
285.4414
707.2499
872.6361
886.0398
346.2374
574.5961
31.2205
286.7218
974.1235
821.3188
995.9409
521.3562
652.5948
787.1533
496.6966
867.1377
132.6340
684.9895
852.4758
543.1234
641.6816
180.6017
363.9367
488.5471
667.5509
590.2346
453.5007
374.9015
134.8139
165.0221
162.1420
989.7683
174.6737
984.0703
96.9517
996.4030
510.6661
297.3987
826.8744
825.9764
764.1675
966.2389
476.6653
78.0055
125.7336
510.5984
524.1239
620.0573
5.4015
831.4219
870.3165
357.2212
544.6060
816.6503
718.0108
969.0041
487.1268
441.3825
712.8552
750.2766
330.1921
267.6487
564.6013
8.2391
718.5134
394.0113
45.2351
466.4043
154.4570
771.8988
448.0351
202.0727
26.1589
595.9583
163.4303
769.5010
973.5699
363.3163
609.6308
706.9701
216.8222
628.3706
430.6009
870.3264
469.5824
537.8485
45.4336
44.2059
419.3144
31.3085
478.6990
508.5929
29.3177
906.3242
964.0500
516.2004
192.5868
462.3761
592.0755
266.2447
517.7758
694.6425
733.3657
239.4909
477.3644
139.2088
278.6370
287.2849
997.8744
236.0344
390.4995
473.0488
424.1443
581.9888
436.6298
900.9243
305.3962
840.7292
448.9464
168.1387
496.1122
375.4919
147.5045
924.8948
143.2915
717.2736
583.9310
720.3528
421.8882
681.3148
420.3508
167.7302
679.4172
391.0865
851.3816
515.2686
0.5843
263.4024
458.5971
616.0679
105.8482
123.8830
89.5875
569.7366
16.2253
309.1436
509.5372
833.3381
893.4718
918.0079
5.6686
394.7564
739.3340
792.5926
848.4258
192.7565
651.9373
939.2446
335.4352
947.7224
933.2422
818.8571
366.3592
425.3791
697.6046
405.0593
133.2479
253.2920
752.2553
820.9554
477.8971
367.7775
535.4266
313.9132
33.3028
729.7808
808.1870
453.9133
786.3379
258.0610
451.8189
457.3010
539.2275
177.4747
470.4865
920.0427
398.4625
983.2309
37.3183
820.1199
750.0787
899.6599
338.6698
801.6829
422.5320
54.8447
36.2974
815.7159
861.0153
925.0109
435.3381
820.5883
385.8489
994.5632
63.1532
115.1386
191.9653
113.3021
605.0194
191.6332
945.2013
485.4792
850.9748
109.4864
142.9855
325.5174
195.1057
716.0353
530.1546
91.4093
165.5188
856.6244
936.6698
736.6832
695.2952
465.3517
243.4490
312.2120
653.1010
251.9891
756.2357
444.4671
439.8558
548.9513
553.8464
236.3157
325.5233
201.0667
915.5746
964.7921
570.4322
799.5610
397.0239
172.9281
301.1763
460.4949
847.5289
215.2583
706.5687
763.7761
277.6280
930.7987
743.4823
589.7042
947.7115
933.1249
375.5145
975.1976
118.3725
906.5936
349.1300
329.0179
301.3016
158.8036
286.8273
354.7256
388.8105
296.6659
570.1542
121.1533
57.7543
977.9134
325.6634
231.9239
825.0918
195.9616
23.4335
227.0055
246.0816
249.1653
25.9762
660.2069
654.6514
629.3887
592.0318
922.0824
403.4254
996.1151
88.8777
114.8643
743.9428
872.8891
117.0364
432.6498
29.1228
346.5173
256.0631
348.8889
883.3010
448.6809
408.4443
536.6226
923.7602
575.7753
703.5628
789.8189
92.9805
104.0524
232.3511
725.1201
829.0457
48.6582
901.9946
900.6856
778.0445
937.3074
17.2833
392.2354
76.2109
507.8669
225.5427
632.4831
785.2885
585.6832
255.3456
804.8662
175.2014
872.9375
381.1146
478.4961
318.7580
536.9074
148.3658
223.0494
387.3162
10.0774
356.6761
753.7794
782.5020
22.4068
680.6526
879.2929
917.0268
85.3578
235.5316
226.7369
111.4859
712.6103
499.6437
650.7783
842.1352
39.2606
176.1450
688.0130
69.6413
993.1922
460.3545
164.1902
248.5376
593.0989
706.6731
987.2065
100.7496
868.6146
956.0992
374.2758
662.4261
190.9342
340.8054
591.7362
491.2787
574.6765
828.4465
840.1814
744.7470
622.2403
479.3281
232.2055
925.0761
209.5001
843.1766
624.0041
743.1245
301.1033
250.5666
101.6711
435.2469
250.6542
626.2459
190.3214
708.3420
220.0062
250.9054
102.7325
429.1808
573.0360
641.3241
524.3663
650.1603
498.3651
927.9644
514.5922
250.5560
867.3601
471.8414
602.4401
890.0271
506.7375
403.9664
494.6115
260.0063
901.4018
561.7885
684.4520
463.7742
457.2730
901.1865
729.4882
339.4129
803.5295
713.7093
60.9969
835.6349
484.9497
237.3055
527.4865
186.2963
396.8255
661.1616
237.1002
622.1428
532.7280
938.6629
249.5998
791.0364
58.6590
679.7126
485.4520
880.7151
762.9882
681.2741
774.6303
422.0439
26.7784
912.5505
701.9243
643.4054
471.8734
471.7653
292.8968
610.4965
829.1224
350.0579
149.5765
471.0563
628.6687
378.0747
320.8375
293.3739
911.8994
773.6255
101.0667
227.7176
680.2826
318.1402
278.9525
450.5956
709.1966
549.9324
907.0035
945.3834
578.8440
70.3948
423.2224
46.0622
680.2213
16.2132
847.9432
327.8324
283.9949
895.5851
370.3327
389.4858
138.1604
708.0337
557.5767
679.1821
535.2065
270.6707
388.2539
677.8460
841.6178
14.6167
534.0234
81.5860
315.9867
102.2826
214.3709
232.6514
573.6829
300.8876
718.7781
613.0896
167.2797
713.5962
69.8407
611.2264
80.7478
950.9677
669.3445
577.4737
737.5317
410.9363
805.7720
789.8200
52.6703
206.5442
785.0903
518.2031
139.6540
540.7088
625.4799
668.6824
193.4610
470.5018
188.0365
788.6214
330.3663
243.2236
263.4868
669.7779
914.3513
198.6949
495.1725
772.0068
996.7621
600.9770
698.1926
615.8996
998.1980
564.8475
961.7972
521.4508
168.1309
617.3429
915.4278
937.8313
923.3376
498.3809
360.2915
782.4888
792.7527
447.3419
810.0413
540.9980
454.7541
717.7246
78.4723
839.3093
969.3734
742.5687
613.0703
481.0253
996.6988
505.4768
393.8522
988.9627
821.3297
999.1244
436.5752
586.4603
33.4218
68.2259
626.4205
238.9441
150.5383
38.4773
499.1891
323.4514
5.4356
868.7280
33.8118
915.0384
284.5680
602.6341
13.6865
411.6655
698.0158
386.4706
181.5347
305.1032
612.7964
846.2741
230.6171
71.5376
239.6196
897.7496
945.6379
916.6684
338.2725
635.6962
125.1634
432.9461
313.5178
628.2521
309.0949
413.4072
152.3034
474.9773
820.8838
697.3241
456.4223
229.6405
818.7516
419.9906
609.0843
591.8913
630.8746
918.8703
189.9853
246.2612
669.6279
990.8087
270.5934
865.5028
733.6372
40.2474
826.4657
971.6861
70.5107
767.4172
695.5408
40.8373
771.1967
537.1356
108.0594
372.3970
540.1157
281.6126
219.7529
463.2685
459.4013
632.4949
562.6053
3.7344
216.3801
820.6680
347.0984
381.8860
533.2041
645.8074
534.9915
612.4177
503.2372
813.5786
30.7789
146.2610
964.8087
873.8726
627.9740
120.1374
429.7774
278.7147
570.6058
401.5253
464.9701
803.7525
137.3416
673.3096
994.7789
589.6736
610.1080
231.1814
7.1413
786.7650
873.7782
556.1034
244.4868
37.7130
41.5606
116.3018
336.8580
733.9200
158.6004
956.1650
772.0507
23.9559
355.1739
190.3188
447.1935
750.4937
706.5624
971.9776
288.4282
831.3929
355.1062
457.5217
667.9740
122.4470
638.6287
396.1385
227.7155
878.6178
404.7685
192.7616
998.6774
340.3743
639.4530
948.6366
228.6251
526.6541
191.7232
478.9669
621.1611
600.1832
110.7510
377.9015
122.9111
775.3522
880.5133
552.8618
607.3938
873.9593
541.1602
670.9769
711.1296
42.9499
720.6785
153.3846
109.7518
930.4360
877.8856
703.5424
576.0915
616.4501
370.4608
506.5254
239.0151
950.7193
394.5548
183.2186
742.7515
249.1199
914.7255
536.3001
706.9825
695.1345
91.9522
953.6316
18.5298
568.6395
967.7333
61.5938
604.9706
822.0026
455.1382
713.1042
533.1694
147.5854
937.9390
219.3920
504.8647
543.5211
443.9381
589.1376
608.9709
368.2304
139.0408
864.7958
429.2170
938.8054
191.4548
361.9765
138.4967
891.5704
371.1481
150.5482
766.3037
595.2496
940.8048
424.8194
936.8718
543.1263
397.9502
359.5463
319.5826
625.4948
794.0363
332.4838
461.9765
117.3017
583.6388
378.8570
245.3702
264.6822
676.9406
457.9240
802.5507
599.4698
599.7533
194.4674
700.0506
463.9570
120.1773
930.5309
597.4232
651.3132
972.0042
509.3792
825.9748
993.6998
850.2864
576.3063
893.0409
909.1524
205.6305
354.8408
701.5201
818.2025
514.4471
120.3425
911.1517
958.2710
587.5197
817.2048
199.2461
884.9074
90.1294
514.8658
99.8452
413.8905
599.1947
298.3120
616.7658
499.9667
310.3113
683.5091
642.8679
872.1769
503.9652
285.0435
500.4311
71.7539
955.4387
384.0022
556.6736
191.7379
751.1249
852.4424
677.5682
391.8125
877.3785
764.6208
317.7803
331.2654
921.2564
705.2895
39.7251
704.9515
12.3562
240.8076
826.2130
834.6491
209.1828
513.9858
294.4798
316.6459
380.2367
51.5284
100.5806
196.5922
448.8882
805.1288
289.6161
798.4448
828.9910
380.1880
205.6662
518.8251
951.7531
523.1798
455.6373
140.8720
245.6150
112.9709
165.9993
100.6939
279.1323
831.5012
697.2807
679.7123
130.4430
228.5114
836.8126
528.5805
29.4229
415.4814
169.9443
199.5476
959.3080
601.8893
587.4135
74.8230
183.9673
503.2006
411.1141
911.6206
255.2218
47.6594
756.3759
706.8019
965.9998
250.7075
269.4048
363.9888
212.3934
731.8682
462.9751
319.0260
671.3499
225.0690
977.8743
647.1815
706.4576
266.5096
554.8130
873.2680
603.7114
917.6299
107.9073
950.4973
967.9052
944.9023
417.8905
882.1273
584.1449
999.4399
113.8617
991.5105
473.8872
189.1198
474.3476
759.8593
363.6624
808.2984
743.6881
401.9085
498.7439
224.0507
48.9659
262.5376
165.2853
908.2258
714.0916
128.1112
590.5893
207.8143
305.2163
380.8160
621.5940
813.3292
324.9795
104.7902
640.4554
578.9703
137.9496
115.0376
565.4519
83.9962
189.2603
396.7270
510.3380
930.1348
425.4633
432.0603
312.2405
261.8058
39.7792
506.3854
883.9955
932.8389
806.2684
943.4475
810.1360
161.6297
731.7639
1.9235
466.3463
878.1992
398.4824
334.9149
712.2952
284.3207
285.0588
949.1521
152.6942
781.9301
122.0290
618.8968
796.6922
346.6412
130.5715
201.2963
987.6437
961.0447
378.5312
113.3717
228.6031
79.2341
618.0126
145.6168
292.3205
579.7871
208.3887
671.8083
871.7004
600.9844
618.9950
137.7736
256.4766
547.1843
210.7545
98.1102
677.6187
835.6284
828.2827
982.0817
867.4205
80.0140
887.6717
800.8721
617.8824
749.6995
868.3400
546.9478
217.4052
547.8031
629.9351
916.4766
819.5857
580.2987
583.5666
943.5240
383.2228
504.2543
137.1933
166.7994
361.1685
712.3943
839.8574
979.0257
400.5553
760.1139
882.4951
208.2991
396.7334
526.8879
209.6043
212.8320
28.2367
843.4209
927.4178
496.4761
971.8371
434.7971
270.5957
580.7372
722.3099
667.7273
480.8372
936.3336
936.5713
524.3400
445.7801
361.6543
402.3797
671.6099
126.7675
518.1501
161.3789
664.2361
189.5132
549.4978
177.0957
129.2735
83.1777
526.2676
249.7237
674.1431
683.7673
55.3046
558.7807
633.5283
124.5664
876.9130
47.7136
243.3580
36.3692
686.5769
103.9390
865.7840
466.2620
54.7504
533.6524
885.4477
159.5581
195.1939
470.3653
521.5548
241.9932
444.6323
562.2095
974.3183
774.4557
473.6633
207.3030
480.7236
823.7043
677.6381
198.8851
949.3000
400.4042
116.5269
953.8100
967.2964
521.8274
496.5317
513.4874
841.8834
894.7667
963.9232
68.9127
303.3149
47.7459
852.4891
603.6987
790.4707
135.7381
62.5613
230.5265
516.0389
251.9024
86.1277
691.0076
235.8444
918.6322
76.6116
851.6787
398.7288
578.2418
35.8156
330.1740
133.0941
560.4266
286.4190
830.5886
104.6292
908.2797
288.7179
195.3866
842.5525
473.2341
332.0054
339.4285
282.1776
761.9408
161.3399
496.5649
83.5239
83.3086
22.2253
491.0161
493.2731
80.6917
509.5392
777.2624
514.9362
480.0622
208.2790
41.9273
931.5227
390.7400
833.6824
162.9544
613.4808
657.6432
686.4728
455.8347
937.9966
756.6655
852.7770
938.5605
931.0995
677.2183
760.2952
769.2445
50.6832
522.4427
84.3546
753.4890
951.7846
574.2887
768.8411
470.0214
734.9198
607.4501
191.0767
69.2671
672.4002
877.8945
216.4746
363.6510
319.1045
813.7581
737.6111
770.8203
200.5176
30.1307
184.0045
154.4047
770.4722
885.3121
557.6871
395.6110
156.2652
668.6237
524.5536
557.2060
359.1436
906.2846
132.2113
435.6787
367.1484
969.6608
954.1216
8.0928
850.4024
123.6160
28.8533
453.1676
80.2890
522.3873
823.2952
276.1430
529.5639
264.0768
397.0148
697.7609
134.8785
966.5445
582.5451
928.4311
576.3043
10.7392
843.3220
390.3859
164.0910
123.0505
829.5280
600.8194
413.2786
393.8343
740.2578
332.9472
90.1533
359.8831
352.1425
446.8023
352.2654
901.4478
400.1790
229.9673
368.7595
383.2279
169.8360
58.8270
294.2443
321.7124
748.8463
512.2354
791.2080
406.1145
851.4989
194.9058
494.7446
703.0553
428.3410
920.5010
136.2944
285.9632
169.3285
745.4182
205.8250
273.0783
613.9191
726.5712
500.7264
768.7459
417.9937
12.1192
975.3745
795.2844
637.7723
299.3453
320.2565
483.1329
775.2503
216.9703
251.0794
805.2370
417.3332
484.2522
84.2319
53.8072
642.2322
791.1267
560.5860
72.6303
472.7816
285.3671
517.3068
801.8336
840.2458
833.1844
183.4877
241.1595
811.0616
570.8157
964.9966
211.3037
72.1136
111.3537
439.7410
253.8882
74.2487
139.6081
828.1821
680.2702
475.7279
714.9382
927.6731
945.1156
425.1342
894.0857
286.1706
606.7174
676.0831
148.3954
436.1505
257.3326
183.6554
767.9093
250.3853
586.9081
461.5257
301.2780
687.4749
61.3287
128.0925
927.4180
688.7738
967.7000
776.3702
220.3744
730.3298
859.1037
629.1449
147.7458
797.1759
345.4305
365.7183
115.9749
478.6495
715.2545
478.3856
973.3095
729.8531
131.6529
673.3942
750.5293
117.5920
911.2568
525.2194
384.3412
11.4900
887.4553
600.6219
943.6599
990.3948
492.6842
238.9351
761.3214
109.8971
462.4129
574.0596
774.1163
374.4678
167.2396
927.9966
5.4608
40.3971
123.2314
281.5282
994.6277
767.7728
172.9514
429.2975
657.9798
202.3249
454.8349
374.4405
83.3669
476.1564
34.5055
301.9083
715.5862
810.9779
952.4689
817.2784
894.4468
21.5977
873.3878
374.3416
691.8146
362.2683
787.8886
90.9567
714.6592
140.2019
34.5982
451.1352
38.6539
190.8412
927.3193
649.3307
730.9741
336.1605
401.1415
741.8185
596.4026
243.0643
489.2355
746.6167
133.0742
941.1433
567.7585
970.5552
285.7478
343.5141
391.6664
166.9578
293.1165
989.2881
168.0053
780.0630
657.5194
941.2473
737.1495
408.7916
507.7718
92.0562
169.2627
48.5490
662.0044
646.7460
245.5664
987.8464
554.2044
823.0497
189.2388
438.7391
168.6218
820.5319
463.3199
801.4582
379.1302
772.4862
983.8075
671.3599
224.6584
588.7640
409.3281
217.6390
957.2651
493.8068
810.7348
36.4519
63.4006
486.3819
779.6776
838.4084
916.2528
240.9019
970.7012
287.3026
482.5816
866.6699
615.4009
580.2913
645.5940
398.9923
289.9082
745.8680
779.4324
411.5798
900.6454
525.3852
870.2375
467.4017
166.2706
837.5650
722.8375
349.5439
706.2927
356.2385
806.2347
36.9400
121.9109
368.4855
681.5144
121.1570
962.5201
851.0710
896.1226
158.9980
470.8800
112.5937
113.2228
642.0651
510.1190
247.8019
993.2963
731.6105
493.1618
878.4118
218.4318
881.7478
275.9790
266.0254
144.7379
941.4648
38.5105
557.4743
848.5802
430.9698
940.9855
930.0791
291.3626
224.1524
484.9797
311.9321
402.1716
449.2277
840.9894
162.2314
615.8488
501.6622
584.4900
369.8060
932.3985
581.9236
6.1891
862.7858
959.9403
858.2466
778.2355
290.4576
205.2444
231.3341
931.8036
645.7785
784.0006
347.9995
215.3945
871.0002
695.8389
731.9697
19.0763
207.8651
200.8427
782.7335
641.9060
761.9643
327.6664
667.8458
308.9427
76.8286
365.7435
583.5472
499.8398
693.6303
473.0097
571.3759
75.1020
864.3783
250.7454
573.9040
834.8990
752.0070
18.4120
895.4406
945.9237
992.9690
251.3989
860.3516
23.6365
561.0264
755.8523
644.1728
721.2726
877.2102
617.5282
135.3922
182.6261
946.4930
756.6725
404.7386
629.0901
720.8337
162.1492
542.9096
123.6302
170.2848
355.8429
428.7488
800.3726
662.8124
638.4628
210.4698
914.0318
620.6291
494.4007
706.5389
654.3698
795.8140
699.8329
367.5151
778.0771
665.1513
435.1423
95.9749
73.8463
472.6647
685.9052
56.4299
445.2886
977.8318
132.0551
531.5794
937.8896
797.5776
744.6106
737.9542
542.3997
415.1799
564.8224
665.9151
518.4496
508.9795
930.4030
889.7335
590.5383
58.6013
997.3929
493.8411
382.9053
540.2859
623.9997
146.8475
82.0613
113.8894
841.3066
312.7991
48.9222
755.8675
268.4660
664.6973
782.3145
92.9130
316.6554
326.7943
31.5146
228.9042
967.0876
11.1489
217.4963
896.2023
723.5946
98.5281
195.0797
725.7209
993.9154
812.2535
12.7796
546.3073
767.4506
518.1219
725.7741
585.9591
292.1892
526.5082
745.3157
659.6765
240.9038
197.6777
669.3650
882.5537
827.7686
833.2842
908.2197
611.5299
920.2233
784.6234
513.7074
363.3935
189.5713
674.9504
98.8368
981.5895
609.1329
673.6999
636.3317
229.6531
346.9759
105.8074
122.0634
201.2001
644.3827
458.7916
661.6348
343.0286
803.6241
496.8584
475.4121
770.0015
188.4311
531.6956
863.4158
378.1464
734.4016
453.7007
102.1962
233.6475
306.7357
570.6106
970.0663
195.0722
982.8338
103.8559
88.8103
816.0002
477.7939
67.0968
918.5942
11.8553
575.6632
494.7058
198.6013
641.0588
670.4150
268.9281
577.5806
302.7388
851.7980
509.3363
849.2207
491.2296
531.9074
447.0996
95.5763
441.4254
136.5289
892.0948
962.9048
756.8796
33.5551
836.8804
761.3223
156.7647
737.2071
369.7576
836.8127
263.2950
967.4472
165.7333
481.1145
133.9296
845.4259
631.3189
158.8908
67.4892
324.2726
203.0940
523.4820
496.7334
614.3081
909.6788
871.2635
363.2559
981.3678
854.5135
688.9561
58.9675
98.5754
290.6008
772.7777
594.8230
615.7520
514.8385
206.6898
271.4780
638.6545
739.5555
683.4719
666.2880
936.5638
848.7204
422.4485
388.6982
492.0689
479.9817
66.3844
744.2635
205.5319
989.3927
653.3529
332.1935
363.1557
142.0954
369.3140
300.4148
495.9890
772.7777
324.1192
266.9393
904.9473
126.2579
977.0397
786.5345
858.6408
438.8910
790.1445
236.2587
636.0503
968.2337
109.4837
225.9058
133.2286
72.4072
181.0466
411.5182
96.8598
83.5849
652.3736
180.6456
558.8477
356.0180
376.5144
282.6048
940.7692
949.2273
6.8465
250.4695
907.2065
316.7675
859.0139
449.6633
509.9490
254.8852
745.9772
646.4269
608.8913
950.1998
938.6597
465.2471
85.5222
754.2744
747.1573
712.8459
675.5898
22.9531
892.5082
280.6147
323.1342
80.0932
57.8498
975.6010
790.3408
794.9002
344.8933
846.3179
164.2818
673.4990
891.5861
536.7766
900.7564
978.1245
590.8276
543.6448
893.0258
518.5079
509.7408
31.7957
511.1951
241.0919
469.0333
41.0119
43.5209
838.8010
298.0366
25.8841
825.3292
389.1968
521.4543
870.6827
376.8968
287.1801
373.2847
144.8936
502.8979
45.2944
462.2472
650.8013
302.3346
302.3956
165.6354
785.3306
32.0290
689.9638
223.2781
101.5144
789.5559
365.5770
805.3593
109.8706
96.2975
706.8155
48.7342
292.7534
868.1244
679.1214
578.3151
14.7476
675.3360
225.2038
841.7576
796.6403
627.7314
766.5561
122.6147
18.2735
621.7440
106.5961
903.3772
891.5129
953.2067
694.6733
687.0343
690.7741
139.6629
829.9711
155.8822
229.4473
229.6544
229.9177
533.8733
724.9871
114.5700
438.3076
645.4393
402.9876
481.2295
595.1537
0.1830
122.0461
692.5764
499.2240
987.9960
167.2492
91.3054
812.7847
305.8826
151.0976
529.9061
898.1551
410.2634
243.5324
389.7946
472.7813
779.0164
372.4014
889.2097
595.8035
294.5410
869.2965
405.9560
756.6106
428.7533
204.6575
955.4856
209.3829
9.1021
333.9917
754.1882
171.1001
458.7646
685.1596
144.4045
849.3821
814.4715
43.5304
455.6787
367.5829
97.3904
321.7360
344.9017
215.8881
67.4454
342.7896
11.0240
573.1183
272.5247
91.6752
582.7859
819.7846
541.3703
618.3515
542.6378
938.0237
956.4415
119.8115
786.4513
166.3841
374.2141
477.0541
718.0206
913.8793
698.0836
300.1408
739.1130
647.4503
890.3252
80.3114
452.9534
211.4227
683.9215
967.2720
437.1368
621.7570
277.7333
383.8656
373.9391
493.6379
496.2512
789.5006
137.1900
630.8674
388.3327
367.4266
147.8820
780.4811
221.5851
970.0943
222.1552
134.7365
337.8400
282.0181
98.5045
357.6381
103.5373
85.8141
713.6352
537.4061
206.5216
724.7133
658.3192
0.4731
243.0466
97.0890
892.8614
213.2677
220.4049
180.6278
779.5820
855.6170
663.3654
430.0178
786.2206
783.7122
414.9115
960.6534
662.3394
601.9620
182.0627
667.6285
226.4894
722.6650
204.8348
350.4579
433.5300
852.0758
260.3133
47.5167
804.6912
144.7026
324.7636
978.6370
134.1864
246.1451
573.9828
797.4517
25.2994
264.5955
991.8638
891.9025
476.7474
212.5132
748.6725
126.1043
47.5363
365.4625
876.7567
802.7080
261.4614
435.3500
191.0272
57.2252
303.2085
405.4194
386.1753
395.4221
551.7604
915.1129
81.1795
779.5166
661.1944
354.4689
311.4895
562.5955
53.5784
817.6872
423.9109
127.5593
79.9475
770.5325
571.1667
288.4753
687.2081
419.8631
835.7372
551.4710
980.7349
628.7144
487.1704
692.7192
719.8873
628.1022
346.9152
164.4385
512.9855
570.6971
539.5979
238.7126
671.6452
925.1755
917.9030
885.3855
574.7053
961.7608
179.8738
398.3731
543.7512
396.0140
279.0419
498.0128
899.0690
464.6835
989.4886
992.8408
353.5476
523.4677
51.3151
959.4635
516.8710
150.8432
143.4785
134.7275
228.6075
469.5684
947.7751
117.9210
8.0987
935.8949
456.4530
289.8471
403.1180
594.9941
830.7787
961.4061
772.3308
509.3195
951.0030
981.5927
119.8145
456.1279
511.3521
951.6270
465.9687
358.9309
991.9881
146.5499
159.0583
291.4619
299.9703
264.1421
712.7449
983.6982
595.0078
520.1009
110.9187
221.2853
269.0154
186.7838
75.2638
486.2188
738.8696
402.1172
945.5754
280.6478
377.1957
860.3647
948.8555
492.0359
242.9900
170.5305
562.2484
105.0054
7.8553
642.3132
397.2987
789.4615
378.0851
104.8713
623.3610
294.3398
961.2173
875.2847
43.8053
614.0151
711.9821
886.9430
692.0533
729.6753
718.7149
162.5246
179.3836
73.7355
745.1563
202.4831
790.4170
671.6211
103.7864
432.5343
798.1355
634.5580
348.2919
614.3015
686.6200
310.1268
790.5764
826.2008
805.2158
497.2753
932.6386
730.2893
590.4625
226.6341
466.2262
485.6520
499.5288
466.5730
264.3219
594.5431
41.6228
793.3330
255.3089
834.0565
591.5571
718.9588
22.4800
435.4882
436.0180
556.3086
897.9763
772.4769
280.1149
183.7306
766.5660
43.0335
746.8120
140.6209
60.5758
198.1385
201.9990
510.8290
460.2478
86.0059
465.6983
407.1816
24.4008
919.8445
652.2328
560.0885
181.8484
633.9469
362.8624
607.7344
77.2009
338.8110
587.6288
851.1015
488.8740
21.1115
614.9044
743.5210
459.2468
513.1042
81.0902
979.2362
178.1740
288.6800
647.4843
45.0347
961.3671
482.6872
531.9666
134.7410
647.7675
543.3017
763.4248
452.1316
182.0198
805.7467
381.7015
665.4665
660.7868
146.8979
36.7114
936.0611
733.4042
770.8435
791.6058
984.5832
249.2202
170.7779
154.7677
869.8910
79.5524
534.9412
642.3501
377.6058
590.6241
648.1625
908.8432
281.5550
730.4698
17.1669
635.0764
145.5495
165.6641
215.8222
908.0638
285.2762
774.6465
712.6413
237.7390
766.2122
333.8089
841.4739
666.8039
934.7680
935.4448
495.9335
841.9882
806.2567
59.4782
788.2844
109.0805
776.8209
470.3451
794.8827
340.2706
776.0023
224.2456
398.4743
978.9991
308.8586
554.9220
364.0859
139.7553
399.0720
118.6714
85.8787
705.5294
32.8362
795.1361
521.1875
102.0711
289.9535
851.9127
357.0402
423.6097
116.1122
643.9296
378.7786
692.2436
812.6654
237.4329
966.6319
129.6811
534.7471
699.2853
90.8483
679.6435
720.2752
591.6544
553.4347
740.5735
421.9926
585.7806
250.3481
498.9631
245.2689
206.4606
702.6196
86.1590
156.4188
14.1290
316.6733
1.5306
709.6378
523.5913
795.2155
128.2017
446.8909
956.4407
557.9739
752.6124
561.8637
647.1838
457.1079
3.8379
817.7920
214.2581
598.9859
78.8975
676.5801
93.9936
339.7941
624.2246
444.1236
737.4463
388.4979
540.4973
16.8338
197.5793
869.8759
302.4025
757.8981
386.6300
137.9683
134.3510
928.1593
233.3188
408.6744
371.0155
872.6273
900.3297
382.8607
286.1598
869.0932
111.1993
457.0814
269.7851
796.3889
360.5272
268.3196
277.7522
385.2643
694.6360
83.6587
900.2480
703.3476
458.5870
80.5127
170.7824
950.7325
496.6677
37.6821
979.6198
754.4109
791.0687
752.2294
451.5602
773.0695
442.9161
437.1023
516.0869
679.1600
516.9830
194.5942
702.2239
73.2271
53.9836
446.8791
321.4001
984.4840
439.1289
531.1072
976.5545
326.8916
783.9434
362.7511
293.4588
108.9950
921.0126
844.3018
113.0780
187.6697
407.3505
848.7413
742.1551
776.6859
432.9936
157.4081
872.2216
312.8204
697.4637
607.7876
861.5694
742.8979
22.3739
977.1017
74.8842
595.9267
587.4676
306.5277
209.8400
157.2116
981.3328
192.2864
805.7126
834.1139
34.2642
698.9614
463.1730
840.0556
607.6207
359.7381
287.0571
673.0815
616.9802
287.7437
604.4042
242.7126
329.1478
400.2731
108.3768
809.8790
634.7582
484.6490
731.2474
3.3383
458.3694
228.7378
922.9708
455.5931
943.5121
425.1334
515.1970
604.7600
827.4250
246.3895
478.7731
307.3908
467.5878
520.7463
843.7312
908.3107
353.6746
110.4671
72.1449
625.1204
683.2349
716.5290
672.7822
340.3218
573.8328
842.7467
560.0110
707.3196
388.5141
256.9129
184.0741
468.0656
532.2738
418.8448
606.4450
72.7344
262.1304
258.5652
25.1462
269.0904
578.8597
404.4789
623.5743
920.0235
644.7596
241.4859
795.7359
892.7139
655.7426
485.0421
922.5148
357.5824
856.2903
790.4548
467.7668
574.2788
849.5969
919.2230
455.4082
510.4981
927.2451
705.1044
289.9171
164.9967
857.4352
88.0038
963.1762
183.2678
479.6131
44.1028
181.4591
625.9664
968.8785
307.3588
307.6260
587.5827
773.6805
174.1554
785.5287
179.5581
939.7322
377.0246
753.9953
819.1897
513.3089
332.3647
287.9226
502.4847
402.1879
50.4950
156.5265
722.9432
93.7226
414.1423
324.1288
776.2693
742.8767
198.8415
317.4846
806.8719
959.4488
8.0309
893.8999
72.2185
935.9563
406.7254
466.8011
121.3833
481.2159
811.2971
289.4748
105.2677
567.5855
61.9508
165.9946
502.2315
373.1594
280.8005
331.1681
998.0498
978.9474
846.0088
266.2032
990.1493
453.8089
350.7521
885.7765
619.6556
973.9600
85.2966
105.3321
949.3116
318.6124
109.4115
163.4544
894.9993
623.1353
620.3105
346.2754
23.1915
989.0970
310.9415
754.9411
87.6045
664.6798
514.2619
402.7605
261.6711
573.6531
4.8797
425.7729
452.0565
247.1164
179.2366
960.7288
492.7658
0.5009
733.7387
289.1172
422.7420
606.0332
736.9465
71.4719
495.8611
538.4586
880.3695
538.3360
583.8905
434.2710
296.6386
79.0473
734.0360
173.0480
135.7659
443.2666
343.9783
443.8484
186.6511
18.6373
711.0823
632.4867
933.4266
611.4122
624.1568
987.5315
940.7741
341.2913
153.8246
875.9512
20.9773
130.6193
495.6629
152.7355
600.1634
250.3632
796.9184
815.8411
644.3566
853.3662
395.7139
558.4829
807.9939
43.5375
423.3491
436.8544
280.9244
447.5533
970.8824
944.7913
605.6617
835.5315
987.8664
459.3555
652.6959
486.1014
716.6418
495.0886
255.4493
411.5843
599.7845
393.1753
400.9296
523.7792
598.3591
481.9993
838.6847
669.7033
457.6786
508.4692
762.9930
563.2126
678.1830
608.5124
711.5106
664.5608
191.6313
357.5986
594.3682
476.3033
295.3157
661.8760
217.5575
960.4715
277.4335
665.0614
513.2646
238.2074
582.8409
746.2353
915.4232
147.3029
542.1836
342.4864
455.6630
737.6720
944.6291
331.3062
759.0399
625.8420
985.8386
655.6255
625.9023
951.4738
598.7723
821.7399
926.9189
106.6663
655.6124
185.0581
99.2031
760.3187
594.0130
552.7865
646.0238
130.2247
657.5958
84.0830
131.9548
199.9769
179.3915
149.6421
15.6569
488.8539
641.4313
276.1682
122.6317
33.8942
707.7228
254.1604
424.4477
13.9039
398.5595
66.5823
77.5563
388.9581
522.6674
584.5310
582.6234
550.9306
528.8266
71.7962
513.3578
589.1618
89.6826
40.7405
492.9010
278.5243
176.0955
737.3726
878.1644
525.5848
529.8706
247.8937
827.6988
48.0339
919.6445
153.2795
384.2021
251.6708
261.5042
204.0451
866.2115
169.8074
405.8590
420.9189
15.1598
380.3960
337.9807
543.1828
956.2347
271.0642
42.3668
865.5000
618.4121
748.9344
571.3385
229.3042
603.9160
749.7418
773.1290
89.3523
289.6687
907.7371
252.9742
256.0588
827.7424
330.2612
479.4122
826.3516
989.2897
769.3039
263.3323
809.0406
179.8811
220.2754
627.3006
666.0554
82.8909
224.1396
198.0365
957.7284
151.2682
191.1641
990.0272
63.5544
467.2502
139.1632
180.0699
172.8033
666.7592
933.5243
600.0143
473.4901
425.3433
947.8663
514.2126
666.5993
115.0230
641.6976
24.0347
961.7825
385.4606
980.1375
324.7051
917.0321
136.0769
78.4813
878.1079
833.3431
899.9046
585.8350
936.6736
317.6618
394.3025
106.7527
396.7132
172.5123
798.4453
210.1634
857.3371
923.6327
116.7811
957.0646
439.4323
273.0917
993.1737
22.9814
977.8682
927.5353
570.4738
35.9900
874.1922
848.0976
486.1091
867.0009
120.4400
95.8443
842.3728
918.2826
277.4257
133.3342
842.3023
731.6087
670.0438
464.4823
639.4948
642.6465
685.9496
435.9113
605.8351
125.5411
505.1513
549.4470
944.7838
39.2858
26.7412
465.2080
283.1441
343.1030
44.7374
845.4410
4.4486
671.1084
590.3209
634.5302
813.2481
572.1281
534.6418
835.5638
823.3711
419.8016
682.8595
722.2192
401.7089
193.0436
98.0030
30.6437
735.2824
273.9838
218.5247
383.9730
839.0398
389.6959
52.2030
57.0002
639.3930
793.3477
974.7460
404.0122
771.7684
554.6618
889.7206
17.8194
388.6604
402.8643
715.1823
875.0933
113.6692
426.6525
528.4072
114.7374
697.7311
627.1520
568.5194
117.0454
746.2709
575.9995
457.4282
312.8401
432.6348
411.9680
464.3505
656.0333
454.6057
690.1764
938.7785
221.7441
207.2380
840.4560
724.0907
797.5738
843.1265
706.2583
18.8181
861.1974
361.3413
645.6640
255.4864
510.7814
170.4570
951.8472
195.3606
210.9408
723.7385
589.0517
61.8180
532.7644
398.1816
781.7103
429.3451
804.6603
179.9774
946.5734
202.9627
8.7013
880.1785
542.8780
751.8008
714.2549
791.0443
271.4618
681.2430
400.8987
844.1971
867.6626
548.8598
495.0241
54.1982
955.5382
469.8352
485.7997
729.4194
866.1308
890.3543
674.8122
766.4340
38.0162
993.5664
282.8867
345.8653
386.9180
977.7636
539.3354
58.7765
798.6662
951.6737
769.3013
651.5550
330.9496
490.0250
215.3094
726.1625
754.9655
132.4811
486.4295
602.7538
457.9271
168.8565
561.6822
566.4707
291.3386
548.1995
672.7745
784.0204
904.0249
334.7387
190.2683
362.5192
711.8686
753.7313
824.1735
210.0391
618.8583
143.2687
448.9283
802.4208
37.1543
572.1098
672.0963
905.6770
42.4992
974.3981
631.4943
693.5194
830.6738
826.2519
680.9885
565.7182
988.9500
77.5918
964.9700
798.2611
897.1626
863.4260
157.3668
550.8488
985.6525
812.9254
706.6616
547.3730
664.4766
651.8421
806.8447
522.8100
564.9223
345.2838
783.2791
682.6398
880.8227
612.1525
769.1390
436.1179
524.6189
340.0445
820.0115
968.7821
475.7994
844.9542
568.4943
813.0422
681.2808
606.2379
328.7677
541.1120
925.6300
414.6881
281.5792
649.0205
6.5111
207.1893
809.4857
911.8858
350.6400
373.4783
195.7289
406.2987
729.4348
689.1210
223.5983
585.9299
568.5770
715.6032
181.8706
165.7073
195.7604
669.8887
311.0758
970.5226
196.6072
341.5810
777.7956
767.5779
938.8148
145.3176
683.1695
660.2712
216.6419
662.0823
743.7813
406.0432
861.1825
850.5395
547.7708
429.4695
772.9707
142.2122
156.5148
741.2808
300.9855
300.5367
900.4878
190.7147
561.4713
101.4618
560.2268
151.5400
108.8446
427.5617
270.6259
569.8142
191.2936
275.3708
774.5911
819.2308
243.4883
323.5259
496.7643
450.6848
338.4310
306.0301
682.0462
965.8389
525.1217
167.5407
421.8792
422.1326
792.2460
186.4268
93.5987
692.9070
900.0442
257.6944
67.2604
59.0529
836.9830
445.0927
507.9665
933.0995
869.6999
115.5891
397.2415
939.5982
605.4853
343.2917
597.5100
468.2040
850.0093
292.7910
260.7432
986.9251
736.8932
380.7050
303.8449
64.9810
626.5350
135.3590
420.4674
374.7342
522.6683
259.9515
421.4430
229.2627
605.6311
23.9728
628.4961
993.1000
882.9988
206.4282
262.7272
874.3543
763.0696
398.6332
220.4460
513.8216
547.3536
512.4938
438.2451
966.5521
542.3514
682.5607
840.4912
544.3781
524.3568
73.0504
271.2105
449.0158
528.7573
428.8461
580.0838
597.3734
900.0541
408.3581
234.4211
779.2096
452.9424
223.1107
69.4485
91.1068
496.4293
504.4762
677.5988
482.8141
697.1474
406.0846
873.6753
627.2754
917.0166
386.0260
890.1849
58.9259
173.0977
18.7556
19.3803
786.6450
97.2445
866.1173
93.0208
701.9577
691.9245
410.2481
904.7246
31.5247
71.4326
42.7674
417.9192
874.5915
666.6669
457.5439
861.4694
571.0869
429.9220
150.8320
777.7102
84.1361
913.4327
295.8112
241.3143
69.6003
258.4788
28.0268
377.2572
258.3104
587.3728
989.1265
366.3594
606.6224
116.1150
585.3369
999.8775
102.7335
853.8823
568.4611
650.7814
203.1687
285.6355
539.1503
370.5560
981.9446
304.5427
813.4941
844.8506
648.6452
286.1596
166.4126
137.2806
257.6054
507.8666
746.2021
223.2544
694.6615
800.0011
905.4692
281.3276
351.5896
97.1234
235.6636
458.8514
21.0300
517.9189
241.6217
498.1811
832.0052
186.5785
431.8529
254.3011
307.3727
680.6042
921.5888
628.9721
855.2465
971.1761
272.4617
165.5031
54.2319
246.0697
152.8723
302.1354
808.7547
546.2802
932.7115
806.3387
65.0188
722.7929
301.1497
22.8352
132.9563
475.1975
751.2575
647.0949
577.4373
668.3993
649.6558
222.1891
581.3782
611.2852
112.0006
489.6586
544.4776
532.3508
537.9091
770.3236
352.5642
69.6483
793.0723
678.7344
668.7927
818.0569
234.2432
447.5684
776.5900
145.9492
204.3994
158.8732
88.5497
441.2508
820.5021
658.2942
396.7047
522.4212
615.1693
591.1712
739.6981
113.5151
575.1932
361.2420
137.2471
379.4162
775.4094
232.4712
180.0726
328.2070
414.8299
943.2688
417.2968
557.5589
236.6936
966.9769
613.1317
354.9140
916.4626
752.3063
199.3774
568.2533
329.4624
330.7022
862.2736
988.9959
281.5065
917.3615
834.0070
9.4127
580.2149
603.3202
44.2328
946.4005
799.2198
145.8082
654.9431
172.4462
888.7296
833.0571
116.8931
347.1234
275.8549
614.9726
508.7451
533.6561
819.2794
610.6947
207.0118
571.2147
334.1372
858.1178
647.4713
280.1300
371.9337
206.9851
528.9030
38.7449
801.0618
847.6494
725.1135
868.9718
29.8752
512.9895
663.2163
791.5169
7.3711
476.2660
511.2525
446.8334
414.6178
249.3214
353.4322
607.5630
722.7169
842.9437
462.7012
216.1848
845.5536
694.2068
614.1990
730.2349
922.4704
494.5585
419.1423
98.3926
168.9804
74.5866
405.1389
582.1861
407.8436
158.5865
468.8820
854.7441
83.1276
389.5425
511.2814
438.9280
292.8351
988.4322
909.1406
160.5096
185.4626
965.6439
767.8904
914.4293
258.7876
169.1694
581.5940
134.1045
248.7143
236.5170
388.1678
981.4066
963.8239
457.1740
281.3299
304.2748
7.7802
632.4296
33.4422
898.5124
418.2364
936.2779
815.1918
290.2290
715.8471
526.8434
408.1719
943.8313
745.0323
512.5821
452.5603
562.0886
608.1674
368.1203
866.1831
296.1921
983.1838
647.5596
902.0558
290.1237
456.1721
32.2824
575.5319
445.4239
372.8360
318.5267
184.2717
395.6187
188.5290
437.9373
672.0975
669.7409
712.4571
598.4085
331.2707
495.0336
927.8432
151.5245
104.9454
387.5303
113.5802
22.5103
552.0681
801.5980
614.3775
491.6340
476.2418
541.2741
675.7023
706.8629
423.2165
735.2694
622.3179
637.1874
668.6210
202.4811
97.7995
526.2727
930.7801
624.3884
779.3780
48.2644
483.4051
571.5485
560.1324
576.0096
508.2720
204.5547
439.7966
443.7017
648.9336
589.0667
385.1254
992.6024
912.6583
373.1514
401.5842
836.4804
687.3391
511.8895
514.2497
801.7912
676.6005
125.6337
211.3539
281.9224
664.9418
951.0647
530.0388
225.8075
171.6004
557.2810
660.1239
768.8782
266.5922
140.9578
44.9356
222.3966
797.0296
500.3184
71.6109
220.3448
716.3176
358.4915
237.4653
679.8642
725.1001
905.7251
840.1171
859.2972
691.4438
360.0641
337.9242
646.5234
920.2977
757.4757
907.5080
651.9073
400.7968
436.2623
323.1342
346.3687
466.8701
343.0859
384.7825
703.6944
178.2413
381.4875
765.8593
638.7295
129.9576
118.7348
284.5444
117.0029
475.5326
443.6414
227.8286
577.0785
686.3607
604.2327
334.0951
387.9781
635.5605
214.6558
40.6668
574.9680
326.9981
917.8366
416.5479
805.4168
192.4946
31.0409
321.7153
912.6608
937.4126
227.9968
807.9043
605.2360
747.3903
462.1162
695.6795
572.5161
58.1092
251.7177
846.7817
623.5630
148.9906
559.3788
112.5838
273.4677
998.5709
523.8034
910.0954
310.1628
821.4693
287.2081
560.6720
941.5148
190.4302
367.2844
243.8133
369.2701
580.6287
301.1709
514.8631
297.6126
469.7792
101.2918
598.1591
245.1678
873.6213
100.5491
226.6317
793.5087
488.6616
71.7627
217.7972
370.8530
816.2104
747.3788
581.9302
34.7583
516.8910
192.5222
289.0756
305.7336
215.7677
232.2824
200.6742
915.2264
179.8042
598.7437
741.3334
203.6771
376.1616
857.3601
789.6868
94.6638
639.8672
193.9545
638.2242
171.8584
86.8646
503.2553
473.7294
649.1024
628.2035
510.5999
263.8925
417.1360
360.5572
894.5074
355.3898
390.8817
959.4759
171.0076
533.9236
758.0312
367.1118
723.4075
533.6594
379.9348
191.3222
772.2985
440.8809
316.8549
115.2102
551.9877
641.6795
447.4177
478.2809
501.0246
970.9874
600.9979
151.3871
993.8742
690.6331
404.5268
509.3265
663.9544
950.0671
297.9666
712.1560
119.7102
803.1829
254.2228
790.5320
548.8743
642.2576
147.1241
843.6035
102.7804
448.2577
366.2403
161.2053
416.9161
394.0882
602.6246
768.6633
99.0862
831.6623
397.0299
243.3139
346.5058
412.8529
922.1941
930.4973
926.5007
622.4970
780.3743
98.1072
228.2545
797.4462
322.7533
645.9028
740.4904
775.8615
66.8041
650.9927
81.8991
564.3774
160.0073
885.5581
484.3692
90.4191
234.4248
838.5429
660.4163
885.5960
812.1550
905.1804
87.9541
494.2614
661.4068
542.3976
345.4725
995.0067
15.9828
331.4579
107.8275
423.2240
770.0371
244.3422
633.7400
134.8860
523.0188
514.3177
544.4294
325.9821
776.0761
510.1141
849.4351
776.5020
771.7713
737.5392
184.7440
234.8661
803.4136
901.7849
575.6470
813.1922
451.2825
830.6386
503.9696
29.9275
558.4809
414.7582
161.0924
812.2092
752.6845
549.0791
447.0830
107.4711
691.1896
991.3615
804.9033
578.1802
202.8242
820.4869
413.4432
251.4213
10.6046
322.9095
24.1730
942.7861
378.7680
958.6234
778.0917
460.0917
95.4570
839.0583
648.2977
650.3184
299.9316
176.2069
2.7745
209.3998
783.8426
786.9264
250.6364
711.5169
522.0348
221.9970
320.8827
174.5291
496.5366
305.7993
989.1387
310.5864
930.1821
112.5657
506.9283
742.6988
162.9532
4.6461
335.1262
959.4176
403.1549
608.1052
207.6914
52.7134
974.9714
49.3613
283.5708
72.2937
818.0395
19.8703
74.9847
285.1391
10.9791
890.3486
213.0755
230.0527
988.1309
235.0020
486.0036
174.3345
389.6851
254.4173
590.1587
869.7613
715.2136
185.2288
288.1626
790.5375
268.3505
242.5956
734.6330
880.4747
447.9601
50.1215
385.4743
503.3377
184.7826
622.4318
818.9440
917.7592
609.5402
788.1755
203.7866
540.0576
145.6144
471.3745
210.1967
419.2177
238.0877
777.1630
967.2156
399.8640
369.2911
413.4845
97.2067
386.6345
425.3786
7.9927
553.4078
873.7246
114.0070
789.1369
127.9036
61.7266
383.3442
607.1992
76.5538
811.4240
158.3684
435.7251
938.5664
411.7234
730.0257
112.1360
549.2904
884.8736
344.0123
456.4693
809.8147
446.1545
335.4834
665.8816
37.4807
125.2199
545.2327
782.7760
546.7324
79.4409
645.9858
733.7186
405.9892
164.3902
397.6298
163.8245
389.0752
612.5740
935.5856
966.9100
968.3907
406.8607
829.6382
678.8853
965.0767
949.5494
620.8919
841.3957
124.8977
276.3274
444.2903
59.2520
312.4867
804.3892
654.8063
948.8362
943.8105
695.2267
646.7394
944.7271
220.9004
790.1648
413.0530
435.1746
258.0226
1.9402
787.9178
574.8029
988.9661
443.2210
411.3995
242.5878
289.6020
578.5146
36.6675
430.1218
81.5861
61.7565
420.7329
521.4465
944.2675
427.5764
259.3662
927.7848
436.4972
134.3766
864.2073
974.9804
75.2702
701.4754
955.9178
904.3360
24.4557
119.9162
918.2722
690.2696
589.3832
348.1145
781.7567
502.0080
589.3155
305.3649
617.7573
111.1908
950.7003
961.7839
663.8684
242.8869
964.8387
895.4890
757.8519
587.8214
739.7309
287.6881
160.4697
952.4896
149.7085
771.9497
52.4695
406.5264
848.5694
264.3969
29.0786
607.3462
477.0720
108.3153
126.7307
306.1521
162.1728
511.6293
302.4782
537.4338
565.9379
719.4373
1.4253
263.9464
25.4637
487.6045
623.7584
990.9660
614.0674
248.0174
276.0834
993.6214
847.8106
514.7980
360.3854
727.3864
951.8473
712.9093
364.0628
676.9104
7.8162
688.9591
538.4634
856.9833
983.8701
766.5930
555.5575
660.1822
658.1031
562.4601
242.5667
603.2860
309.7540
679.8717
586.7639
209.3846
322.9546
501.0588
49.4075
421.8223
418.1836
383.3735
675.5750
962.3162
176.3345
512.3931
753.4928
915.1852
855.9162
933.0132
543.4110
73.9484
722.1625
553.7557
263.7293
650.8552
471.1196
51.0382
666.3183
70.3212
262.6537
39.5647
135.4475
854.4574
894.6032
435.8503
583.8086
122.1817
629.3362
868.0598
132.9279
637.6824
528.4002
467.4252
258.9675
885.0988
786.4607
193.3588
802.7727
73.9431
769.9792
813.4608
413.9912
231.3851
23.8365
898.3706
415.8045
561.8210
343.6083
398.1733
536.8356
931.5089
163.2835
939.2751
837.2744
412.7794
200.1006
985.5678
770.1489
189.3533
531.0861
237.5608
262.7651
309.5504
881.8259
38.8994
215.5539
327.3327
241.9785
557.9336
822.0507
386.9135
358.6380
425.6219
739.5873
682.8997
573.5390
187.5753
652.1426
712.6479
464.3390
784.6311
21.6794
205.4707
291.6003
880.4806
529.1860
237.0959
321.7132
791.2747
133.3461
843.3912
866.0585
34.0203
483.7546
48.6022
970.4043
608.0857
546.2512
500.6222
867.6161
271.4770
536.8268
251.9066
622.7823
815.3474
230.3945
329.6577
385.2099
982.5100
395.8417
404.5496
291.8245
597.4762
570.5467
662.4089
332.9301
168.3944
772.5306
157.1049
824.7989
804.2335
212.2335
834.2209
385.5537
780.1665
112.0150
312.9177
486.3867
175.3995
184.6926
40.7264
430.5670
268.6995
338.4572
939.2989
356.3905
209.3951
238.6761
631.3368
961.5126
425.7066
792.7596
500.9094
49.2235
229.6263
971.8026
903.4251
137.7519
363.3276
292.4111
481.0054
562.5160
175.0324
50.3204
697.8452
865.6051
239.4403
293.9223
166.8142
985.5579
269.7730
299.0730
741.3464
115.8287
934.3665
316.6063
963.1294
932.4510
198.4542
627.8287
301.5028
281.4344
67.4045
884.1316
510.3739
461.4180
706.3693
460.5057
31.4073
463.0776
829.3931
178.4576
593.2169
569.7752
666.4214
979.7894
139.8360
521.5866
994.3711
277.5614
379.8835
516.5058
285.2637
544.0241
807.6340
638.3500
544.8971
489.6998
758.9052
317.1088
487.9579
351.1200
944.1892
624.6437
850.2476
812.5478
563.9855
230.9347
719.8277
256.3804
736.2447
451.1367
273.0755
90.9434
256.7149
54.7657
912.8038
283.0041
413.2122
276.5796
503.9186
207.0732
802.1846
713.5718
957.0821
450.2463
398.1743
581.0663
840.6152
222.6013
322.2894
810.9117
1.6761
853.2159
549.4741
895.5850
316.3469
299.9619
720.4691
439.6818
534.0037
236.0192
549.0792
247.5854
882.2733
383.6660
852.1939
754.5082
697.8017
877.2040
239.2689
214.2244
818.5150
423.9212
217.3947
703.8804
930.4358
301.7569
636.3360
414.8506
102.4666
670.1516
165.4829
184.3497
311.0135
165.3540
77.5224
788.8363
35.0098
377.3795
770.6660
122.3311
442.4629
877.0998
496.6861
149.1482
608.3176
579.4900
306.8013
23.1911
194.9046
610.6739
896.1469
855.4970
470.1767
569.6547
532.0684
378.0574
24.4778
368.2105
675.0564
376.0946
234.6205
28.7182
449.8684
433.9084
642.6958
474.6809
408.0285
204.7491
368.3609
731.8419
544.4183
650.1812
823.2316
854.4911
441.7827
970.2827
684.6060
697.5461
317.2263
344.8714
520.3168
57.4799
595.8718
465.6154
612.2707
669.0824
306.2419
777.2298
856.7582
596.1767
138.4763
267.8420
659.4647
690.6416
672.3246
996.2252
698.5136
896.7101
972.6173
800.5451
747.0343
385.6498
438.8952
361.0021
553.6741
457.0106
865.5420
446.8391
443.4295
859.0435
473.0449
700.9161
372.3343
583.0191
850.5937
666.6596
863.6541
885.5870
534.2614
658.8329
809.8856
675.4297
775.8890
941.7847
680.2876
362.3621
567.4792
422.9807
193.3367
88.1201
771.0777
308.5190
940.5925
145.7943
571.0678
963.3138
380.4536
444.9085
150.9218
413.5447
349.2526
22.1313
562.4843
778.4928
559.8722
484.3714
920.8345
911.0404
543.9056
668.8897
935.5933
866.8171
549.0470
696.4215
410.8874
633.2629
505.6216
303.2427
621.6725
476.1594
552.8937
29.9829
799.4700
968.3569
770.2562
485.8888
27.7950
535.5969
68.1924
197.2763
817.3334
290.6703
84.0961
425.1743
350.1679
646.4865
825.3524
607.3878
213.5630
96.8056
440.6940
298.8032
97.0493
809.6069
900.8199
616.7780
345.3693
181.6439
982.4372
737.1901
440.9099
74.1978
898.7384
419.2028
226.6811
434.7376
649.4937
920.4725
811.6371
444.9691
143.1383
336.9990
703.9825
569.7361
405.7560
533.8134
780.8533
362.0216
702.9484
70.2218
523.5500
608.1789
383.4280
954.1607
533.5410
5.3083
104.4990
694.4397
714.0076
386.4326
828.2483
818.5857
232.4712
432.8519
439.8136
180.0690
589.4190
18.6777
686.9301
804.6568
779.5737
177.2061
763.2310
987.5606
875.9933
736.4074
243.1810
609.5873
352.5441
296.7352
182.6432
819.0872
701.8766
773.3794
399.8835
442.1678
45.9255
993.4344
706.1309
17.8720
802.1222
147.2923
632.1342
795.0087
275.3051
27.5445
570.4875
138.4827
475.1360
723.3119
43.2613
162.4889
458.3988
592.5660
232.1746
744.4715
498.3563
55.6605
881.2230
650.3202
451.2793
360.8181
398.0219
615.4795
233.4159
49.3898
952.0475
509.1876
940.0623
125.5073
242.0118
185.6410
882.5079
754.1475
564.8579
15.2947
795.9313
986.8211
50.6801
958.3994
752.9509
575.8525
393.0356
717.2350
159.4433
175.5249
412.6441
674.5724
600.9367
362.6945
781.6476
760.3662
339.5288
132.8667
12.5569
191.4710
951.5034
231.7986
86.7404
137.3906
11.0660
210.6019
349.4093
868.4595
458.8936
825.9129
509.8165
89.6504
516.3978
622.4975
143.0901
526.1009
395.7274
764.8479
380.1675
289.2710
91.1188
392.0885
986.9143
640.6149
635.4880
848.5558
50.7409
437.0463
334.4509
216.0301
808.7882
582.3228
19.0909
719.6635
773.4622
28.2808
880.3976
74.3777
655.3587
361.4325
368.0980
829.7374
735.4539
11.7800
793.6906
95.5653
110.4181
787.3794
920.1079
602.8030
423.2247
989.8859
125.5326
565.4287
671.9699
23.5566
128.6715
350.9653
415.8445
71.2575
985.4837
927.6422
932.0832
988.3558
919.8199
151.1359
880.9561
477.9239
112.0359
518.7367
41.0101
454.6667
650.9208
747.7084
861.9163
323.6048
831.9018
828.3308
374.0355
442.5583
867.3806
617.2892
96.0205
213.0474
187.2447
490.8372
106.8676
773.1243
754.2829
2.8127
693.8545
976.5582
179.7069
781.4040
41.4354
790.7367
518.9292
879.6300
440.4873
182.2486
296.7635
76.0834
704.9296
821.4223
788.1766
412.1419
899.5943
538.7579
124.3287
798.7808
853.8614
845.4179
857.1910
689.2645
533.8874
785.5602
223.2849
748.7098
404.5579
545.7814
66.1273
766.4449
753.9292
391.9676
234.8917
467.0830
538.5279
615.8564
875.2686
604.9196
496.5222
120.0230
167.8360
141.5580
67.9248
626.7346
68.1122
90.0457
482.7470
103.7246
913.2494
437.8003
505.9711
235.7177
344.2450
409.6552
687.6423
74.9379
967.2573
612.1854
123.5565
704.3757
407.8327
184.9368
177.6593
240.4635
815.7286
483.7523
522.6876
629.8912
609.2106
959.6699
376.2964
346.7523
46.6689
275.6726
814.2534
563.5771
6.8757
436.6128
384.1271
759.6151
973.7839
960.9019
924.1039
554.8405
819.9125
902.5744
960.6463
670.6269
865.2334
407.2079
266.2397
63.2818
445.6991
994.1608
487.2594
47.2179
752.4915
159.2523
243.9470
365.1327
82.3754
675.4699
839.7291
662.8479
590.6598
299.4479
46.5756
802.8605
807.8672
743.7654
215.8016
662.6869
751.0048
428.7332
558.7968
435.5830
405.8040
763.9050
903.2969
96.9365
188.2717
640.6461
561.7741
143.2845
312.2797
700.0380
331.2715
771.8326
797.2102
998.5905
498.7005
558.8018
626.4473
160.8912
280.8748
328.5484
400.4452
699.9064
745.8097
316.5055
891.4682
830.7197
498.4731
657.0416
424.7310
837.3025
853.2387
163.0512
857.6914
153.6547
986.1148
791.5391
424.4360
750.8231
236.9599
938.5126
792.6254
573.4635
519.7874
326.4481
338.7959
573.1213
140.7895
544.6463
384.4950
841.7660
644.6615
561.4695
155.5806
384.0760
711.9822
859.1877
598.8050
587.0861
221.4791
605.3661
817.5636
109.7894
414.2005
523.1094
110.7951
19.2545
562.5069
97.9465
493.6006
392.7000
687.2556
210.9477
678.1927
644.4924
56.2390
825.4450
776.0035
464.1297
306.1881
324.7465
826.2559
304.5247
515.5290
390.2162
145.1398
496.5979
884.0267
480.7833
130.7354
228.8304
739.2311
485.3407
86.8516
681.0249
348.3415
292.9108
806.1262
397.7654
668.1258
472.8990
813.5002
278.6572
544.5935
943.3829
784.8372
806.8907
355.9886
761.1942
621.7084
251.6119
263.2982
820.2918
547.2685
633.8347
473.8289
824.9498
36.3572
311.4710
181.1478
815.5260
999.4381
711.0172
233.9699
256.2643
622.7837
467.2610
814.5309
219.9362
566.3056
42.3678
74.4436
185.6338
705.8030
324.3122
480.7151
184.8614
428.4957
899.6881
933.6706
368.3652
918.8630
136.9300
37.4656
908.8404
40.0847
764.7276
710.2012
194.7625
523.6247
579.9665
282.7284
123.6367
940.1429
322.9241
376.7261
23.4745
823.9195
20.3566
407.8210
523.9882
18.8030
909.2227
950.6874
945.6778
394.8804
412.8941
848.4358
119.0431
642.4032
489.1047
165.6508
557.9028
238.8715
80.0040
710.0491
862.1240
37.1267
683.4863
748.2669
260.7556
169.5458
21.3836
902.1196
670.6346
366.4959
761.4008
488.5092
605.8631
799.8798
287.3251
873.6519
435.5627
778.4466
148.1553
486.7028
340.3474
923.2779
377.9965
782.3358
456.8764
835.1852
911.2054
634.3569
115.6129
306.6040
302.7756
466.0882
21.4067
166.1816
386.1385
947.0728
483.3003
105.5924
968.2274
575.1551
408.3571
178.6285
632.0724
165.1684
496.6939
371.8728
22.3662
346.8720
886.8369
65.6123
744.2259
995.9922
811.2892
861.8203
758.6342
25.6523
376.3487
45.6341
744.2810
3.9365
299.7171
78.1329
168.9726
54.7211
587.5428
415.6208
261.8712
961.4350
242.3563
750.7575
177.9019
646.2097
352.6525
507.6077
945.1686
896.1329
90.1050
550.0489
825.8193
977.7235
467.5346
210.1656
588.7872
387.9454
974.7685
273.9146
22.4862
315.9335
622.3725
504.4558
51.9976
499.8274
610.4066
199.0475
131.2215
303.7824
657.7550
122.3669
246.8525
480.8470
271.0676
202.0250
857.7474
161.3386
289.1966
110.4256
712.5836
71.6668
654.5752
295.4894
150.4950
181.0391
436.6631
480.7165
72.9606
792.2982
531.5382
379.1102
208.8518
81.6427
133.0492
123.2256
329.8086
863.4992
835.8040
278.1178
219.7001
84.0579
394.4044
601.3782
891.8261
458.4287
601.9716
573.2371
253.4981
178.6395
324.1445
239.8737
152.7877
237.1197
598.7106
476.5235
974.8408
292.8027
22.8524
102.8937
489.6614
49.4235
954.6476
287.2475
263.0177
591.4330
578.4760
70.9960
306.2454
687.6088
360.8271
74.1161
902.5504
237.7804
304.8934
175.1541
70.2626
157.2752
673.1007
795.5627
404.7739
325.1489
854.9671
524.4055
153.2131
248.8498
910.1278
321.3416
307.5459
123.2864
50.6584
264.4568
822.5124
766.1922
454.0693
459.8230
278.7647
823.0443
803.6868
426.8849
734.3902
889.1686
874.8221
615.2714
807.7782
606.2725
149.3149
788.7818
323.2653
633.3765
770.6065
444.4060
261.0345
179.1960
665.1766
251.9370
153.8749
433.3595
989.9360
409.5769
329.7119
636.8834
141.4693
640.4052
56.5221
505.9701
641.2178
420.3631
590.1967
891.7221
786.6152
902.0369
225.9566
150.4595
372.6073
701.9732
837.3283
124.5862
61.2661
163.7862
353.5517
669.9798
258.9639
403.6143
963.5379
281.4455
672.0544
966.1966
792.0577
381.2108
562.6687
739.4348
959.7876
213.7019
247.0654
926.5557
491.2134
744.5815
315.6461
605.6387
744.5153
600.3556
482.4305
750.1376
293.5502
928.4156
293.9366
247.2356
202.5520
537.4070
97.2689
214.6938
558.9147
793.5970
565.2837
314.9730
163.9289
354.0164
84.1342
138.4319
219.3902
106.2853
469.0991
287.1125
678.7563
669.5348
658.0424
46.2018
389.5709
298.7489
350.6022
970.3109
748.6292
848.3969
476.1790
504.8292
168.8923
84.7967
31.2078
176.5096
506.9086
752.4543
739.4903
619.8142
565.0730
915.2089
433.4792
736.1976
981.5603
702.9080
34.9526
893.8557
710.7367
0.4098
574.4201
793.2508
60.2005
147.1695
801.3811
407.2707
282.6297
249.3264
966.8695
266.8538
289.1619
821.8722
677.1593
404.2371
716.3707
465.9285
182.9340
139.9594
575.3428
773.4398
43.5786
650.7360
745.1849
856.7525
831.4443
791.0570
766.2469
230.9445
489.9539
518.1173
370.5312
58.8437
168.3391
439.6110
572.2291
51.4864
47.9360
832.7780
9.2463
879.6029
964.5412
2.9680
290.1302
458.0711
708.7181
192.0860
136.7106
388.2036
383.7611
824.7537
874.6717
892.3763
995.2993
209.4224
585.6858
356.9624
865.8508
305.8176
864.0162
539.9984
969.9331
950.8124
781.6891
312.3255
111.6250
773.5030
556.6323
728.6445
5.7494
742.3209
349.1682
742.2471
23.7986
815.8230
594.9402
252.8773
24.3566
577.4170
239.4455
420.5942
507.7948
767.0907
238.1153
954.5631
594.7490
735.0788
873.1096
440.2530
907.3718
135.0399
814.2129
598.8424
98.1442
569.4872
380.0531
282.7245
586.7549
164.8475
115.9781
279.5515
758.8627
297.4423
679.4952
348.0776
942.3575
481.9841
611.7214
965.6406
293.0113
58.3831
849.1178
601.9764
617.4485
374.7694
382.5980
613.2364
49.9300
551.2253
766.4773
245.4994
257.7070
681.1951
162.8432
322.8267
289.7230
313.5708
584.8713
562.9426
351.6487
158.9348
901.2001
600.7024
830.1471
346.7145
14.7079
41.4330
395.9572
869.5432
332.0348
966.0155
158.0298
608.2609
405.5394
994.1706
718.2699
443.8408
329.2660
87.0399
437.5582
740.8555
255.9469
58.1940
766.3255
837.5692
108.5194
451.0255
684.7961
332.9605
190.7975
534.2597
246.2989
155.8282
458.0790
324.4569
77.7864
221.1307
147.3411
640.8496
167.9705
699.4400
241.9027
552.7153
490.1104
117.9911
833.4471
992.0936
593.8876
62.1961
170.1650
573.7224
987.0156
914.4845
340.7199
201.5083
962.9578
78.8272
77.3825
765.8307
679.9544
616.1763
540.1311
33.0201
935.6146
838.8597
220.8741
238.2059
529.4459
738.0311
502.9573
681.6281
418.5051
951.2553
871.2454
41.2584
316.7986
29.6482
706.9930
701.5071
689.4426
309.4109
480.8537
771.7578
344.9438
334.9740
666.3554
251.3963
603.8875
331.5023
443.3620
643.3593
585.4135
747.5486
952.5477
715.9887
174.4851
315.4669
926.3800
618.9008
639.1876
960.4099
917.4182
195.8649
363.6863
116.4270
211.9055
29.1996
742.5054
654.4272
247.2812
15.1176
148.9168
607.6451
670.3269
540.9795
98.1469
929.4332
231.0953
300.1952
435.0623
94.8732
542.7427
413.8347
178.8676
442.9814
719.6779
903.1116
768.1170
953.6197
261.2469
268.1675
72.4176
807.8900
185.8304
949.0903
650.3565
361.8173
114.4787
310.5030
643.3672
111.7691
411.7952
844.7150
516.2175
237.6094
655.4936
716.9912
63.0410
345.9236
218.2394
487.6157
756.0573
630.4322
621.4846
690.9811
250.6964
137.0925
111.0710
523.4273
778.1265
231.0106
611.2518
475.6816
964.4687
578.2126
600.0262
832.7192
994.2622
985.3642
461.4165
998.5796
717.4613
608.6237
808.0775
68.6326
152.3092
785.2728
873.9445
232.5284
910.9551
422.9391
405.2747
944.9443
650.9970
74.8545
602.1587
648.8914
814.5284
645.0218
272.9493
511.7220
247.2412
363.5426
503.5311
459.9340
985.1961
341.1801
794.9073
555.4717
442.1003
929.9650
961.1918
186.9220
611.9354
46.6563
826.2804
846.8671
115.0720
26.6037
716.4881
313.9066
686.0023
893.6641
236.9348
14.0991
98.7327
223.8980
285.0241
848.4696
110.3754
355.1053
248.5886
458.8466
292.8294
150.6751
392.6594
132.6538
831.6304
678.1676
256.4202
775.8321
296.5512
982.0816
47.3270
650.6287
355.6213
395.8646
484.9156
80.8129
952.6503
668.6360
617.2219
394.4485
738.8892
352.1033
450.6300
283.1531
344.3149
359.1362
769.4195
311.6355
167.4337
124.9260
338.1656
407.2951
592.2123
270.1526
323.6749
637.5165
606.1931
304.1552
575.4704
471.7534
201.6965
167.8774
219.4123
411.7057
21.0700
252.0092
976.6138
511.3243
741.9666
724.2354
560.6743
367.9947
860.6327
679.4198
307.9426
430.4350
191.1360
294.6221
851.6459
816.9098
960.6050
65.4713
952.0160
826.2879
798.8288
8.8050
57.4520
556.4883
385.5315
533.0382
602.1081
912.9890
427.2285
704.2582
118.7793
707.9351
904.9313
357.7710
406.0791
815.5420
172.4680
557.9615
986.6195
731.8055
283.7191
253.0366
597.2009
932.3343
444.7519
970.2622
123.7011
605.6556
672.9289
710.1680
311.0588
776.6757
474.4201
789.4582
733.3869
45.2145
616.6985
589.0244
334.9305
463.6154
301.3218
881.3775
171.0241
931.9869
247.5237
737.7219
79.7151
944.5736
941.2541
296.7456
236.9345
902.2505
687.0648
538.6557
768.7676
357.2710
303.2679
954.0665
209.1151
111.8609
597.7834
547.7290
40.6016
925.9906
752.6404
967.0980
531.5790
544.2429
481.0929
857.7506
849.8096
754.3494
699.8346
158.3406
683.7189
74.4653
526.8359
939.1357
875.4823
868.9061
19.7546
811.0866
106.3787
828.6991
187.5211
389.1615
808.3556
220.7155
404.9496
736.9986
858.2591
845.5191
502.3589
961.8110
833.4129
502.4424
173.0260
722.2698
319.6503
574.3974
266.0435
787.5379
631.0084
168.3818
324.6099
840.9813
540.2679
933.4705
523.3800
847.9170
437.5830
408.2255
692.4798
563.9887
133.3243
615.0591
375.2428
700.7297
45.6118
455.5107
540.9192
302.2388
631.1211
595.0935
118.3071
806.9587
180.6486
683.4675
766.4377
928.0887
416.7705
401.1379
237.9239
271.6525
263.3414
16.3069
12.3153
312.0940
848.6192
484.0012
923.9927
962.7682
912.6503
750.3900
294.0789
94.8186
270.0423
659.2235
572.5746
703.1036
425.7513
40.8361
445.3287
248.4802
47.9753
652.9351
489.0388
29.8517
519.4231
771.7894
179.6382
895.0835
420.1562
943.3640
809.9343
301.1750
482.1177
576.8659
229.4707
727.6938
922.9787
766.4088
429.1728
323.2379
229.7634
61.2920
366.3088
692.4119
607.6952
223.1686
286.8113
978.8232
760.6127
5.3021
311.9392
714.5591
577.7697
960.5685
121.5788
125.6247
196.2711
928.9709
419.6358
917.0429
40.2195
246.5096
95.1636
637.0057
675.7784
119.9242
93.7939
680.9413
623.8182
590.5071
683.7663
134.3738
761.0409
939.0318
448.9006
633.1038
303.8046
856.8323
917.9542
967.5447
14.4404
71.1054
882.7180
553.4914
559.3356
939.7657
798.7347
224.9344
289.5880
630.6774
702.6260
636.7071
423.6129
53.9520
675.9163
455.9551
732.7780
141.0568
462.5276
171.3873
728.6061
148.9212
145.1857
587.7875
195.2710
729.5201
773.7669
240.8665
257.0553
860.5431
813.6166
144.5735
925.9400
366.1471
247.8166
85.3537
413.0448
665.4864
359.8377
814.0273
907.2185
293.8523
692.9974
251.4475
783.1134
346.2477
492.4260
571.3085
916.7808
814.1589
66.9354
452.6025
254.5223
89.3796
677.9054
251.3515
260.2596
827.7104
77.1632
871.5534
285.3240
349.6379
489.8061
733.5744
890.1880
715.2000
976.5767
8.8469
933.9807
762.6739
670.9410
536.6879
369.5598
624.5790
13.7839
120.4952
150.9635
834.0577
265.3286
406.6913
908.3423
92.7830
229.0664
536.2603
999.6359
321.0239
876.7907
617.9651
28.1145
899.3504
736.8568
921.1029
128.5311
297.1923
321.0584
394.3655
936.3939
347.7092
468.8035
505.4247
336.1100
758.0232
695.7575
188.1227
335.0764
698.0898
540.7452
732.2262
917.2983
870.6987
292.9885
789.1392
341.7706
287.6011
678.9114
925.5149
337.4287
983.0939
724.0913
480.5349
840.9918
965.3255
688.4139
593.2429
883.7270
517.7137
328.8251
604.4772
474.0132
268.8669
665.0176
301.9697
57.4067
359.5528
619.4311
528.8264
293.9803
654.8005
139.1277
464.9180
627.0123
700.8688
675.4572
800.2887
426.4035
448.5549
752.5222
518.1331
142.0656
674.8053
706.4651
722.8636
847.1978
180.1528
723.0747
2.5122
717.6461
871.5948
413.4682
695.7481
785.8946
266.7555
116.6318
293.4731
369.8929
53.3021
912.9284
824.5551
767.8976
306.9608
615.1946
697.9450
59.3049
581.5036
447.0405
882.6827
769.4215
292.5061
758.4912
253.8913
754.9164
292.6805
691.1825
60.1385
522.9125
836.3681
723.6958
25.7345
558.1233
977.1870
600.6974
762.4478
545.6916
219.5885
985.4845
703.9097
869.8418
583.1700
22.1780
887.9763
781.9288
454.3774
152.3708
383.4395
876.0248
394.8903
307.1339
991.0886
36.9864
979.2720
171.9626
655.0802
161.7367
292.7195
523.7755
812.7494
25.2737
109.1378
399.6293
903.5578
321.3315
175.4512
629.1277
240.9908
390.4608
596.0841
723.8199
613.1537
303.7838
28.4885
733.5881
985.5912
61.1258
706.9765
666.8980
516.2544
436.7002
249.0719
38.9641
104.6925
81.9390
810.5436
318.6722
907.5670
596.5672
346.7210
127.4994
64.9787
762.3842
790.4179
209.4778
809.6574
701.9675
218.8417
18.4378
489.3729
679.9542
640.0959
208.6459
301.8283
702.6696
8.6950
397.3695
92.6145
868.0353
501.0316
723.2659
652.3240
256.7267
546.8422
554.3857
31.2170
769.2152
971.4150
611.9172
554.0278
777.2701
451.2952
376.0226
24.1299
323.3160
958.3270
125.0022
714.0456
832.7882
434.2536
868.5146
830.8887
380.2759
150.0976
67.5596
994.6647
114.1183
481.8672
432.4668
870.0151
120.7583
33.5395
842.2248
727.9851
425.6121
517.3626
350.2998
938.7271
715.6202
539.6617
900.9699
189.3645
856.5525
754.2704
61.8662
506.1482
479.9581
180.6220
415.9640
134.0691
534.6645
313.0603
710.9037
254.4478
355.4464
336.4751
962.6129
285.2414
104.4191
964.1778
793.3835
689.1275
203.6242
753.2184
231.9011
48.0407
263.1440
698.7600
773.2793
448.2129
713.7292
65.8339
539.8071
140.0496
305.3804
130.1869
153.1856
132.2330
608.2938
754.4499
50.5939
680.4152
820.3230
186.2248
539.0453
378.8980
863.1561
298.7103
346.8527
743.5335
528.4064
70.0036
939.5489
97.2132
496.1036
197.2054
132.6888
14.5315
905.5503
929.6386
311.3101
128.8961
835.9497
111.8469
642.7864
95.8022
293.6390
957.7712
461.0059
707.5084
241.0489
45.5412
729.0598
246.6929
351.6911
827.3544
812.5506
610.9261
728.4386
452.0548
340.0719
611.5108
913.0906
724.5527
741.3794
201.5205
899.6597
819.7752
949.9376
463.2573
770.0988
603.2814
738.5107
287.7706
676.7557
784.0780
623.5724
907.7927
769.4940
283.7265
882.2327
661.6387
862.9169
743.2761
627.2943
487.9300
182.3281
239.5419
789.6232
797.0864
510.3506
897.1007
722.1960
53.6960
263.5027
255.9464
519.3484
999.8973
591.3458
740.9496
750.8241
612.1747
307.0662
876.9931
7.4046
431.5844
430.0628
120.9681
765.0030
323.3837
400.0762
773.5873
79.2328
50.0327
818.2611
648.5419
108.6317
545.7064
506.8672
289.9399
918.7825
162.9146
85.9739
450.8959
612.4388
395.0988
448.5120
107.7048
356.9850
9.6901
258.1048
761.9392
529.2335
174.2676
628.9224
92.5391
691.1604
910.3328
597.6841
798.2302
258.8898
649.6569
473.5162
721.3583
164.3222
767.6862
669.7111
148.9266
948.6605
886.2341
61.8944
921.3870
421.1032
516.5405
755.1712
725.0351
705.7450
508.6232
204.4319
2.1199
119.0342
389.9831
665.2222
176.8527
985.3657
969.1578
939.0369
520.7251
865.2291
887.0872
81.4451
272.9645
169.3343
957.6325
206.8556
599.8264
719.7283
763.6266
14.2825
52.8577
300.9100
673.6953
140.0899
203.3068
9.9309
204.7251
812.6679
276.0948
685.7168
265.5599
726.7763
687.3817
642.9484
343.1626
486.0328
429.4085
14.3021
986.7715
546.6848
282.0248
170.4149
923.3366
240.5974
314.7777
401.6784
249.9402
438.9417
51.6474
272.3931
411.1176
386.7700
999.9672
567.9727
929.4316
261.7083
13.5072
625.8951
74.9076
28.3750
383.5671
412.9967
806.5413
577.0184
212.2969
694.0048
730.2018
330.5018
290.3893
74.2202
621.5793
185.8245
681.0061
582.2545
489.0210
961.6004
838.4814
564.5046
152.7460
146.5003
554.7658
847.3692
371.2851
575.0223
746.0094
247.3955
501.3457
616.4085
277.9125
193.7822
222.2410
317.3242
358.4495
811.9663
476.2637
675.0900
47.6388
596.1274
304.2669
354.9334
631.0425
454.5917
173.3749
568.0771
111.3303
680.1030
543.5657
547.3329
946.3368
734.3390
699.8513
279.3545
659.5548
154.3355
673.1282
507.9976
362.9490
964.9247
861.2539
74.3003
770.3105
315.0290
946.4987
555.0384
852.9471
461.1021
675.5612
213.2127
2.8748
563.6777
246.1940
565.3620
441.0581
5.1171
146.8542
582.7880
271.8653
528.0033
329.1900
254.0769
584.5711
578.8854
215.4176
644.2878
557.3159
685.4562
81.8814
754.0468
833.6679
824.3659
888.3459
889.0176
189.4844
466.3944
168.2406
14.0702
257.9473
791.4025
312.1963
304.3429
820.5180
989.0587
825.8449
335.2907
761.9894
469.8905
285.0386
392.4206
296.4198
745.8014
387.6031
559.4135
221.3775
332.6898
613.9792
773.2603
346.2887
838.0236
335.9365
407.6282
699.0814
977.5681
357.5389
667.9069
24.1274
419.7054
499.7044
164.9669
637.3397
351.1221
950.2460
798.7130
642.6857
486.7378
605.0497
462.0349
148.9014
257.5876
157.9304
480.8865
671.2438
338.2931
935.5932
775.5523
180.8119
901.8352
363.5288
709.0217
139.4380
951.2860
667.7727
629.6493
70.0460
762.3850
885.1869
428.6717
442.3065
489.9740
291.5650
863.9507
433.0083
140.5302
930.6474
235.1340
994.7624
319.3348
835.3220
145.0050
209.4411
578.3024
996.8542
784.3508
281.9205
453.9834
241.3695
818.6020
737.9922
987.5430
511.5266
275.9070
792.1267
526.2531
834.9493
646.0944
992.8101
713.9253
357.4261
619.2205
289.1385
905.4918
640.3897
165.3235
588.7550
723.7743
949.8548
483.0081
764.6514
693.4325
719.4532
667.1921
670.2189
144.4624
95.4798
389.0922
274.1009
631.0321
803.3052
319.9246
224.0630
729.9099
651.5344
906.1564
889.5692
172.7580
785.2561
30.0845
205.6839
640.0845
789.0972
681.8017
249.2521
347.6819
523.5102
783.5482
236.8436
872.4034
254.6429
852.8612
753.8630
800.9193
997.5932
853.9573
500.3631
397.3971
756.9632
20.0734
520.3317
544.6422
639.2330
708.1738
983.2731
905.5039
118.0934
983.7225
698.5260
454.0078
300.7118
674.8254
148.2964
45.3905
837.3005
843.3936
80.0185
605.7966
362.8450
824.8255
856.6557
646.9367
616.2278
790.1560
42.5209
477.6710
541.3450
236.1650
531.3814
325.1777
944.8626
769.4623
187.3141
786.7824
111.2435
454.3129
859.8942
845.9818
845.5840
457.1793
979.4421
291.1230
210.1026
662.3155
891.5682
429.7542
237.5355
487.1790
940.4873
389.6132
773.5983
772.1920
232.5528
12.5281
624.5625
654.9164
81.6846
442.4653
902.1982
377.3152
258.6221
634.3350
322.6375
328.3714
246.1540
590.4270
34.4921
250.4402
670.1086
251.1436
184.8756
840.0333
207.1530
836.2014
57.6558
24.4201
34.3866
8.7034
508.2682
529.2491
687.0079
249.8943
713.7802
695.9246
532.5695
79.0761
835.3579
313.1252
532.8436
742.3092
445.6880
301.1008
786.7996
702.2689
252.4465
8.3786
79.4142
519.3373
680.6467
369.5664
210.5074
447.1288
649.1921
965.7664
839.6163
454.4557
102.7326
259.0711
290.7283
184.4075
46.2642
311.7560
750.4876
830.4327
336.0493
21.3863
453.6357
904.1479
17.2392
587.2941
419.3710
590.8513
710.4684
833.8609
877.3449
182.9300
101.9944
176.2646
341.2778
906.4362
894.8470
355.6395
574.6111
629.4290
530.9257
802.0926
818.0005
235.7291
935.8139
571.0945
722.9880
911.2089
32.5812
71.8991
90.9021
769.7543
51.8576
14.1279
829.2223
925.1098
343.9003
929.5535
889.5209
999.2681
288.0900
702.2458
451.7980
250.5774
294.4716
137.9827
441.2084
429.9381
672.3872
532.8260
695.3203
835.2267
841.3338
710.5332
647.8742
124.4424
855.0165
222.8699
410.4898
849.7115
129.1290
488.0457
246.3587
662.9544
100.5314
347.7170
660.5408
334.1937
745.8506
561.4097
958.2412
93.2465
293.4975
331.2759
525.4744
827.6774
259.0792
704.5660
562.8122
96.3446
357.4520
618.9820
400.0383
116.1041
80.7022
377.6410
547.0619
950.7033
589.4124
796.7000
418.0517
249.0956
378.5951
119.7936
733.0292
289.3165
414.6362
863.3803
659.9800
597.5549
458.5130
567.9345
104.7156
258.7946
458.3927
693.3191
709.1046
617.6073
485.6432
559.7279
525.1884
927.7179
716.2138
311.8624
931.6532
433.0992
271.9315
589.1543
723.1464
370.8333
165.5859
591.6744
986.1403
649.6590
309.6833
130.8399
406.8626
118.3088
233.9650
927.4356
397.1493
450.8882
40.0290
504.2119
406.5217
958.0283
444.7258
705.7509
509.4459
751.9248
723.3197
728.9693
432.6279
134.5184
103.7500
319.2153
970.1452
226.4540
791.2837
166.6622
129.0380
970.7258
512.4486
104.5868
35.1724
293.8589
267.5326
101.0440
750.4759
363.5834
967.6827
506.8656
854.5849
366.6486
159.2539
483.0318
203.0622
843.0625
206.6280
588.2583
363.7489
616.7674
713.2998
277.7871
691.3994
673.1204
535.8741
245.5838
968.4761
791.1766
698.8881
596.3481
175.7497
270.1851
460.0645
290.8231
901.3396
766.2741
895.3683
961.4198
945.9603
122.4117
889.1211
663.3486
373.9153
760.3490
931.6980
986.9122
495.4377
796.5013
137.1869
887.4431
303.6471
536.5282
57.5852
59.8610
178.2474
563.9955
441.5237
204.3080
458.0279
866.5635
120.6596
447.9782
468.6450
349.9591
404.0078
730.4124
56.6309
712.1414
837.6388
49.5406
230.3994
642.0030
73.1051
564.3707
8.0428
888.6285
334.1649
502.1371
654.5328
914.0311
393.9332
752.1446
593.2974
844.4192
628.1221
486.0908
9.9396
432.6730
866.6689
210.6992
224.9647
577.1045
480.7873
475.4886
361.0450
679.0325
881.7522
721.2810
353.8723
354.7139
909.3128
497.0272
798.2738
388.4366
149.2404
710.9437
611.9423
170.6860
807.5566
548.8179
593.4505
587.5165
25.3503
747.8109
176.1753
683.9370
266.6792
343.0139
598.6876
192.6307
303.2873
59.0295
510.2009
427.4170
821.0759
771.2403
714.3744
879.2129
658.1764
870.7848
548.2826
606.5660
871.8281
957.0071
711.8916
167.6186
982.0432
896.7074
985.6414
699.1474
765.2595
739.6770
109.6250
481.8126
767.2257
328.5022
286.4690
520.4555
630.3770
799.6091
354.2048
565.5102
975.1569
788.6617
93.1178
484.1367
376.7136
103.4230
723.9005
44.7805
637.7724
329.1680
144.7931
782.7896
75.3493
547.0752
830.2241
782.9844
356.5681
860.8211
372.2473
381.0503
726.2278
683.2853
508.1582
973.3730
553.6456
991.9368
487.3863
614.9195
735.0819
839.3846
49.2287
763.0900
500.9677
242.8920
237.3492
117.6194
855.1752
69.7508
22.6608
404.3079
786.1781
164.3482
253.8292
20.1084
456.9310
250.2352
933.2559
913.7989
188.7389
395.7735
821.5597
563.6632
353.3377
429.4663
27.2163
158.9712
680.2380
474.1143
863.2809
831.2264
114.8352
502.8386
239.2496
248.9338
678.5504
426.9415
243.5542
7.0816
72.1450
619.4368
611.4182
774.0041
185.1793
789.4651
612.1155
9.7943
796.8711
107.9233
592.6028
205.1196
151.9680
256.0511
336.9492
181.1757
465.4504
734.0215
443.0636
176.9060
205.1119
882.5361
164.4586
363.2004
348.4427
802.1287
720.0250
684.9431
815.5246
743.9725
49.6587
372.5266
76.7831
753.7463
785.0444
157.9913
177.0867
667.7068
671.8133
559.2110
269.2940
481.2769
838.0513
328.1855
608.5842
776.2071
455.9284
826.1635
977.1076
349.2072
343.1137
904.4738
250.6105
73.4235
549.0300
106.8654
16.5149
898.4269
518.8693
846.6734
239.6197
670.3968
380.6626
375.4555
83.7972
369.1976
24.5791
893.5480
439.3717
299.7504
483.2970
961.7206
205.1842
353.9756
748.5464
168.1037
637.9454
238.9167
380.1233
643.9155
268.9328
6.8609
783.9290
723.5562
860.9817
676.3201
194.2771
275.2086
54.5609
174.3089
280.8598
833.4640
643.9699
923.1247
299.1741
875.7394
772.9538
534.9158
269.1783
709.3447
243.3510
485.2785
597.1960
388.4373
945.8190
382.0363
484.7110
674.3837
987.1084
12.6802
451.3146
783.4681
727.6271
46.7378
651.7160
494.5989
116.1577
391.5878
85.9060
348.2793
311.5889
457.3358
313.6510
545.2924
745.8732
539.3865
973.6776
315.3095
689.1464
253.2416
211.1881
683.0730
93.7617
736.8143
98.4041
425.7784
915.2231
10.9666
110.4493
37.6913
635.7591
175.7403
176.1257
15.3812
583.2801
138.1478
297.1615
557.4761
852.2604
69.2348
886.2840
932.9938
642.4816
384.7737
72.0699
945.9792
136.4707
131.3258
512.0007
726.6157
656.4263
806.2759
490.8876
111.3853
21.4570
484.8444
513.3498
720.8244
101.0527
179.6269
936.1804
135.7936
876.2045
629.4873
330.7505
21.8669
911.6399
873.5254
754.4284
644.6703
243.6340
932.9509
607.3978
338.1474
952.3188
92.4141
419.1982
880.2897
972.5438
923.5813
462.6907
157.3614
277.0135
843.9653
652.2560
292.3795
240.0170
175.1802
726.1768
193.1809
721.0018
862.7418
445.3853
706.8635
13.3600
347.4605
645.4670
896.7190
572.2402
643.1171
978.9693
439.0778
506.4145
133.6138
844.1620
326.0996
660.4964
628.8761
381.1252
657.1154
240.1542
100.8750
841.8212
847.4412
264.4682
587.5319
10.4173
103.9190
644.6387
223.2762
759.0376
994.8129
322.8509
329.8185
499.2814
817.2423
328.3767
894.2323
950.6227
0.2860
556.7232
667.3992
638.7742
417.2665
599.7012
335.5763
813.1222
314.9992
634.8095
513.7210
143.7093
391.1979
261.4718
209.2317
128.4117
666.7683
495.8560
904.1441
253.5655
775.3049
545.4402
245.6505
96.6823
99.3778
107.2700
755.0826
879.4281
431.9153
484.8082
645.5219
241.7553
221.3235
544.6774
712.3007
299.2313
622.4772
907.7167
949.2836
688.7460
297.8262
143.0759
744.3609
86.6655
514.4583
398.3628
807.6237
61.1744
645.1258
729.5839
547.3104
704.6657
396.4500
552.1094
214.2639
453.8806
266.5741
707.8775
955.3399
64.1537
183.2141
210.0067
597.4546
950.5787
300.3264
876.1593
222.8406
887.5029
594.7480
430.7018
827.6392
489.1000
933.8829
446.8393
815.9685
836.6149
283.9963
442.5833
961.7312
831.0325
786.9907
795.7159
274.7877
335.3508
671.3201
607.3254
139.7876
898.2190
642.4734
28.1242
891.5334
776.6741
975.8613
985.2854
556.8668
468.6710
612.7282
876.2119
171.2244
903.2801
541.5104
339.4910
606.3386
944.1342
989.7653
617.9098
171.7682
896.9511
742.4484
35.8227
832.9735
527.0971
581.5367
668.7761
79.8981
615.2651
529.0714
639.8248
154.9624
694.0116
431.5619
665.4605
94.5425
929.9210
975.5619
97.0567
503.6618
118.4092
894.7504
0.1742
311.2354
82.8078
836.6264
841.2587
918.4724
867.2535
883.2800
706.7382
804.3307
437.6119
780.2962
830.8280
756.8845
514.4411
164.0548
953.8863
612.6293
326.2575
131.0251
547.7301
604.7202
100.7222
890.2512
207.3473
340.1025
823.2664
687.4039
656.6454
441.5013
776.1248
398.1764
759.2127
184.7374
637.3358
229.1396
279.9032
841.9327
116.9926
28.5237
149.1044
105.2364
710.8012
540.7627
631.5383
188.0851
337.3831
537.7125
910.0150
759.4094
703.4771
642.3918
485.9645
312.9673
385.7453
561.6270
722.5642
335.1669
204.6224
788.5291
648.3119
249.1114
903.7205
262.4721
473.8910
243.4732
693.0158
780.9551
398.6765
705.4553
499.2923
817.8522
112.7852
448.6019
576.5303
785.8326
153.5367
913.2303
834.6048
445.7142
32.8291
760.1129
940.6059
839.5832
258.7586
752.6075
515.3690
79.7062
841.7673
489.5722
692.2586
913.7965
777.8120
13.4644
221.3017
630.6789
104.5218
236.2009
649.1851
48.6886
468.8962
651.3897
178.3575
800.4992
360.1713
632.1277
201.6230
146.7110
959.5654
913.3806
157.3953
193.5296
726.7430
904.4250
1.2322
779.2647
194.2245
410.5209
76.0174
714.9317
985.1770
992.8593
85.8637
899.0665
837.3804
181.7646
810.4044
15.6029
587.2922
927.8040
94.0731
37.0515
94.1277
878.4257
555.6416
488.6182
886.6163
82.8920
908.7992
347.8881
955.2595
14.6583
795.8545
876.7156
490.8605
614.9247
630.9912
536.8348
662.8137
352.0695
24.9289
558.5307
459.9405
232.1735
511.3420
161.1603
649.3686
457.5200
490.4786
681.0849
15.2304
914.4385
891.6378
708.4190
652.6500
231.1755
736.5351
883.2896
640.0446
714.8308
59.5950
28.5687
288.2213
636.2273
211.2867
745.5793
168.2891
409.1868
429.6968
298.7834
783.7170
270.3985
793.7179
251.4424
460.5523
287.7926
294.1370
611.5980
976.7640
897.9326
550.8924
714.6639
962.7604
853.3528
239.6410
502.6892
415.4400
20.6175
796.8760
375.0976
585.9947
989.4628
306.2520
40.5574
899.4346
58.1178
107.6139
549.6186
230.2438
279.8550
413.4911
754.0209
101.5214
259.3215
234.0550
941.6866
89.1036
639.1678
40.3896
326.7921
551.9686
157.0591
526.4805
274.6549
475.8392
482.8963
19.3189
73.3684
546.8232
535.7389
863.2143
271.0953
865.9482
369.1294
876.4932
851.2772
943.3900
413.4292
345.6203
148.8474
874.6353
879.1657
279.1098
694.4528
900.6492
197.2952
457.1161
329.2201
317.7763
940.9529
403.5674
940.4990
436.9880
951.5607
298.2645
774.5240
719.1774
202.5927
353.8611
389.7533
858.4688
474.0814
410.8333
802.0201
594.0414
46.6882
524.7805
514.4328
119.0208
389.0593
997.8106
179.2479
608.5702
906.6338
296.8270
37.2173
974.8121
657.0004
373.0899
740.8814
802.4865
802.7725
171.8623
160.4811
471.7308
57.5772
720.6679
187.9063
516.4353
471.2290
812.3318
767.5039
433.3038
12.6947
257.4670
33.0684
62.6280
966.4083
85.2633
340.4420
495.6276
299.6250
781.2513
56.6759
44.0670
206.2881
635.8079
930.9014
678.2412
219.5849
773.0998
742.2317
754.1910
974.4613
466.9171
903.0222
934.6466
135.8755
415.4436
96.8733
511.6229
585.8305
560.5215
621.5355
879.0950
559.4086
192.2700
142.5934
840.4074
198.3327
45.2198
831.9980
922.3277
6.9184
121.2719
275.9716
368.1453
461.2571
757.7091
796.5945
154.0912
358.8146
283.9069
612.9105
853.7063
825.0555
586.5280
401.1944
436.4979
343.9415
153.7831
258.1430
298.0392
770.5888
790.8458
966.0196
117.1147
70.9387
182.1757
831.3514
328.9143
766.5141
950.5560
958.6734
476.0995
362.5820
302.9399
500.4129
426.2301
187.7750
812.4955
465.1397
729.4538
184.4960
341.5660
809.5726
395.1807
719.4917
214.4043
953.1666
584.9267
900.3667
57.1296
62.4979
920.2633
411.2288
82.9093
941.1381
252.7487
304.5344
978.2921
153.8880
902.3100
385.5247
299.8223
811.0120
827.8723
464.3935
123.0863
511.6736
395.7073
430.7573
985.7134
449.4519
708.7449
300.2919
948.1362
899.9332
842.3043
286.0934
661.5718
194.3130
139.3187
11.0095
950.4925
315.9322
154.1987
483.3795
313.8501
855.4824
659.2821
528.0546
864.7053
376.6392
343.0814
583.7248
291.6369
167.6195
99.4492
685.0877
345.2975
697.7057
293.5909
640.9411
82.4012
829.0729
807.7398
794.2004
500.4915
190.6831
126.5859
749.8134
587.1029
55.3264
831.4935
733.4212
975.2751
696.1036
223.5684
57.6900
43.8549
318.2103
948.1669
41.4612
68.2763
686.1188
831.7989
679.2134
67.7801
285.2787
914.4997
513.9597
24.9513
273.1054
949.5893
199.2110
483.3617
647.8478
829.2256
392.8502
374.4816
753.6234
760.1822
455.3659
351.7602
4.9658
846.4722
813.7853
432.9274
23.9970
125.8366
713.9253
169.3319
581.4836
35.9364
221.6284
2.3853
153.2621
513.8619
127.1158
634.8586
382.0067
215.6845
682.3852
910.3342
615.1934
493.9552
266.5293
280.3172
600.2818
348.5948
332.0606
852.2914
443.5616
9.5189
808.5861
16.1465
456.8003
287.8918
479.0239
29.5797
836.5956
747.6912
963.1005
944.7756
685.1982
826.8506
907.1078
588.6621
5.7817
693.8417
607.1645
112.0440
37.3457
443.2191
908.5896
759.1771
0.3564
356.6854
889.9244
588.2963
588.9640
771.3921
297.3755
872.1743
768.7917
341.0705
784.1711
818.7461
478.0062
461.0747
753.9717
179.7287
527.5862
579.6688
235.0419
872.3783
787.3410
15.8667
489.8843
17.2618
623.5588
71.2062
706.9760
68.3577
703.0572
969.1154
886.0391
992.8328
320.1627
236.9938
177.0925
958.7048
603.0576
301.4326
477.0306
826.4147
355.9419
160.6192
496.3047
499.1489
428.5900
809.9639
818.3835
202.5090
504.0958
945.3116
575.0090
404.5144
180.2465
727.0891
337.3534
960.2561
647.4616
270.8689
979.7092
13.7562
759.7684
807.7084
455.3026
133.9931
54.6106
367.8544
228.8158
288.7025
221.6683
126.8511
75.0338
436.8274
254.9248
517.5151
910.8964
501.5215
221.1417
870.8595
366.6916
349.4250
658.6784
48.8970
718.8976
67.5358
383.2842
246.5771
604.9234
880.2048
72.2899
741.1985
42.5862
802.9417
634.5661
472.6601
302.8662
694.2011
831.0988
151.9355
340.6324
967.0956
6.8535
176.5499
248.2914
264.4634
148.1677
640.7043
175.6475
585.1292
101.5618
662.9918
195.9068
878.6214
731.9372
47.4216
255.7088
240.9493
557.2997
474.3833
916.6331
920.7515
963.5708
87.5148
78.8390
640.0823
423.2754
973.1707
869.2979
438.0287
846.9735
321.4981
40.7942
85.6061
225.5881
640.0194
432.2850
550.9761
579.2221
997.5550
833.9025
906.3523
359.4459
42.6887
279.7921
993.2598
161.9966
466.6053
738.6503
774.4438
422.4140
467.7120
343.7433
936.1293
85.0874
935.3681
982.7981
657.9092
962.4818
566.5301
345.5366
269.8418
935.5636
865.2167
924.0202
248.0175
594.1303
275.4527
855.5163
368.3741
240.6252
812.3833
267.1937
809.4362
222.6518
903.3919
566.1958
43.6955
890.2428
829.5065
546.5128
590.9000
873.5608
930.1217
166.2757
592.6271
268.7636
53.8564
555.5814
575.4187
280.4058
714.4102
681.2795
914.1093
207.2828
857.4485
3.0814
743.6483
93.1005
960.9478
253.6836
692.7219
522.1363
195.6656
589.9452
452.4634
152.3178
887.6712
96.7902
54.0515
722.3407
625.6123
584.2379
623.4748
505.5094
137.1504
101.2043
105.3416
105.0361
319.2228
662.6784
425.1849
851.1043
923.1298
93.8772
529.6729
766.4579
351.6813
718.1164
867.1907
372.7996
202.6567
943.2628
182.7807
759.2877
659.3357
221.6068
936.0166
238.1366
800.1724
698.9872
137.1242
371.6568
215.5544
957.6712
268.7965
440.3930
195.1706
891.2714
459.3415
266.0964
713.9708
700.3920
891.1777
267.2014
788.4465
504.8845
426.0651
113.6933
858.6888
905.3925
160.9274
430.9993
494.6584
222.3852
484.6538
145.1196
941.3156
886.2465
583.5300
235.3392
40.8626
700.8475
413.0946
693.2371
786.6344
466.3243
510.3871
545.4412
495.3360
993.0983
416.1111
749.9039
378.8483
815.7077
509.0168
219.1563
171.6798
45.2543
75.0857
61.9216
400.5164
756.7891
834.1605
783.1046
605.8703
991.7687
240.9556
536.8387
723.0919
925.2271
641.2173
665.3915
558.9395
492.1057
348.5188
10.6812
0.6556
586.2033
232.8206
905.7043
883.5494
36.1681
801.0598
501.1072
784.3794
807.8609
1.5136
870.4578
8.9673
93.5767
82.7785
176.5283
645.5781
41.7342
450.8674
389.8736
148.7675
938.9332
561.9230
327.1828
105.9471
175.1640
456.7269
306.8744
465.2045
341.3775
789.2941
95.6763
577.0089
950.3576
692.3987
223.9668
363.7371
551.5147
74.6380
299.2518
339.0291
136.5769
194.2334
554.3088
777.1105
78.5079
547.3211
61.2844
27.0830
165.4140
449.6893
491.9591
876.8819
889.6396
83.4339
855.6957
132.1038
765.5033
659.0021
977.4488
447.5029
737.6644
658.5479
909.8566
173.0076
227.1288
132.9627
603.8437
663.8134
809.8534
841.8264
294.0882
206.4212
876.0629
995.6844
605.6867
607.8636
823.2885
894.3383
829.7470
646.4689
638.6380
658.2535
876.9258
488.8573
766.8066
368.6335
153.4092
737.6845
123.2669
290.8023
222.3878
873.5002
700.8236
962.4873
702.7678
461.6438
184.0196
7.7665
116.6216
708.9876
962.9099
686.3564
573.3733
920.0896
615.2116
656.3952
365.0038
984.6106
198.7291
495.9582
944.4537
631.6562
677.7964
584.4418
538.3987
677.2167
786.6420
588.0992
767.7846
407.5625
779.6145
849.9032
792.2627
777.0530
423.5085
936.0794
804.7494
925.0936
433.0107
447.6973
15.9629
969.2694
439.6081
494.9009
493.2405
920.9902
552.5841
229.4587
630.9681
982.5931
570.6306
906.3652
488.2144
651.6982
741.2646
169.2576
155.5763
394.4489
679.1334
543.5177
404.0222
736.9833
645.5713
989.4542
970.1242
944.9861
644.1018
742.6668
13.0383
823.8376
590.2118
996.0841
87.7736
693.6098
53.0580
43.6250
805.1627
867.3807
935.8749
232.2821
573.9696
902.1483
518.6647
498.3785
552.9021
842.2296
463.4780
909.7282
80.2748
172.2615
893.3506
287.2225
979.3304
384.4912
229.7646
332.5655
943.3573
251.7993
349.0200
892.6663
164.6109
754.3712
69.9915
829.1040
538.8465
197.3100
510.6426
927.5098
72.6483
417.7330
196.4597
12.9668
426.6229
554.2268
400.1704
550.7537
51.7999
288.7341
904.6995
419.1928
589.1442
962.3276
246.8871
889.4474
350.0779
931.3614
674.8967
920.2098
39.8225
267.9668
372.9273
309.5785
45.3902
167.0919
30.3782
178.9056
900.0565
424.0133
629.5441
490.5204
569.0456
426.0282
969.4879
384.8742
983.5891
438.1387
134.5637
503.7456
912.7112
957.3545
469.8179
970.5852
708.3169
843.9439
52.0277
130.6308
207.4548
877.1376
162.9808
34.4991
20.9415
240.0952
436.3295
76.4283
553.5449
989.4211
486.2474
341.2009
433.1990
492.8893
481.2920
19.6289
730.4136
44.9998
169.9653
852.8322
777.9764
647.7787
4.0781
987.7983
759.8962
929.5894
272.3481
319.0665
970.1163
609.9053
661.3033
385.2429
969.4080
614.5331
818.5283
260.3179
140.2173
932.8799
383.5729
125.6136
382.6435
612.6290
997.3666
466.2622
241.3423
364.2726
347.0227
261.6254
113.5018
240.9810
463.9329
60.9772
64.3845
785.8105
848.7935
64.2621
567.2811
143.9021
754.9209
537.6561
805.2885
372.4957
415.1733
402.7012
605.3747
367.0083
493.6276
185.3907
305.3426
453.8115
166.4599
685.5554
244.9785
586.3019
270.6113
150.4085
636.2573
850.0972
142.0269
420.2055
755.4150
303.0536
60.5269
470.3878
1.5361
296.6903
746.5502
11.8110
22.4354
224.4852
521.5714
387.2811
865.4680
686.3527
762.0306
516.8016
396.0806
672.1688
294.7909
46.6084
117.3459
459.0564
744.6597
366.5668
829.8762
841.0351
162.4449
641.4524
861.2482
519.7840
514.9080
501.2856
685.3121
800.4095
293.5464
712.5693
741.9205
215.0072
339.2665
912.4433
308.0392
609.9620
803.6358
429.8884
428.1532
760.0777
840.1759
799.5834
875.3564
985.9684
725.8049
261.8323
366.7287
907.3497
740.6503
606.2455
922.6493
612.3808
908.4569
633.3735
545.4414
127.8526
944.1026
370.7879
128.8375
140.4803
508.5950
4.8669
652.7944
183.0833
218.3296
464.6539
781.9139
320.6592
596.1274
48.3387
433.0486
668.4161
854.8617
358.7586
738.4448
439.8066
968.7712
978.5858
650.1990
951.2220
58.1259
777.1674
965.8679
364.5076
52.8796
486.5566
50.6787
491.4010
831.7619
933.7502
840.3291
101.3851
687.6725
77.4601
585.7483
750.4636
442.5865
666.2563
177.2783
766.8489
10.5476
714.8277
958.2496
365.5757
486.3875
799.5812
796.8758
922.8433
36.0027
161.7434
192.8733
658.7232
923.4718
399.0750
598.1787
900.5967
145.4824
65.8821
858.2671
814.9014
226.7263
763.4184
616.1800
30.7695
811.1411
409.9998
465.8294
491.5794
202.5468
384.7694
930.3816
271.2378
609.5861
300.7207
61.0339
865.7417
563.8745
946.6714
66.1292
737.5105
635.8835
424.7984
647.5112
331.6169
655.9805
22.6772
725.8932
175.9365
593.0124
753.4583
843.1306
118.5377
64.8353
289.3270
323.9892
768.7211
288.4134
758.1456
969.1935
817.2590
147.6590
19.8994
413.1661
455.7958
767.0066
46.1471
47.5981
218.3463
67.4860
169.8611
654.0788
108.0204
15.9632
479.1583
220.8223
302.9440
647.8096
60.0596
729.9354
426.4701
132.6534
177.8476
108.5325
98.0958
442.1373
385.0312
443.4301
834.5103
200.7373
927.7091
278.2464
951.1788
799.0930
260.2736
312.2643
119.6381
326.0830
759.6055
300.2397
484.6343
645.8347
954.0460
565.4936
148.0449
781.6462
964.0915
750.9751
417.2920
569.9930
768.9245
661.9255
371.1855
834.8930
224.1039
785.4714
501.7788
253.2921
606.9170
394.0090
912.0428
733.5933
19.9919
551.1596
79.8766
322.9124
597.9384
378.3343
217.2414
913.9908
440.6317
594.3459
55.7992
753.2647
16.5038
750.8426
626.5538
511.9943
916.9723
926.0663
518.7837
668.8774
138.5569
372.9614
986.2061
451.0835
873.8085
250.3899
35.2090
305.5383
933.7957
217.4974
22.5660
825.0979
210.6970
759.6295
427.4923
579.0345
56.5642
557.4178
709.5146
862.5647
992.1464
39.8720
105.1377
523.1250
692.2093
334.1385
252.7273
115.1120
458.6610
472.9920
990.3485
229.9168
601.6741
681.9820
953.3449
462.6452
904.0492
95.4337
407.7183
465.6511
352.6751
811.9383
393.7405
733.1722
721.4635
691.7775
712.9807
178.7950
578.4282
63.7085
995.8576
847.4371
742.1274
741.6728
916.4750
972.1384
679.1162
698.8726
33.6868
632.0098
696.7616
535.8046
316.2679
541.1370
473.8797
95.2999
687.1175
863.1973
328.9923
572.6132
107.8941
215.6942
290.0168
228.1263
534.7513
99.0175
261.6420
720.9447
278.0358
267.4597
433.6952
245.7614
14.6321
397.6618
795.2811
621.6816
753.9032
815.2607
501.5512
764.2912
809.8929
683.1061
185.6947
436.3893
209.7014
136.5636
62.4757
798.4762
169.8670
413.2940
376.0075
972.7444
70.9318
998.6114
590.9404
570.4737
753.7970
901.6292
679.8730
108.4744
261.4172
976.6485
415.5741
867.7307
948.7401
750.3804
940.8588
777.6918
314.9116
284.0945
50.7147
874.4606
812.4189
868.5846
57.8616
685.2776
433.3672
985.8550
803.6927
642.3473
318.2187
276.6147
469.2859
923.2020
120.4964
916.2681
11.8895
740.4206
929.4264
971.5221
275.5264
1.6969
444.6255
702.2918
396.9209
492.5090
173.4329
715.2206
971.1956
31.1665
782.0443
77.4613
130.7352
665.0974
56.6058
858.6250
215.2662
405.9964
101.3391
636.9196
127.6312
734.2609
419.2719
637.6725
890.8516
776.0933
314.8858
749.1224
543.4930
417.0815
658.1604
251.8448
2.9925
867.4564
306.3856
334.8976
934.7237
760.5294
595.9240
380.8067
496.4374
900.0229
369.9947
643.1121
794.6585
237.3116
76.1461
437.3339
143.9952
949.0610
89.9199
543.0078
932.5883
160.2642
429.7082
791.3158
168.5622
11.9154
582.2163
409.6629
374.1338
926.6002
25.9709
16.8676
211.4339
883.2874
492.4817
762.7911
44.3720
886.1918
966.9505
770.3010
5.7123
395.6069
670.3319
623.9933
743.6685
335.7684
978.3594
844.5754
662.1606
198.6533
602.1627
371.6005
910.9130
808.5715
93.9510
22.1379
172.6884
987.8227
384.0310
861.7773
565.1501
340.0408
991.2999
125.9056
188.4658
742.9719
691.7047
202.8325
513.3965
376.5014
186.6817
676.2333
791.9770
190.8166
465.9452
650.7231
912.4939
652.5082
677.4235
51.3102
682.7354
456.3791
522.7418
615.4811
430.0683
91.1142
338.3645
367.9765
283.0466
620.2846
533.8020
864.3981
863.2981
61.8325
302.2221
219.1928
949.3834
853.3990
285.8935
929.0034
593.0427
42.5108
432.8146
733.2825
60.2556
197.6769
652.2189
319.1262
395.1586
172.3848
120.1588
181.2663
42.6809
441.8124
995.8398
937.0641
202.7183
39.4745
260.8783
187.1445
478.3222
641.5453
896.0344
11.4518
357.2094
304.3018
39.3246
113.1275
299.9226
85.0211
894.9017
656.1115
820.3049
185.2864
306.1449
377.3249
954.7481
164.9366
57.8058
344.0229
596.4981
275.2563
797.1618
443.0970
151.6098
17.9472
822.6337
586.0646
69.5692
588.7133
168.5062
228.8083
473.4562
12.8609
748.8336
622.2413
285.9716
464.3941
92.5644
53.1119
991.2881
6.5673
763.9047
959.0859
375.5317
13.8238
951.4078
253.9134
30.3096
82.2139
22.2401
7.5918
789.5778
680.9351
158.7865
677.0648
467.2962
763.2415
481.8348
9.9381
530.2712
433.2506
87.3658
892.6799
721.4028
586.2279
73.8195
939.4564
870.9109
570.4187
536.7855
964.2509
521.3517
895.5462
161.6531
481.9959
732.1424
721.7477
330.7800
507.4640
783.7608
279.6630
233.8816
106.4350
269.4500
812.7284
935.2575
267.6659
137.5328
349.1025
509.7755
957.3794
767.5822
423.5788
925.2598
551.5123
924.1605
170.5063
634.5561
606.6974
366.8787
991.1067
358.5452
499.1733
741.9274
984.4865
115.0846
804.0769
342.2864
959.2739
490.4856
887.2584
172.5124
753.3691
355.0153
546.3060
643.5135
732.8248
890.2249
556.9016
221.0340
311.3893
298.1279
4.9359
630.6819
380.5879
774.3538
672.3827
851.0046
856.9861
292.4676
976.0830
841.1805
607.9628
634.1747
414.5840
71.8523
355.1192
746.5643
841.4246
499.4622
416.9453
208.3097
614.9673
589.8044
592.5556
697.4877
856.1946
245.2273
787.1588
54.6834
194.2908
717.5098
386.5475
970.3867
106.7171
947.0997
488.4394
490.9331
692.0720
136.5622
6.3734
319.9616
15.3153
540.3301
488.8050
641.5659
439.2501
29.2509
394.6489
572.5324
64.8630
426.4832
411.2650
241.4578
833.7786
391.2152
586.4562
276.5338
841.5922
338.2019
196.3031
920.8910
541.4268
639.2021
595.8835
179.9606
839.3568
963.5504
768.5273
823.9244
561.1032
523.9263
184.5743
639.5184
639.7865
438.4508
699.8095
766.9933
966.4923
61.2346
411.7735
919.4464
722.3950
744.1260
18.8129
694.3344
704.3995
605.0313
216.2536
876.3852
204.0466
917.6478
450.0049
463.2092
106.5750
899.4549
77.2924
871.9267
645.5660
95.6192
393.5015
560.7660
571.4943
492.6645
506.4965
537.1446
378.7690
411.2330
467.7192
296.4908
556.1564
558.8588
194.4584
867.8481
148.7450
17.0353
775.9647
450.4738
902.6282
541.0466
962.1531
727.0575
826.3255
110.7596
461.3636
88.6229
691.0133
84.2039
267.7389
212.7337
790.8441
710.0351
620.9651
194.0009
608.2448
718.9022
655.4319
845.0309
467.2314
101.6912
127.0483
825.0615
398.8671
60.0967
604.6567
84.3740
983.4983
779.7061
289.1255
422.9346
408.2116
636.8520
117.5941
282.8563
42.6114
384.7202
679.8965
383.0017
586.1065
862.0845
624.4328
427.1769
731.2563
525.4004
280.4929
472.9747
856.6126
136.0921
296.7027
377.7706
660.5389
816.3000
391.0840
874.7561
39.6199
226.8904
256.9215
146.4433
913.6888
766.5082
60.5673
877.9047
86.6497
490.9435
117.6377
629.9377
964.8320
155.5104
235.3761
866.3193
250.8001
446.0398
735.5112
930.5036
656.8319
938.7973
617.2012
102.3045
382.3189
446.2455
846.5881
177.8448
325.7143
673.4570
327.7491
188.6353
414.3316
381.2205
991.2478
379.5653
417.2419
912.1337
419.9232
891.4521
284.9566
129.2137
108.2298
342.8783
965.5330
345.9898
59.5854
619.0116
537.4355
438.1300
330.8474
503.0015
144.7538
718.4407
687.0435
605.4668
37.5091
23.0784
609.5319
113.7978
37.2003
141.9692
483.2506
27.7268
154.8854
173.2260
425.2875
484.8454
772.6230
542.3506
685.1367
30.1829
559.2743
892.5858
816.5272
927.1860
673.0364
644.5220
925.3465
358.3552
530.4945
805.6599
667.5442
525.9379
833.1950
861.8760
58.4492
369.5105
592.3838
223.8820
228.3709
907.4459
814.9628
263.4728
184.3742
415.6971
940.8642
175.8593
246.7028
129.3734
757.8203
185.8483
252.1971
600.7570
665.6265
704.5617
939.6397
52.5900
944.4036
936.6257
108.7250
770.4516
760.6196
445.6907
693.9784
559.0237
435.7293
38.0624
248.4678
344.3713
904.7979
532.3410
252.1396
66.8854
968.4431
919.5826
709.7387
544.9834
233.7101
392.8607
417.7505
309.7820
918.4868
266.4269
313.6547
111.5749
955.3728
366.6808
949.5409
228.9824
53.7759
433.8359
412.6517
527.5124
328.1762
587.7088
641.0877
725.4172
152.6881
774.5169
801.9253
526.9153
449.6317
55.7097
649.8302
869.5012
200.2216
253.5070
711.4022
873.1550
400.7358
105.8522
82.6051
139.7330
587.9364
524.7090
655.6194
502.2487
905.5075
70.7336
15.1228
215.5150
319.6976
250.4859
11.2571
271.9400
115.4786
910.3132
573.1759
642.8862
921.9385
670.9288
400.4503
463.8218
749.6605
469.0175
401.5545
683.4916
621.4603
26.3424
414.5341
295.6391
630.6025
692.2116
590.2518
569.5470
925.7483
749.9757
866.5602
284.5353
11.4289
62.1452
776.3487
393.7734
747.9314
279.0923
348.9588
668.5419
506.6254
272.8113
744.4850
523.9898
767.8307
575.8832
98.4374
940.3291
835.7712
303.9208
331.1190
60.4962
569.3342
822.1451
748.6599
94.8089
837.9936
881.5249
756.8844
531.4333
304.2944
173.8787
587.1307
859.9879
107.7799
383.1281
416.7052
679.3351
215.7079
605.6269
316.5473
30.6516
134.0637
499.4012
113.2224
32.3544
227.7926
453.1724
310.1082
505.2331
132.1173
835.4551
779.5477
632.1581
100.9478
634.8780
870.4253
20.7449
498.9094
328.5046
47.6705
28.5376
80.2021
718.2250
941.4336
176.2073
711.5672
485.2941
349.5893
142.6429
495.1937
896.0898
761.0863
105.5532
45.4688
482.8560
942.3521
311.0975
362.2240
489.6087
212.3159
703.8746
402.0935
715.3823
992.3024
104.9927
789.1970
362.6266
735.3450
788.2114
790.8075
48.4293
979.6392
566.1227
725.7928
456.7092
194.4091
667.7457
616.9704
82.9739
877.3221
346.4235
29.3152
397.1912
766.6147
287.5631
497.3316
119.7192
519.1003
422.8982
523.0376
700.1497
369.6636
16.0862
449.1103
129.8433
167.2217
351.9191
322.0231
593.8181
712.1599
444.7536
905.5953
824.6377
325.3743
437.6947
40.7991
286.8008
226.1223
213.2244
108.0608
133.7876
754.5937
969.3103
784.2821
880.8901
458.2026
43.7224
205.0738
194.0846
216.3573
872.0177
342.5390
850.6201
401.6062
74.8625
415.1798
879.2608
51.4698
97.9501
170.9658
708.6344
690.7035
200.5233
557.5124
712.7783
384.7537
956.0823
853.2628
636.3562
272.6598
858.1843
709.6585
451.2675
721.2782
808.8051
492.1268
596.1407
873.9458
19.5303
621.4137
333.4940
947.4273
945.1607
208.0476
219.9602
786.3616
947.5783
961.0136
782.2423
231.8521
253.7154
34.8932
101.3278
503.8526
194.6408
207.3956
720.4364
296.7424
359.5133
241.9937
410.2966
961.6369
130.1366
533.5071
761.4776
44.6491
345.3358
302.7391
227.0922
231.8885
420.3053
760.6220
370.1174
222.4927
64.2519
862.7617
437.3755
833.4937
326.5998
627.7052
840.3880
370.5671
465.2848
288.5131
125.5257
838.7381
811.8997
338.0159
628.1460
723.6829
581.4526
36.3531
288.3323
905.0543
297.7297
123.1650
192.2776
663.7570
489.1659
696.1847
204.1205
816.9792
138.9454
601.0292
107.4459
811.5925
798.5389
351.6615
513.0802
714.6935
92.9179
3.7743
274.9559
397.3668
421.9557
856.8077
588.6804
688.4644
287.1666
76.8510
78.3898
841.1677
145.5433
353.6443
973.7345
787.1519
970.5586
791.6629
853.0157
130.8061
698.9880
261.6617
937.2035
298.2642
446.4712
85.7588
830.2584
824.7199
522.8525
68.1875
767.5356
236.5958
510.8940
820.9288
207.3590
360.7584
778.1239
44.5610
198.6060
793.1923
446.1317
998.2595
485.9652
529.1278
758.9817
860.6230
815.4188
614.4970
556.7178
32.5700
88.4675
906.5453
758.4027
225.9963
759.2661
331.8679
489.7029
544.3690
393.1923
902.2632
423.3877
517.4724
29.9104
370.9412
740.6763
607.5233
108.9050
251.7322
424.0823
994.0653
996.4396
822.8078
155.0997
496.1226
241.0013
923.2680
964.9584
180.6122
409.2525
239.5360
840.8029
917.9285
200.0352
376.4119
865.4612
801.1199
248.5267
715.6591
846.9203
11.3577
599.1957
406.3225
299.3549
495.5059
479.3095
875.0851
685.1144
25.1502
573.7897
498.3866
689.4581
193.5207
730.3027
420.6219
604.6926
315.4738
63.7549
117.1971
214.9667
710.9070
801.4407
928.9579
792.9222
397.6669
272.9417
203.5411
175.7402
641.2223
170.4972
12.1492
732.0091
414.3893
98.7719
60.5042
233.8814
247.0491
903.8113
781.0983
630.0656
252.3082
225.1518
774.8110
923.0693
22.3871
992.0263
183.0657
579.1410
356.3634
825.1282
925.1594
465.5490
306.0490
662.8176
511.5299
311.0524
12.5913
792.6242
341.8563
802.8296
194.3445
791.2662
124.1375
360.0210
365.6091
775.9453
826.1281
95.8781
291.6510
358.7784
648.5254
662.6829
876.2019
124.2397
777.2546
474.4793
292.9264
471.4093
628.6012
368.3519
117.6755
225.2717
234.7395
282.5743
412.2625
548.8048
608.2626
878.5723
649.5611
558.0236
10.9226
955.4211
421.0130
59.4832
456.3470
923.8864
849.5563
196.0016
928.3573
257.8336
278.6252
6.5098
195.8775
213.5723
395.4405
720.8584
320.4024
812.4362
355.6586
955.4434
760.6781
778.3334
798.9372
356.3759
299.9627
336.3645
652.6738
280.0539
884.5932
829.2003
776.2119
507.1183
654.1011
52.9625
232.7444
605.0865
336.6761
824.7836
232.5294
238.4289
539.4143
73.4963
294.6964
637.3188
773.1453
992.3923
571.4627
824.5698
259.4233
654.8153
185.4351
353.2508
54.3462
265.3255
733.3621
622.7569
560.5469
352.2214
978.7795
810.4632
845.0170
88.2673
422.5894
50.8488
401.0437
920.6096
627.8823
73.3612
656.3375
469.1923
497.9528
753.3587
377.8196
721.2721
279.3606
44.5622
729.6216
942.3405
490.5390
631.8908
638.5260
305.2959
744.5690
808.7637
302.2843
168.1726
198.6523
977.0239
251.8546
713.7471
477.5584
504.3146
382.4339
3.6035
520.2571
804.5924
220.6829
117.1200
691.0495
971.2953
680.7698
723.3063
73.8433
210.4703
52.2500
341.9343
724.2029
633.2910
665.5549
852.3702
39.1333
693.7784
483.7372
489.1742
483.8619
557.2239
400.4999
281.7052
694.6152
658.2135
43.6110
41.8788
353.7798
26.2834
148.1685
426.7943
450.1100
17.7727
26.1989
89.1351
465.4231
486.7114
867.2957
966.7499
279.1637
930.4361
744.2467
81.5234
88.7014
126.3030
809.2977
121.6955
939.5487
450.9581
393.6073
451.4883
53.9465
310.1157
110.6439
679.9652
653.0458
132.9380
734.3387
113.2852
237.0118
652.2552
454.2561
512.3801
592.0760
786.8644
7.5446
624.6128
189.3570
151.9445
78.6266
147.3795
64.3499
133.1880
825.2612
85.0838
151.8411
883.2380
585.0913
682.1972
448.9742
235.4421
963.1810
218.8949
570.6572
384.6186
65.4277
914.0973
185.7166
355.8396
658.2877
260.1045
195.8443
154.0793
532.8308
309.2625
748.3615
436.9957
711.5063
574.1746
445.5923
611.3304
200.9776
925.8839
751.8476
148.3390
785.7297
813.2605
656.0413
994.3127
898.9036
473.3639
20.5858
258.8011
452.8160
656.9459
42.4998
428.9249
660.8878
987.7253
227.5727
460.2204
845.7549
548.6481
178.4649
143.7479
887.0614
411.8322
791.8401
652.0785
311.0018
145.7244
197.3387
503.8171
226.7500
752.2090
824.4713
695.5807
134.5435
970.0743
239.7903
793.0456
752.9583
550.0299
805.8678
528.1825
100.2663
941.4949
768.9663
351.0648
684.8863
911.9511
992.4437
70.2308
385.9428
216.8418
616.2122
919.5976
605.1513
273.1571
422.0361
806.2401
25.8179
756.2090
914.0399
650.7977
20.9894
192.2923
412.1429
499.0652
75.8434
414.2915
273.6095
121.7583
750.5405
984.0439
357.0961
762.8119
401.4832
89.6235
801.2551
104.8797
912.9035
707.6096
191.0201
452.1842
853.9264
410.1538
49.1666
557.8972
295.7866
476.7466
220.7673
210.2438
274.2159
343.0847
27.1832
496.1798
936.1919
640.4253
905.4424
300.1853
761.3194
241.3515
496.8872
833.2033
489.0166
937.4144
40.6351
338.9979
920.4281
100.3438
30.7267
160.2706
733.0023
714.8173
708.3567
745.3466
963.5145
518.0074
557.6577
552.9118
218.1450
849.1073
265.3301
625.9474
517.2746
16.6586
739.7351
144.9839
432.2131
262.5076
899.7017
128.2302
754.4047
713.0074
985.5981
720.2025
111.9308
441.8305
508.7950
892.3587
421.0652
329.0380
160.5165
189.7065
224.9496
367.7243
374.2741
781.2052
14.4003
519.4913
891.0013
318.5384
892.1078
641.9066
936.4007
622.9970
423.5339
440.0627
174.8795
362.2094
348.0966
290.8358
485.3885
964.5692
353.8092
978.1024
990.3184
831.0355
524.7594
750.0168
754.0332
893.7009
252.3133
580.4520
540.7049
361.1227
955.4886
245.3361
311.5961
311.1930
112.4317
854.2477
106.6617
899.1115
308.9642
123.0428
228.1120
523.4174
312.6599
858.1527
230.5029
97.0564
432.9920
450.3330
800.9648
773.5243
390.9938
758.3899
509.9290
324.1889
362.0296
699.4859
892.0324
150.9077
910.6951
720.1405
336.5990
681.5191
162.4593
975.7092
956.7909
144.6167
855.1395
106.1893
290.0922
777.2662
331.8967
951.6525
453.0647
211.2867
800.6827
9.3813
411.3522
914.5342
794.6731
824.4809
153.0575
191.4537
587.2223
37.3332
899.2940
439.0460
764.5012
278.6915
398.4400
662.0020
555.9187
469.2739
286.3169
21.5316
393.1521
323.5437
906.7471
959.8216
212.0466
590.1043
275.7154
526.5338
313.1273
518.5439
509.8869
714.4894
719.5531
358.3344
345.1058
903.5745
976.9049
2.6046
239.3001
315.3680
648.1869
105.1626
391.1173
951.5069
725.2378
790.5968
89.2319
106.5717
469.7242
995.2478
409.1209
230.5883
314.7053
7.7943
83.0700
614.0146
881.5507
152.8400
608.4574
995.7791
746.3517
615.7761
694.5524
817.2188
602.4469
999.0792
731.4072
198.2139
429.1226
971.8457
99.0034
887.1575
451.5800
657.7909
954.5823
914.4694
824.1798
790.3269
830.9174
484.3958
351.3116
733.8012
5.5175
96.5739
714.8732
244.0570
540.6044
368.1911
825.5679
637.2886
550.5854
973.9068
723.1878
927.1221
25.9663
109.2963
606.2639
60.4438
830.7276
876.9084
620.8838
326.2295
411.9642
728.4522
932.5226
491.4493
238.7975
609.3750
201.1045
615.4168
223.8405
545.6421
125.6015
751.8342
593.1572
972.9598
153.4544
263.1522
948.5357
991.1564
76.4216
231.2918
884.8701
703.0679
189.9892
870.3372
8.2586
662.8722
696.1406
692.2949
91.3769
274.3424
602.8726
775.3975
320.5969
666.5962
312.3772
658.5619
847.2673
695.6885
584.5838
348.8616
243.9990
662.5455
923.2862
902.1222
224.4044
508.2296
992.6153
540.0642
543.1281
288.3663
961.9821
353.6692
733.3693
282.7092
486.2778
757.2171
956.9266
980.3031
3.5748
966.9942
397.2172
361.6674
855.9299
481.1412
451.8011
477.1580
940.3056
309.0879
977.6043
92.7896
442.7394
771.9388
922.0759
507.1188
325.2486
636.2304
676.2435
642.4172
245.8225
728.0590
643.5962
996.2676
247.0944
928.3032
108.4204
407.2070
288.0464
94.1829
86.4419
14.2153
90.5896
721.3733
75.7731
519.3141
992.2098
479.5963
235.8658
3.7904
779.8899
841.4973
219.1475
966.7906
543.0840
985.0011
915.1630
68.6763
75.7897
444.4613
811.4516
802.5057
535.8618
467.8557
195.7855
172.9179
839.6580
954.9457
239.6961
941.4088
311.4628
291.8028
105.8285
432.7627
737.0048
773.2348
294.3804
94.1861
853.9066
10.1470
362.0997
554.2855
739.0031
633.2026
427.6695
461.5095
74.1717
839.1268
982.3876
847.6465
590.2646
385.6604
980.3708
175.2109
212.2936
387.7032
897.3865
412.4541
919.0719
945.6914
120.9935
737.5789
479.9224
420.4149
215.4429
806.4890
541.2966
732.4575
556.0517
926.5828
340.5306
845.7274
161.3040
808.4828
332.5729
210.4914
32.8916
555.9236
242.3327
10.0281
387.0333
442.9881
208.6965
303.7010
757.7935
5.2022
967.9255
950.0045
140.9279
842.7783
154.4971
636.9285
331.2330
470.4501
489.3734
724.9790
58.8447
642.0888
287.8118
644.7868
214.8055
408.5111
828.7160
704.8551
937.7075
647.1502
178.1427
257.3221
703.5856
505.4782
41.7110
406.2931
604.9468
34.1512
204.1445
122.8987
562.4065
815.5070
25.2600
700.3397
821.2804
97.9512
992.9801
131.5518
332.6889
891.6209
969.1309
916.8015
266.5116
802.7269
385.6077
482.9591
585.9818
32.7474
484.6499
3.3331
839.9643
100.8568
40.9727
643.1674
263.8186
293.6583
407.0636
888.1950
168.1642
10.5272
743.2270
572.4504
802.5844
858.6518
612.7487
464.8303
712.6569
667.4854
898.8287
358.4832
544.0933
333.3637
912.5560
937.9434
928.2144
169.4553
788.3432
273.7599
267.6641
757.2636
943.0033
594.2972
84.2263
972.2402
363.7064
967.2884
421.7292
242.7274
12.4165
519.8824
456.5275
605.2948
19.8523
554.3318
714.6859
723.5032
478.8496
145.1657
327.6532
395.6104
489.9686
363.5868
600.2813
592.7829
654.3721
656.4635
243.7252
980.5644
846.9876
100.8260
135.5142
566.4880
441.8302
165.9895
885.8765
911.7067
658.2522
842.5941
551.2175
298.8445
40.2764
529.5022
72.5473
624.4761
442.7437
529.3308
724.6790
177.4583
122.5264
900.5596
44.7651
223.1490
489.2898
10.1702
272.0996
364.6491
16.1508
417.0825
120.0719
51.9572
966.6073
696.5099
542.7120
689.5316
531.6443
94.8112
996.9753
663.5888
548.5594
153.8290
728.9347
189.3416
925.8763
937.6436
152.0471
600.7417
334.4824
831.5690
170.5556
853.0899
396.0802
748.4010
697.1654
912.9286
123.5749
250.0474
859.4627
452.9206
583.7540
748.8456
241.6379
570.4406
257.2655
893.2781
114.8343
151.4558
946.5258
393.0202
599.5838
919.5118
240.7038
77.8322
445.8874
156.4785
713.3248
149.3078
62.5003
866.7732
350.8237
187.1072
340.6911
765.0368
318.4992
656.0749
580.4033
894.4393
467.5377
216.1741
407.2247
351.2381
211.9625
152.4889
788.0837
677.4550
573.1486
672.2279
214.9303
156.4691
821.7948
342.0555
792.6219
46.2783
623.9507
730.6108
689.4640
139.1654
674.3455
997.4044
402.6460
387.5482
798.0389
149.7464
405.6565
470.4511
324.7027
41.9648
204.8736
235.6020
446.9073
232.2130
823.9245
53.8717
370.7399
172.7752
107.1300
199.2877
941.9552
226.3651
262.8223
173.1805
810.5071
802.6427
546.3962
934.7619
488.8934
732.3634
719.6169
64.2408
982.4247
725.6203
724.7358
611.9871
467.2269
378.7837
447.1177
467.7453
185.5374
375.9363
61.0473
379.3732
158.8974
498.4131
793.0552
179.6585
838.2865
325.8364
133.7833
142.8361
448.4787
510.9651
439.2896
143.2875
696.5998
413.4070
866.3077
762.7842
73.5661
765.4806
393.2943
551.3767
40.2733
413.2416
602.6685
861.8240
214.1978
431.4370
287.7366
903.2626
433.4518
410.2492
409.2325
522.6602
712.4724
320.8380
601.7333
930.2262
579.0656
775.3216
378.5312
910.5064
223.7397
655.3425
992.8722
972.6706
868.4238
686.2979
157.9497
674.1319
1.3826
859.1459
904.9829
354.4849
651.1167
955.0350
670.5959
533.4633
464.6616
695.8100
561.4542
763.7456
959.5785
761.1798
858.8671
484.4811
265.2683
921.6972
784.4583
313.2429
665.6811
955.8033
300.4169
395.7788
328.7291
141.5484
727.4058
160.8306
384.0243
616.1709
207.9551
378.7048
394.6699
590.4163
637.6264
24.7279
994.9367
588.7612
942.4636
472.2772
826.3714
45.1681
737.8732
238.9732
713.3826
660.1562
748.0091
599.0526
415.3833
169.4547
831.6937
841.6429
798.4144
275.3340
114.3204
445.3714
659.5240
72.3881
161.1407
590.5219
112.6746
982.2624
885.6590
957.8396
164.6548
932.4229
443.6098
1.7894
783.5840
97.9407
974.9332
33.0907
846.0778
527.3751
206.7136
536.1957
919.7098
79.7990
310.7464
843.1482
252.5207
285.5541
203.5215
498.0330
392.6992
624.5164
889.9022
760.3272
621.3175
203.9827
673.4789
639.9915
103.4976
925.9756
207.1393
124.5608
488.0757
153.9093
449.8821
123.2747
465.3503
55.2699
507.2022
660.8396
881.4777
123.6913
257.9112
199.4396
716.8445
935.7793
769.7647
315.7127
83.2295
597.0032
399.4318
600.8033
964.2674
90.5558
746.5066
948.8292
224.1379
74.3488
270.9284
649.5610
478.1056
921.7456
456.8548
6.4738
857.3235
413.7418
103.0318
12.0425
934.9241
78.7455
158.6209
355.1682
999.3315
120.2911
631.3649
718.1060
50.4143
901.5309
235.7338
649.4211
125.7709
160.5094
294.3482
714.7464
740.5282
263.1641
9.6940
410.0546
661.8772
887.6866
675.4153
363.9256
536.9269
436.5629
300.8515
225.9912
188.3643
928.1451
85.5128
500.6320
557.9017
178.4700
338.1331
920.7151
172.6637
528.0775
434.6736
678.7331
838.1435
297.0838
971.0402
842.0141
618.4543
781.0645
31.6233
143.0610
789.4783
877.0005
394.8882
828.6655
105.6376
998.8602
992.4128
539.7096
812.6597
524.3563
625.0429
684.9256
148.5522
506.3943
536.4453
874.3764
505.6178
154.6917
287.0626
645.3470
991.0947
212.4229
320.2277
725.3116
233.4733
292.8866
688.5973
595.2906
15.9496
765.2322
919.2200
475.6498
914.8016
974.0400
216.5621
31.1019
104.9303
74.5795
110.0167
507.3956
786.1606
179.0298
347.9996
47.0742
372.7496
297.0416
81.4092
691.3671
941.4665
139.6526
290.3236
859.1957
133.4181
100.1799
604.7657
805.0101
611.4307
692.8381
494.4223
564.6528
698.5690
246.8123
314.6136
155.3883
14.4254
868.2603
906.8587
768.3659
897.8360
308.1712
588.3202
937.7087
689.5178
349.1799
359.2665
470.5247
628.2268
747.9108
965.5629
906.6415
405.9961
259.5733
121.0082
990.4356
776.3433
802.6372
906.4627
222.4280
789.9152
314.8766
261.6919
322.1557
693.8148
631.7161
563.7488
229.3542
303.8510
29.1999
323.0639
909.7066
788.8989
201.3425
659.3746
907.2897
509.7545
351.8453
965.2493
718.5638
666.2129
584.7207
306.0102
336.1795
78.0583
378.9481
537.1503
95.1391
215.2777
283.9870
305.8745
684.0172
279.0238
943.2225
604.5826
351.9812
828.5936
54.2297
125.2894
759.1960
760.7827
943.1035
79.5317
291.7442
898.2556
477.7058
254.5975
793.3397
7.5187
262.7112
376.3470
292.6179
290.0185
741.0601
263.3347
96.9078
917.0145
280.9326
646.7234
454.3031
828.1996
571.7927
176.1763
76.2037
90.8568
976.6722
813.3730
180.7449
440.2726
578.5606
205.0532
771.6944
999.2427
805.9460
512.0261
254.9276
892.1709
103.2868
316.0646
562.1363
243.7837
805.3342
8.4818
82.1421
6.7931
339.2860
630.6906
752.8638
97.6340
776.7741
907.8472
288.3155
181.2547
782.0651
536.8524
840.3114
65.8339
816.0902
980.0941
683.8355
401.3552
14.8344
168.2560
908.1787
84.7709
742.3232
875.2471
92.0623
19.4159
168.0184
693.0666
192.8846
775.5883
824.7488
277.0648
36.7866
392.0619
277.2011
256.5202
129.4577
266.4201
987.3483
867.7810
141.6736
739.5488
44.8155
92.4799
388.9856
258.7866
924.8943
399.9211
116.2571
682.8615
576.1200
722.8875
472.0057
302.4469
869.1770
52.7436
249.4614
117.0780
879.5158
937.8295
797.7379
445.6721
614.7622
836.6325
831.4492
669.6377
348.4949
875.0897
336.2911
710.3040
514.0201
407.4374
965.7667
162.1597
204.8855
465.3212
324.1599
861.3648
197.0002
124.3747
403.3883
506.5874
283.5994
638.5327
695.0877
439.5894
492.9690
895.2700
235.5415
304.5201
688.6302
926.0876
853.4111
752.0150
772.8285
679.8390
520.7495
747.4195
94.1177
653.6846
967.1849
564.0672
98.8675
890.5143
229.2239
535.2702
192.0377
912.6013
5.4862
948.1697
907.2651
196.6690
723.7995
426.6613
856.0682
25.3529
882.3380
932.3757
638.1771
130.9129
955.0309
382.6268
524.9764
114.8006
446.8311
361.0880
804.9725
790.7116
328.6922
155.6251
293.8812
933.7659
933.2862
497.7071
499.1822
488.6899
882.8999
393.6441
201.8063
37.8895
320.0252
79.4698
263.6157
497.6893
134.2722
173.9261
679.5157
567.9262
518.1321
502.6813
998.7004
684.4749
121.6585
198.8515
60.5501
351.5732
674.7180
662.7346
866.9141
371.9010
761.7286
266.5269
808.4942
207.9430
827.2893
358.7422
894.2864
556.8673
613.8991
346.2778
892.3266
404.1481
19.2943
9.8371
29.0844
324.4367
284.1155
445.8640
64.4683
614.3000
556.0003
28.3434
33.1883
121.3380
150.5369
653.6578
839.5159
283.5236
601.7032
949.6155
635.6550
356.1164
514.0179
751.8986
385.5774
835.7661
685.0394
765.3837
445.0549
318.3837
488.5967
550.8086
153.8596
692.7246
119.9924
419.8692
469.2316
784.8823
523.3094
705.1153
647.1762
44.5223
3.4199
442.6137
298.1009
826.7307
773.5225
761.0564
742.9910
333.9531
17.8404
200.9709
724.0428
774.4186
512.8364
72.9039
519.5670
162.1679
264.4393
111.9180
210.9444
226.8516
727.2425
411.1705
889.3353
322.8165
563.1732
174.9773
743.6941
805.1759
605.1189
712.4328
280.4623
70.0934
581.4326
489.9732
761.7256
919.7393
516.3319
489.0926
168.1749
579.3169
20.2157
551.7565
917.4924
160.1438
656.0557
700.3858
465.4846
668.3879
506.7773
71.6771
396.7897
452.1384
231.2702
659.4757
326.7553
378.7966
45.2751
172.9587
554.3251
386.7606
634.6224
754.8636
731.0242
78.4757
439.7743
257.5485
571.3681
55.5628
37.4978
299.6481
133.1912
197.4265
342.5519
676.5753
536.3724
449.0817
777.3066
589.0822
893.6887
428.8795
900.5153
971.4343
585.9526
429.5548
234.9086
177.5070
325.3180
620.8748
239.0759
915.1049
738.2103
825.3426
759.8489
217.9439
826.6100
27.5630
853.6293
460.5699
296.6923
463.9647
989.0613
364.0820
996.4933
94.2035
652.2935
36.6369
274.7745
283.9812
295.6333
820.8516
413.7100
660.5910
946.9767
238.0415
865.9480
438.0446
670.5300
380.1329
436.9155
145.9649
162.7051
100.6817
862.1184
260.5845
53.6226
242.4428
723.5811
479.0391
616.5829
861.8235
524.4178
838.8723
511.9021
946.1602
775.7744
224.1910
179.5706
96.0825
578.0976
353.8851
359.6775
407.0212
532.1157
299.4339
431.0376
336.0230
326.3295
243.4055
192.8105
850.0596
532.9115
911.1889
915.3801
448.1001
355.0682
551.5879
3.0229
431.5628
271.6986
817.7823
917.8582
975.4022
916.9741
630.6291
334.8156
646.7942
819.3463
52.6666
593.1441
37.5512
910.1651
37.4419
530.5383
631.7415
148.8298
826.2932
774.5166
222.9268
496.8689
760.1766
819.5873
618.0611
836.2258
607.3046
595.0853
383.6994
513.3354
350.1307
90.4407
390.6885
48.1353
804.0377
633.1000
269.5429
33.0792
322.3326
878.3862
433.4009
813.9594
625.3099
864.3364
719.9122
539.1098
290.4931
719.9999
204.7068
536.7673
537.9921
517.6109
833.8498
954.9109
512.1330
231.2846
405.7548
585.2802
958.0853
889.0204
544.4499
173.4341
47.4087
814.2325
166.1209
193.1745
666.6654
113.5596
511.6670
971.3839
440.8544
592.1707
646.6473
992.2900
406.1489
176.9527
227.0266
557.4151
974.6788
816.8017
480.8739
319.9765
108.0397
635.8091
552.4680
948.8829
310.7151
312.9379
253.8145
56.2409
61.5826
285.3237
722.0140
712.7305
259.6586
955.7624
779.5821
254.6421
449.5576
614.1770
707.3286
762.6532
852.5011
544.9185
245.7353
973.0232
597.7183
875.7818
67.2781
551.3292
550.0871
209.0952
43.0279
816.7460
280.3992
115.3120
266.0805
971.8213
677.7826
295.6018
617.7344
735.8651
563.4768
276.9454
383.6943
712.7196
108.3367
528.6834
985.5777
863.2702
699.9173
427.1529
140.6267
683.2116
424.9273
184.2467
107.7235
303.1144
638.6960
425.6213
694.5429
854.7087
411.7349
156.2138
222.5273
248.5652
292.8173
284.4843
331.1342
232.3981
23.0250
365.0382
549.7851
84.9856
4.5100
394.4557
185.0497
628.1257
218.8875
199.3750
580.3546
93.0339
835.7737
303.9161
79.3510
423.7256
764.2286
135.8139
420.7831
113.3090
837.8184
315.9460
731.6913
887.3991
291.7284
173.6175
392.7854
676.6085
691.1287
962.0478
591.1627
914.4615
879.8772
111.0972
99.3789
477.6807
585.1638
318.8055
430.0284
736.6665
401.4012
865.0748
75.2673
361.4853
758.8879
813.5019
687.0939
276.1450
304.0023
221.9472
790.7929
480.7146
859.9569
14.0559
758.3388
206.5193
533.4927
476.8166
941.8344
976.1030
346.9958
659.9176
732.9849
944.6351
450.8896
355.0127
190.8523
553.3470
993.2282
958.5099
921.9763
786.9948
562.4172
959.2927
138.4156
490.0186
259.7952
394.5269
88.9513
881.5041
907.8220
834.0578
744.5347
702.1576
73.1984
433.7222
954.5045
449.2694
384.4292
196.1028
668.9789
454.9225
392.8916
720.5561
785.8439
344.9833
172.2288
511.2130
423.7293
153.5711
845.8054
522.9489
450.6195
209.0659
39.0499
725.7423
750.1241
24.9181
785.9544
647.0562
882.3443
914.0743
908.2529
674.5049
95.6714
62.7088
504.3084
793.2661
952.5335
350.4780
855.7334
902.8886
654.0529
262.5994
669.4822
668.8647
129.5754
249.5455
498.8687
450.5806
284.9766
711.6631
881.2132
548.8516
81.3359
710.5624
490.7436
658.6888
54.7878
895.4366
347.5095
41.5975
640.1810
823.0653
10.7233
247.9018
747.0743
241.7826
531.5174
724.4234
962.5170
388.2053
259.7369
121.3138
656.9900
188.5287
557.9487
259.8207
711.0762
898.3063
561.7046
670.0931
145.2974
95.9964
376.3625
174.1720
52.8835
891.4180
346.1926
648.3295
665.0771
630.9202
305.1297
721.4885
489.4847
761.9119
3.4079
869.4256
690.5157
26.2293
322.4933
547.4431
186.7572
382.2240
663.5011
548.9790
580.0185
835.7535
400.8302
246.0682
34.6051
940.8686
846.0344
979.0953
605.8253
884.9051
340.6461
367.4264
463.7531
437.9161
136.2650
960.0415
491.2172
801.0024
794.3498
384.1724
827.6791
316.6508
546.0284
5.9218
618.0517
43.8434
922.0361
379.7549
308.1529
194.1769
699.0244
673.9461
300.4996
733.0777
130.4566
801.8749
546.3290
650.8343
420.0330
528.7467
632.9947
564.9740
593.7331
453.8517
206.1417
521.9791
410.8353
333.9185
583.7322
268.1131
258.1457
656.6806
680.5834
937.5823
956.6864
537.4841
665.7574
537.0171
424.1964
44.2080
786.2773
142.7631
7.1015
566.8916
259.6361
0.9578
756.1004
70.8334
221.3324
799.5444
877.0679
32.1103
894.2025
437.7804
170.9901
231.1516
667.1940
875.6167
852.6567
628.9543
761.9012
715.8004
812.5887
540.8970
413.4972
947.8472
647.5825
149.6983
248.8002
637.0107
932.6047
802.1928
618.5559
759.2300
309.3118
123.0487
698.1679
703.7331
261.4499
666.5681
98.3775
536.0802
452.0889
536.0640
790.1486
108.6574
366.2430
261.4361
785.0820
779.5513
486.6968
765.9672
485.5323
532.5961
86.6302
480.3989
117.8939
92.3768
43.9346
432.4098
411.2124
677.6281
232.2355
656.3206
158.2729
540.5926
988.9662
506.5863
936.7129
958.2082
905.7038
210.5002
321.1023
980.6037
911.9930
563.3808
612.0187
725.5436
91.6657
962.3002
36.4082
274.3431
709.9252
385.6392
621.3895
922.6063
96.4136
401.6072
67.1887
671.5582
399.9007
714.7159
647.5836
998.5783
266.9634
470.7134
812.8422
554.7950
933.5856
161.4060
925.7334
419.2777
649.6554
992.0951
625.8055
994.1057
808.4175
908.7394
538.9691
137.4031
517.8608
874.4566
66.7382
282.5865
100.8487
823.4599
410.1753
284.0809
637.7804
466.1994
442.0391
531.1831
974.0397
997.6942
922.4911
173.2353
521.0928
187.4687
188.9557
358.4488
367.4216
649.5319
4.7054
541.1280
605.7970
257.3309
693.5703
735.6290
13.3451
596.1133
628.5033
56.8889
534.2280
985.6727
407.1243
322.5036
328.2995
199.1697
58.9167
359.2238
76.9012
838.4439
817.0556
883.7452
551.8855
987.1518
663.5617
419.0617
930.2848
442.7051
146.5788
927.5545
978.5306
37.0692
813.9071
380.6083
201.5614
695.0490
647.8797
470.5925
177.9606
919.8121
131.4076
51.6460
601.5374
634.3768
233.6768
487.9557
661.7883
156.3457
617.9290
446.6364
599.1708
395.1414
641.0077
268.3528
834.5039
605.5645
207.1370
949.9423
70.0955
311.9856
432.0291
632.7055
613.4251
725.9346
810.0178
81.2721
495.2246
827.4215
504.6600
322.4723
819.1054
433.1457
578.0387
456.2251
802.1962
171.7133
147.4689
683.2867
21.5288
618.7501
295.3752
4.1693
370.0505
427.0058
219.0529
351.4579
443.2611
127.1775
20.1530
18.8167
520.5014
493.4621
816.6291
890.8675
937.6998
261.7710
761.4545
73.6489
61.4945
421.2528
639.7515
325.9663
471.6183
92.9598
93.2226
422.1691
63.5483
425.6548
903.3692
627.4241
526.7241
73.2609
249.6593
64.6994
541.4698
688.3513
140.6850
518.1045
85.9657
664.9260
821.8411
785.4567
26.7144
564.2995
703.5527
826.2098
742.4519
46.5372
228.6415
312.9474
131.4463
460.3529
894.6336
438.5932
991.1055
586.9468
178.4719
675.7191
509.7906
46.6544
114.5315
480.5785
49.4284
574.6929
204.8908
924.8039
309.2782
250.9013
157.4076
835.9695
346.3888
486.7814
641.3554
287.6602
878.6841
378.8676
669.4643
953.3428
819.6849
733.7808
255.0329
389.2810
837.0545
127.2877
644.9629
825.6969
185.4647
6.4847
359.8269
212.6857
992.0657
147.1737
67.5646
252.1532
151.3610
590.2955
733.5360
10.6697
119.8756
141.2010
389.3037
742.1947
753.9555
5.8053
590.6882
630.3166
727.2212
667.6015
166.9478
236.0095
956.5609
624.6343
705.8344
804.8053
356.3694
226.1153
17.6632
576.3313
844.0033
844.6690
681.3534
616.4842
172.7996
452.1989
69.4374
901.1302
628.6962
880.7073
929.0459
808.0031
315.4866
405.7134
798.5185
508.1945
763.0276
848.0640
95.4819
413.5074
307.3036
14.3464
666.1514
214.8673
472.6260
36.4002
652.1062
399.4477
786.2936
596.5440
122.5435
974.1991
178.3726
769.7358
539.5133
424.9263
687.7989
146.4249
572.4020
178.0371
942.1496
720.9335
541.7117
946.3356
581.7879
192.4512
327.1339
354.8987
839.0554
405.3165
900.2759
324.5789
562.8692
427.4715
563.5098
116.1705
698.4738
992.1165
975.5665
305.3058
800.5902
661.3451
645.9039
573.9860
304.7331
482.3919
584.9893
327.0504
634.4447
110.0075
13.5999
998.8811
152.2660
205.3877
677.1102
178.1799
446.5062
385.0057
292.8440
369.9692
954.6880
531.8855
870.5324
427.0842
835.9265
868.8018
859.4468
692.1270
835.9834
505.5226
625.4677
414.2234
893.1457
551.7662
783.6304
977.7667
42.8574
779.7846
931.3925
20.8209
276.6561
781.4181
406.2376
605.3781
621.7497
77.5607
724.9265
600.9864
289.4402
48.9204
403.4588
102.0707
116.6332
753.3205
242.5597
222.6454
411.2979
752.9167
937.0468
844.2716
497.1553
551.3169
204.5576
817.4699
80.0102
331.6420
806.4321
17.5412
329.1490
337.8870
26.0122
389.2511
998.2877
276.5753
89.6725
842.0972
424.4772
629.8406
995.4450
411.5521
956.9517
284.6702
163.2466
248.7789
250.8281
58.6905
434.7271
550.7678
318.5596
42.9990
626.9378
182.6187
132.3938
731.5726
420.8115
15.7953
629.5389
699.9339
522.5572
364.9657
799.5729
33.9917
952.7660
708.6425
439.9964
987.8229
372.9815
3.0988
967.1296
808.6822
777.1893
212.6366
982.7112
739.2567
954.9626
747.4793
696.8862
218.9534
20.7530
164.4968
690.5004
536.5386
40.9630
687.4382
410.9922
445.6828
804.9285
813.9167
496.4940
398.3183
907.9784
843.4227
857.7859
873.4412
545.9519
212.9393
72.1903
400.7790
841.9026
760.4338
491.0044
973.2265
136.5214
787.7852
823.0426
335.6285
630.4054
727.9955
514.0543
787.2710
613.9784
573.5266
117.6647
295.9117
228.2736
977.0803
868.0733
346.8447
289.5161
755.3904
389.2010
650.6065
995.6790
650.5391
264.9846
745.7248
402.0447
454.7590
416.7988
813.0555
844.8932
173.5462
911.4725
963.8949
761.5141
155.0092
795.8085
921.3715
634.6852
99.5109
842.2984
675.4328
830.7929
873.6028
240.6040
226.6152
746.7574
319.8462
711.1896
667.7582
666.3009
722.9921
511.5661
13.4998
3.5043
527.2246
601.3544
863.0618
707.3113
242.1215
285.6775
204.2464
117.5320
532.0296
697.7617
54.6603
582.5158
852.8337
223.7022
352.1951
698.6048
925.2021
150.1090
418.3686
269.1674
481.3463
849.2171
15.2195
531.3213
496.0818
779.6404
391.8270
561.4765
978.7805
711.7007
937.0511
748.3203
429.8908
406.0630
736.6287
214.2102
261.8051
908.1907
348.0143
447.9503
392.2161
813.9025
42.6173
311.3629
390.5962
40.6801
773.8889
899.9277
733.4516
957.1852
649.7188
825.5386
902.6668
550.2525
868.2045
829.9753
373.0739
827.6530
775.2890
33.8054
299.3137
316.9100
506.3829
176.1171
53.3409
34.6538
754.8613
273.0616
364.8562
998.5364
35.2127
915.2303
354.7054
92.6965
395.2433
32.3921
633.6163
200.3750
635.3343
889.2612
995.2908
859.0351
587.9132
441.8243
868.0057
691.3583
918.3396
438.4790
504.5836
72.2125
104.4474
839.7124
171.4863
798.7455
606.4546
261.3657
289.0642
646.2763
818.6203
22.5886
126.9030
553.1929
513.6059
208.6544
539.5351
721.4690
626.6669
113.1448
371.0253
922.2220
581.0897
605.1445
853.3707
171.8797
281.4724
88.5380
477.7570
626.6170
417.5242
240.1841
518.4330
639.8557
899.7755
391.3077
767.5860
897.0528
331.5439
201.5630
823.0185
438.7527
247.6410
96.0063
773.0666
103.5732
918.8750
540.5051
443.7991
663.4384
595.8541
716.7069
171.6618
195.9285
480.3235
323.0892
128.4297
872.1645
618.3827
474.6874
832.6041
432.1330
620.7964
116.5784
726.9360
25.6339
49.4960
757.3447
439.8557
983.3719
150.9734
54.3755
232.6287
774.6226
651.7183
104.2355
469.6958
690.3786
776.4453
577.3277
12.6697
867.6168
545.2875
755.4788
689.1050
532.3224
616.5056
292.3926
712.7503
733.2097
45.6461
789.5239
160.3604
109.6605
630.5725
402.6565
132.5090
933.3844
434.8738
682.2888
38.0571
93.0526
87.5971
556.8353
232.2724
842.2134
859.8378
501.8900
307.1146
754.8989
946.1985
541.0613
33.8819
79.1627
176.3230
12.7968
736.0264
598.6630
283.4721
361.9243
150.3526
562.8045
115.6484
135.8640
760.2556
916.9658
795.1290
332.1759
299.4541
716.4203
473.2354
683.6200
243.2276
202.9101
619.3466
124.8134
146.3859
251.8036
504.6678
650.1415
726.5039
934.4946
959.1571
433.1865
916.6953
234.0249
875.2235
683.3553
64.3490
191.4153
600.2025
165.4104
406.9274
452.7033
486.8576
341.6121
793.3318
887.1127
981.6314
319.1677
198.0381
704.8194
587.3724
731.7967
662.3404
136.0442
850.6280
788.8463
481.2623
166.7528
486.2862
934.7904
701.0451
399.2684
242.7222
145.2795
865.3208
222.5406
365.0931
397.9602
812.7849
82.1414
373.2394
579.9350
40.8041
313.4414
360.2084
324.8260
168.3617
626.0875
198.3570
318.9566
242.0608
157.7760
603.9030
164.0973
312.5057
557.0550
551.5157
614.5845
783.1391
49.5010
884.2960
526.7555
474.9634
557.6962
601.1042
968.5380
990.6085
314.7968
201.2733
197.1916
198.7744
385.1014
223.5522
699.7760
338.3115
482.8216
378.1927
644.6545
373.6034
774.0602
892.8472
108.4167
217.2116
370.0138
444.6340
182.6659
605.7015
556.4308
306.5321
449.5736
580.2909
396.0929
843.0751
137.5433
660.5392
45.2488
506.2672
239.0165
94.6864
273.5114
320.5342
453.5975
3.5937
265.4647
852.5655
71.0286
59.1421
859.1829
87.7975
252.2179
952.3427
658.1402
414.0568
338.2531
877.3324
728.2229
973.3635
77.6315
78.6589
356.8866
673.0582
577.4133
343.3956
184.3610
750.7684
598.4434
857.7677
455.2135
74.9562
472.2456
5.0136
296.8718
195.1415
669.0716
564.0536
333.0259
834.7841
220.0676
662.4277
15.1733
386.7512
636.3159
90.5723
862.1943
836.7168
386.0044
131.3830
2.5320
11.2064
112.0889
746.4862
440.6189
851.3746
947.1097
981.4364
900.0570
707.4320
266.8189
436.3947
679.4298
614.5476
308.1513
507.0223
913.8395
293.6387
540.2981
520.6185
614.6347
610.6186
840.2770
166.4139
784.0929
941.6265
535.0338
894.9257
11.4248
21.0907
561.0228
969.3600
140.6101
573.4899
938.3659
763.9063
627.2128
734.5119
496.5345
983.5235
228.0613
575.7524
317.1245
405.6886
661.1429
208.9067
199.7776
102.5957
819.5432
237.5663
508.1543
98.0196
359.3095
444.6464
281.4706
365.3677
197.2113
263.9525
120.7257
762.7807
567.3834
712.0744
602.6524
692.2633
579.8238
218.6833
915.7823
336.7306
4.6045
281.1958
760.1434
484.2333
398.2831
540.3424
528.5022
154.5438
689.7020
557.5185
387.0363
395.0906
824.8213
130.1038
447.8052
542.3452
568.0394
720.1960
285.1045
102.9611
916.5069
406.1228
832.9643
159.6139
937.1682
802.0637
612.2148
312.1376
784.7084
655.3255
105.6257
429.9319
970.2803
537.3019
11.6210
428.2593
395.9356
845.2580
186.6550
348.2192
237.2345
853.9268
716.0718
271.7075
159.3834
82.1792
965.6305
450.3787
542.9286
618.6225
32.7406
589.4670
572.1678
655.2115
346.4165
315.9997
840.8334
230.8531
297.7523
905.5549
255.8140
422.3998
905.1406
241.2022
700.7205
241.1306
50.0166
317.0634
509.9782
956.9727
499.9449
856.0062
785.0426
332.0570
42.5822
70.0261
19.1322
235.6025
369.0936
120.5610
768.9883
141.4174
518.6621
394.8471
486.1650
0.9455
435.3593
664.2669
383.4160
317.5701
784.7609
736.4992
440.8030
15.4356
175.5853
529.1161
570.9393
817.0244
276.4787
560.6498
637.5213
871.6960
395.3219
644.5208
638.5106
116.9155
150.6691
178.4098
300.6411
572.3607
627.5118
822.6696
764.5261
685.8831
217.8599
346.3256
331.3895
571.0131
734.2539
815.0475
956.5852
927.2937
546.7913
899.2385
609.3972
950.8153
727.7462
401.2721
324.2006
605.8129
303.4021
392.7409
299.0469
725.6880
604.3358
534.1743
102.1542
907.3984
251.2547
801.6000
429.2585
815.3504
997.4465
83.4654
220.4710
990.1911
640.0368
583.2070
419.2616
328.0726
78.0334
77.5825
723.0501
504.1120
189.4392
759.5686
696.0016
70.0699
133.1971
980.3939
991.4710
566.3877
477.3025
547.3514
393.5177
61.5510
703.6891
484.9643
107.2230
335.7922
329.1678
926.5780
481.6332
416.4076
498.7611
317.9273
427.3467
970.1591
842.4618
750.1813
28.4158
364.7209
826.4593
715.3719
190.8814
493.0524
912.6410
663.2149
417.3346
731.4040
385.2280
896.2030
489.7501
126.5510
795.9524
170.2811
829.2075
488.0774
540.0249
145.7974
661.5563
769.2315
938.1001
42.1666
365.7093
344.5723
277.0991
125.4077
984.5077
35.5106
354.5429
81.8228
750.2253
23.4753
26.8142
185.9540
352.5410
69.3858
442.6334
404.7942
833.7233
586.8901
496.0176
371.4102
523.8486
63.2878
695.9916
230.0917
485.8136
401.6294
281.7979
670.6520
775.5409
983.6765
982.6566
213.8549
266.2908
972.2469
175.1449
382.9322
837.1170
152.3028
826.8676
903.9699
447.8837
264.3742
876.0684
996.4815
887.6368
57.4669
912.8906
838.3469
564.3606
389.2679
103.3933
670.2287
659.7099
670.4076
608.6346
93.9768
613.9159
890.7151
861.5032
709.6608
570.9082
788.4597
167.9938
867.6528
992.9311
339.2617
516.0958
323.5433
659.0981
37.8165
138.7802
628.8726
746.8814
193.6288
949.5005
476.5928
523.2827
131.4256
482.3561
585.3925
99.7881
541.0058
149.6961
363.5656
365.2718
726.2265
943.5603
602.7015
761.7324
581.3869
543.4753
983.9977
75.3247
662.2152
926.4397
919.1740
457.4936
942.9994
221.0009
481.1565
995.5991
170.5482
940.6161
612.7730
803.0360
474.8969
320.7981
961.5572
734.7612
66.5410
601.9487
335.8652
991.5133
800.2174
635.3034
420.2758
774.9732
328.1761
410.0490
695.4664
126.5101
767.0545
60.2676
871.5215
952.6113
886.6917
130.0544
168.6966
739.9595
209.4579
115.5932
775.7435
394.3943
63.5126
809.9027
831.3988
681.2142
83.6778
282.0540
439.0577
13.2503
750.9828
749.8317
45.3631
208.2765
632.4241
578.2885
404.7437
405.7673
457.3629
657.1744
415.9428
181.4028
729.1328
296.6114
463.2070
622.4620
714.2809
29.5804
901.5578
792.9150
684.8349
69.4365
875.4276
770.3816
602.3681
877.1947
498.9550
705.3205
687.9552
828.2905
212.5149
467.2970
874.2594
220.8350
454.3189
5.3206
592.1418
806.4975
170.3104
448.9896
323.1187
652.1752
499.0163
972.3245
329.0180
948.3701
13.4203
191.6910
168.7603
382.7749
384.2343
461.5642
496.6602
156.7766
877.5074
598.5048
984.8758
877.7804
231.1598
960.0586
821.7493
617.9044
533.7063
411.6791
975.0753
353.0391
906.5113
776.3023
62.2824
763.9424
869.2089
362.6717
217.3775
939.4433
235.2005
532.7212
758.1083
961.5036
586.8660
773.2773
47.2956
962.0043
207.9804
260.3141
749.1113
201.6862
718.1790
716.4597
144.5975
185.5353
119.1222
330.8930
280.3200
230.9285
990.4193
479.5556
522.0515
546.6947
156.5276
689.5946
294.8306
710.9416
461.5188
1.9143
152.9917
36.9518
663.2124
951.6019
530.7766
852.7961
574.5620
679.4878
390.0065
15.1920
984.4483
495.4388
178.5129
660.2717
713.9708
989.7564
554.0911
908.1235
381.4835
168.8815
10.7519
549.9203
242.6166
29.4260
105.1736
777.2985
998.5750
18.9478
149.2626
294.3187
184.3926
296.0579
409.7214
118.1452
275.8805
864.9330
964.4884
27.7291
849.1703
311.0949
42.0838
838.8308
400.9459
581.7925
866.4869
939.9708
177.5644
652.2346
914.9674
337.7012
343.5558
752.7359
246.8006
773.1212
287.9937
868.4072
158.9816
221.4121
714.8048
165.3774
683.2339
662.2458
85.3903
452.7708
361.9087
915.4804
678.7453
174.3271
375.5123
73.8449
396.3877
360.7682
555.3257
77.2677
462.7315
287.4391
40.1372
41.0215
626.3293
260.5088
817.0881
705.9837
255.7053
215.7838
702.3356
81.6220
908.7813
661.5322
976.0509
909.0874
761.3174
692.2570
357.0816
960.2403
988.6148
217.4299
202.5879
323.1637
42.4551
141.9837
615.3018
795.6947
360.7000
464.1695
80.6142
902.1051
460.8247
850.1276
38.0531
408.1007
638.8350
787.1946
746.2549
20.7297
73.4221
782.4006
476.5049
409.9139
794.7244
911.9894
360.8055
822.4897
304.7981
941.0859
830.7307
112.6630
927.8648
324.8526
250.5875
729.3430
465.4355
421.8060
263.3147
716.1465
939.5507
710.3830
613.4204
731.7342
254.3773
705.8374
556.1462
106.9146
277.1877
597.1751
348.6363
515.2454
212.5865
215.3370
431.1406
120.2547
764.9211
928.9889
93.8124
482.2513
258.0295
885.3289
972.1766
630.0949
809.1339
464.3936
664.4870
746.5085
753.1518
760.0181
984.6091
303.6603
682.3394
301.1885
822.9899
470.9300
185.2973
345.8886
563.0539
327.5235
569.8789
772.2867
936.5552
94.3698
393.3230
832.8502
498.0840
340.3982
244.7294
491.8518
60.3712
919.3742
537.1665
403.6583
172.6968
717.3291
601.1876
687.8509
667.6193
396.8646
827.1320
439.8909
378.7144
743.2319
720.6453
588.6671
774.1089
624.2066
297.8526
208.9057
744.4214
806.0050
111.3377
137.1502
664.8275
638.8741
283.2873
983.1710
109.5932
844.6584
985.3066
10.3563
526.6199
464.1810
924.7704
777.5307
230.4798
840.7801
571.3657
8.4475
426.0867
484.1742
3.8425
614.2949
836.5815
950.9850
598.1918
233.5972
40.8890
969.5277
137.7615
634.0264
752.7458
638.3566
356.1907
648.3317
709.8599
866.1807
542.0235
101.3050
178.3553
829.3309
564.0339
506.0158
221.7770
828.7720
194.8282
366.6603
988.0208
136.5728
867.3458
72.8713
640.1832
906.3506
499.8350
717.1674
750.8669
14.4319
941.5388
113.7441
988.8982
999.8388
183.5136
653.7476
7.5024
609.3568
153.6091
185.3185
509.4863
912.8778
68.4282
577.1722
93.3477
631.0424
164.9627
87.2921
63.8533
510.1174
736.5347
815.1306
906.6806
785.3187
146.0818
266.3550
203.7238
511.4967
522.9730
389.4600
703.9412
758.1542
5.4326
584.2425
848.0479
553.6322
191.9411
979.3158
682.2032
236.7586
453.7228
743.3153
18.3806
619.1054
97.2167
29.7111
195.2441
697.6312
302.8973
77.0478
571.7944
247.7913
611.5200
290.7778
383.7390
820.5303
270.6502
646.2230
317.4919
1.2194
21.8976
349.8073
761.1740
296.6622
358.3815
210.6948
187.0812
387.9362
742.1445
375.5978
960.9835
126.7070
977.9419
712.5291
777.6520
731.3792
416.9863
71.2701
581.0433
988.3319
644.9944
442.0772
213.5175
267.5054
541.0946
311.2450
495.2774
908.8333
552.8250
322.2455
339.3907
156.0788
156.5177
527.9955
383.0296
900.3534
385.1363
597.8968
493.0877
358.5107
659.6179
832.1198
438.3284
578.2017
682.4351
798.4500
497.3547
511.8797
562.9367
869.5714
415.2858
903.2376
47.4426
181.0481
242.1840
560.6958
730.3532
6.2627
521.5265
838.1462
103.5343
856.9604
830.6525
966.7575
162.4962
833.0311
59.4296
474.2175
594.7276
448.5587
375.9717
79.7893
306.9234
452.1537
356.8056
329.8763
436.6084
483.8832
269.5460
933.7770
767.2439
604.3897
115.8974
52.1756
301.9627
805.0919
931.7036
807.9826
290.2534
217.6878
124.0566
39.5391
237.0016
524.3985
54.4803
798.2875
963.9514
31.4747
308.0249
150.5283
162.4859
900.1548
665.8624
321.8137
286.7619
970.7680
593.5881
375.0014
470.5577
475.2386
810.3486
593.2340
775.2499
97.8230
451.7923
43.7717
565.4339
313.8288
61.2489
846.6042
748.7469
256.1964
939.3242
796.6495
71.1868
28.2239
983.1968
494.2214
939.9072
764.1224
367.4204
460.1460
614.9638
190.7161
534.4641
705.4347
552.3190
26.5146
135.6320
773.6207
446.3453
132.4645
640.4354
557.6985
814.7618
22.3219
210.9790
372.0499
273.9082
296.7454
574.6471
232.4795
788.3253
337.5109
523.8283
527.7737
681.7384
211.9196
397.0973
667.7057
417.9621
479.1770
227.2418
30.2508
855.8245
752.2452
135.0345
391.8159
243.2242
217.2664
780.6776
531.0572
380.6879
139.3581
849.2305
146.1558
908.7688
329.6148
344.1669
856.3835
585.3317
895.3875
700.1134
340.2634
404.3004
750.7217
320.1688
764.5199
200.5235
679.0879
764.6307
288.8549
476.6819
273.5037
900.7965
719.8920
41.2054
554.8697
3.0817
224.0245
590.0773
733.9949
598.5406
553.2285
631.1551
112.5756
0.3254
529.7484
242.6197
282.5246
564.9963
613.6235
592.6457
196.9885
72.1927
68.9498
288.3067
480.7049
662.2302
263.3887
806.1279
293.0838
838.3658
375.2653
640.9066
607.9856
311.9668
560.9585
184.5676
386.1119
2.7150
491.4540
926.2772
795.4302
610.2420
89.3110
805.7084
204.7967
665.5360
969.7471
50.3005
841.2210
940.4064
950.2082
954.1713
28.4709
399.5371
463.4610
539.6595
790.6486
82.7333
707.0459
321.2616
164.0216
966.0466
192.9070
576.7794
730.8691
145.3578
944.8488
472.3205
421.5135
158.3147
734.2793
896.7924
508.3383
824.6851
758.8905
423.2810
748.8320
841.2560
235.9642
883.6507
786.1192
539.6213
376.9194
134.9358
394.5924
473.4235
717.9003
804.5028
634.5980
81.7417
446.6170
305.5931
247.7907
255.4476
657.4579
693.8074
298.1342
208.5589
542.1507
3.1806
45.7057
542.0857
621.0448
959.1000
105.6005
826.0758
36.6949
507.4025
543.5746
233.4577
176.6739
359.5402
881.3959
519.3704
488.1624
472.7791
46.7903
766.6926
182.5496
26.1637
270.5172
735.0846
294.3751
549.2388
590.6753
772.9374
768.7894
887.8603
464.4406
786.9745
765.9394
373.5769
766.6421
634.9624
868.3606
159.8747
34.8183
470.0087
69.4425
632.6232
448.4666
480.4301
701.7376
535.7830
206.4943
395.9427
970.8373
593.0430
358.1876
777.5464
548.0097
16.9759
26.7950
450.5328
380.3890
439.1204
483.3067
976.9440
388.0430
483.6103
665.6551
698.2422
291.5917
451.1649
328.8049
542.1463
283.6068
511.7792
405.5410
992.9502
699.1897
739.8680
601.2296
622.7819
849.3351
845.2405
116.1319
530.6753
684.5332
631.1269
173.5993
537.8683
101.3559
136.3431
596.6879
391.9269
773.0434
536.0809
227.6237
716.9449
586.7966
514.4325
557.1788
628.3267
423.9678
743.5036
502.5781
654.3251
219.9916
61.8467
77.4911
194.3030
720.5300
268.2124
764.2327
665.0803
4.6434
759.6104
160.7334
215.5077
351.3005
696.0632
112.1832
796.9775
122.4640
356.4773
722.3374
946.5255
809.6799
495.5036
289.3774
306.8439
221.2661
279.9381
54.0334
486.8304
254.3605
329.8874
169.9311
803.3772
17.4521
519.7517
654.3531
377.1726
615.7336
458.8370
323.4818
35.5394
825.3726
616.7967
473.3415
10.7757
902.6213
441.2064
564.1938
607.1100
959.3060
468.8170
949.0263
152.0083
194.2794
490.2410
679.8589
834.1646
635.5116
403.9543
167.8744
45.6424
337.3787
88.0939
886.3061
661.7787
990.6231
131.4741
502.0209
643.6989
109.4039
989.6744
199.5249
708.7319
93.1952
337.5240
619.9161
893.4362
112.2144
889.0570
354.5240
250.9655
750.8465
755.4569
816.4702
745.4018
608.6152
701.6492
995.6576
37.4519
391.7817
169.3224
294.1575
473.4232
590.6888
285.1674
430.8426
545.4563
126.3049
662.9511
357.2877
837.2508
502.7230
408.3325
898.6359
764.9167
896.0480
203.4020
364.1689
264.3542
639.2514
111.3026
148.8454
926.9975
625.2154
19.0274
998.2861
200.8730
84.7162
784.4822
664.5582
199.9240
316.0358
753.9148
73.3950
930.7519
946.9807
52.0764
589.9752
66.9044
965.3840
828.2834
823.9640
431.0705
679.0627
572.5998
682.4788
798.2492
349.8716
35.7707
470.3865
815.6942
172.5095
71.7325
435.1910
0.3448
330.0869
653.7958
584.5721
414.0949
906.1936
908.2058
734.6438
855.7892
930.4754
151.3230
339.0915
884.9855
992.6664
4.4459
781.1203
831.8949
815.9373
221.1392
355.9896
94.0862
225.3241
446.2432
405.0736
247.1748
699.7379
387.5449
385.3663
659.5634
186.8675
373.2769
259.7926
165.3974
401.4737
78.9637
244.0853
383.5993
402.9223
449.9252
6.1560
823.6093
917.8807
391.3082
600.0746
711.6516
598.8991
395.0175
290.1267
411.8248
633.4001
588.4475
441.4888
233.2845
904.1224
44.4623
796.0073
746.6141
419.4787
499.7998
875.6014
869.1950
215.7035
542.9614
185.1021
313.2266
371.9281
857.5054
851.6358
36.7339
906.7852
602.4800
833.3220
138.7047
328.2197
603.0714
322.6723
880.1216
861.8541
150.2019
410.7053
681.9993
204.6386
976.8583
198.0492
21.6760
203.7809
172.2228
960.7684
94.6725
69.4783
662.8897
380.3065
513.4695
513.6639
663.0856
202.0067
555.6504
809.0320
69.1074
684.9468
583.4670
508.9795
910.9162
774.5550
88.4893
399.6919
96.5556
907.9534
692.9941
790.5993
774.7420
266.6202
284.7839
132.6457
548.8300
634.8173
962.4866
630.9815
178.1103
861.6692
50.0981
819.0898
688.7168
63.8400
273.2361
170.4027
450.6766
903.6627
737.5250
452.8212
687.4731
173.5941
716.2340
292.3613
852.5657
806.2985
18.9280
583.4532
317.6314
319.3190
687.2867
286.4767
547.8706
2.5218
11.4794
461.3815
620.6015
69.6387
884.9070
673.3271
493.9906
314.4670
604.8710
644.0247
140.4936
910.6340
840.4243
546.6664
74.0789
575.2348
957.2474
57.2429
217.8883
661.6557
43.0206
400.3327
544.0042
480.2316
546.8317
441.6793
283.8907
442.0037
715.0450
652.9293
516.3709
485.4628
426.9939
139.9916
415.8897
702.5688
224.8121
367.2198
708.0724
683.6708
254.3099
392.1941
217.4500
335.4386
437.2379
447.9839
766.9552
651.2715
604.3842
536.1010
590.3644
847.7997
63.4334
574.7921
152.9674
835.0837
628.4799
975.0971
172.1139
715.8200
469.6320
804.6768
184.9191
122.1872
691.5910
127.7779
715.8966
904.6468
894.1455
555.1169
708.5684
953.1018
825.0201
697.8968
726.3912
268.2065
91.1697
97.2985
207.5544
648.3679
637.7284
222.3205
457.4060
340.3724
234.8575
589.0701
454.8440
642.7843
859.9529
39.2313
253.9191
586.3060
310.5262
63.8375
247.4264
58.0875
806.7670
988.1101
992.7966
716.1903
224.0209
836.2692
68.3738
156.3498
965.9176
599.0587
985.7036
331.1001
569.5369
917.0077
689.0710
835.8546
465.1848
251.5361
226.2412
366.0953
740.9750
129.0399
444.7517
727.6791
133.2778
624.7436
749.2597
853.5860
175.2542
752.1192
822.1916
738.9860
710.9379
253.1398
659.3031
419.1685
6.4292
452.1357
96.2765
537.9947
322.7536
214.5893
62.2140
389.8664
239.7235
647.5913
750.1642
875.9488
157.1064
441.0238
59.3421
849.9767
119.4759
252.9306
965.1332
458.8415
242.6997
746.2677
393.9150
806.9335
332.7445
667.7222
470.4980
378.1297
628.1941
510.1833
323.2869
599.7643
543.3013
671.7373
793.1416
461.0261
33.3005
379.1963
136.6640
544.7924
662.9843
736.3406
939.6043
895.0047
596.6340
400.7300
125.8157
691.0156
140.6985
880.2643
972.8632
18.1472
281.9144
41.8077
352.9401
158.3899
314.0762
299.0362
929.2655
823.0762
889.7816
806.7841
549.5982
972.2013
869.0350
557.2524
544.1306
382.6569
175.2995
448.3089
494.6499
900.6659
37.1872
281.1375
510.4633
357.8494
992.7874
252.5766
858.0157
95.4054
655.3692
16.0077
631.3152
781.1185
693.6892
241.5572
64.3881
414.1671
627.0347
685.9962
214.4800
786.1828
999.6331
511.1751
874.7060
253.3807
964.9000
592.8295
128.9533
307.0781
27.2408
330.3603
532.9814
142.9929
704.3503
129.3473
704.2740
465.0720
33.0598
135.2644
438.4974
576.2145
277.6958
822.7690
173.5277
141.3545
311.2833
786.3731
51.4524
148.5459
599.5231
809.9741
77.7883
37.0202
468.9104
17.0082
51.7721
176.2594
300.0410
779.5013
937.1454
962.1654
635.1955
826.1267
873.8313
658.8069
868.0731
990.5137
586.2937
864.9943
991.1387
375.6781
688.9539
819.6553
205.1449
148.8086
910.5277
450.8691
507.0999
529.8413
280.0371
218.6673
737.0461
554.7399
917.6121
515.3423
117.1065
192.0682
438.9143
950.9324
223.0152
858.9373
510.8578
403.7675
139.5481
956.9515
979.2659
18.7230
779.8154
619.3644
381.4279
119.2002
519.5152
409.5483
497.5239
847.3292
171.1992
970.6581
273.6157
715.5626
698.7955
639.5641
776.9070
12.0614
413.4171
547.1116
700.9267
768.2828
760.9956
904.0586
265.7539
376.0330
504.0250
336.7190
483.2035
23.7973
554.3548
265.1764
544.4523
692.1938
288.7133
488.5209
705.7566
719.8426
454.2691
549.6322
998.2090
797.1321
966.5553
536.7392
476.3851
177.9498
460.0268
256.1191
303.1043
924.2459
4.7225
505.4692
131.7623
832.5714
454.7424
144.4221
477.5138
221.4300
789.4575
890.2970
812.2557
516.6663
77.8101
219.9380
334.6553
696.9743
116.1875
444.1181
677.8416
702.3807
387.2537
601.9262
357.2342
815.2314
760.8222
1.4207
202.7023
677.1448
370.8567
856.9867
411.5537
572.6270
201.3255
324.8203
766.1394
114.1899
201.7079
639.0303
5.1401
9.3489
876.6374
341.1545
769.7255
999.4456
397.8077
747.9319
799.3218
336.8626
937.2403
422.4430
728.2242
436.1378
152.9185
845.2552
37.1881
141.8707
323.9787
87.9580
368.7531
677.7532
357.5953
204.0486
458.6779
196.8894
285.5250
412.7812
306.3453
710.1740
367.6904
647.9474
193.2364
783.8534
828.4147
463.1467
436.9067
744.4005
109.2000
194.4758
166.7285
274.0625
562.2924
701.6363
908.9985
118.8859
929.0915
16.3811
284.6164
125.9335
820.8307
693.5258
779.7862
396.7175
143.6659
385.8665
858.9313
921.0696
448.1545
365.8024
775.6050
489.3570
728.7045
352.4033
641.8331
417.3438
64.9348
998.5363
704.6725
487.4122
892.6061
347.5861
256.3972
696.8973
48.2278
689.1296
722.7615
608.5697
223.6093
951.6642
964.9282
800.8478
39.7402
302.7027
127.2027
623.2211
251.6214
582.9911
344.3153
105.7398
939.1801
397.3879
281.3825
824.8402
270.1742
971.8182
984.7591
712.9008
328.6815
562.2794
611.5121
8.7694
739.9640
150.6153
150.6653
567.0110
232.2715
162.0111
902.1426
533.6622
592.7738
38.0364
512.3153
82.0335
399.6891
425.5454
761.2317
934.8051
513.8197
230.2012
156.2420
674.7212
96.2776
550.0017
502.8612
359.6559
967.5031
854.6948
850.7074
604.1284
610.4005
661.0189
183.3062
712.0582
48.3085
375.2836
217.1033
631.4947
117.3881
988.5232
295.3628
503.7380
854.7828
981.8648
422.7588
788.9268
259.7439
242.4640
396.4794
716.3015
886.1228
163.6713
717.0916
181.9932
921.1984
417.4420
331.6048
234.2696
732.5091
906.5692
266.1284
529.1232
866.0735
244.9590
285.5891
6.7822
261.2286
725.3742
491.2907
356.3833
567.4880
768.2268
612.6119
702.3434
54.5271
982.0135
187.4953
219.4906
172.5729
600.5779
559.5968
435.1964
896.3533
936.6672
39.8388
290.4050
183.2013
663.7788
868.7340
791.6502
622.8083
70.7204
416.0957
823.7778
710.8450
801.8924
973.8507
229.8176
151.1678
316.3335
371.3178
591.7923
173.9032
714.0853
428.0524
927.6641
909.9936
642.3510
949.6900
260.6688
278.1092
512.0995
276.6901
610.3087
775.7038
913.2015
882.9456
913.9054
756.5848
808.7998
194.3748
270.9774
11.0379
870.1207
150.2060
748.0507
366.8842
822.2475
453.3540
250.7242
318.6149
666.3884
111.1329
411.1277
793.7329
270.4608
340.6017
27.8130
22.0174
840.2559
393.0220
114.3451
907.5614
247.9324
616.3316
644.3448
851.1944
577.7420
750.0606
187.8870
394.4830
545.6906
11.7520
559.1327
985.0608
351.9555
622.3015
478.2324
577.6823
385.6316
989.7052
99.2402
161.5698
51.0525
445.2154
783.2398
40.5650
129.7542
95.3853
842.5901
948.8939
160.6962
639.8472
805.7624
31.4485
867.1900
467.4216
518.1041
85.9095
691.7483
183.3970
590.2261
71.6879
531.3297
116.6146
859.6165
578.1244
804.0855
99.2562
624.5449
153.8307
333.7553
626.6666
436.9632
299.5646
613.8768
979.4465
682.3654
701.7755
465.1805
955.7136
481.1891
671.9937
392.2693
446.3880
144.4364
315.1036
321.6990
50.6889
480.6533
169.0086
717.4122
690.4104
337.0155
735.4698
379.0218
170.9799
976.6815
145.6651
762.2138
354.7467
281.4234
357.0201
349.1704
114.3173
519.1264
192.0533
145.9813
989.8883
292.7139
555.4532
897.9848
373.7824
782.6556
422.9848
85.4927
231.0599
229.6284
688.6688
57.5083
316.6733
371.3389
116.1460
873.6688
314.9320
246.0254
305.5038
538.5386
642.2636
880.3715
460.8571
788.0664
430.9991
817.1920
82.2421
759.7943
846.5481
200.7957
550.2210
118.5974
100.4587
787.7863
317.2102
122.7769
913.6539
966.0620
98.1841
749.6010
209.1592
469.0343
171.5132
703.7075
175.7798
913.2195
346.7145
103.6832
542.8205
683.5023
70.0526
574.5299
835.4017
435.2968
827.9787
520.7197
286.9310
292.0559
790.0263
820.2399
601.3975
968.0830
34.7250
720.2962
800.8167
799.8299
176.3562
596.5880
646.9591
494.1461
820.4880
950.7725
80.2715
249.3024
281.5506
430.1022
252.8630
898.7550
418.1482
256.0477
651.3377
391.6448
107.4215
991.3786
433.7950
363.3162
979.8458
0.6401
71.0284
100.1794
160.9684
469.9911
24.4201
77.1240
91.6454
678.4641
91.7627
705.0749
497.2743
153.9076
813.8572
957.5882
346.9719
242.0709
147.7756
483.6572
267.4965
142.4344
317.4645
312.6291
577.7473
140.3195
100.1554
128.3094
459.7792
643.0680
816.0895
310.2904
674.9861
902.0852
238.4426
738.7010
345.9285
543.4288
884.7627
258.8304
674.7045
422.7393
236.4898
873.5211
361.0659
390.0709
646.4931
172.5430
564.3248
625.8572
446.1696
898.3751
210.8583
865.2251
910.1905
604.4486
43.4455
347.2717
731.7333
411.9875
248.6630
289.2316
106.7028
733.8872
40.1562
184.1764
842.0853
688.9375
359.3507
856.7301
634.8870
662.8938
683.2583
220.1243
154.3362
364.2103
967.4338
53.4648
487.9762
199.2694
225.6877
654.6841
783.5345
628.4886
293.5963
680.3732
39.9340
87.4293
478.7332
693.5196
434.1345
169.9599
736.8115
107.7785
725.1028
558.5113
361.2909
757.7752
429.7347
234.3105
414.0847
746.4012
231.7893
701.8357
911.2007
615.0860
375.8500
660.3812
619.6335
431.2185
330.5360
254.4680
755.9841
980.0309
115.1187
538.8941
712.4362
159.9702
28.0278
536.1953
272.1314
750.7823
488.0235
726.7181
957.6147
118.0350
397.5339
921.4741
535.3658
670.2731
993.3725
150.2718
495.6785
939.9856
79.8204
467.3954
616.2083
768.0568
945.0254
31.3545
293.1019
905.8297
257.7761
603.9703
318.3499
812.4169
744.6973
580.8677
58.0992
165.4656
826.9448
779.9912
682.9347
825.6492
117.1934
599.9532
663.9207
550.1647
928.3450
329.0953
780.7628
480.9631
713.6000
829.6625
216.0283
86.7712
210.0767
943.8229
743.4721
938.1368
128.8128
210.0711
529.3775
677.3072
78.9169
850.0017
37.5045
106.9262
703.9714
206.4844
212.4074
254.9985
986.2993
746.6961
288.7640
772.9865
494.0340
287.7674
312.3523
104.9830
400.6379
531.8413
818.2734
292.5680
362.3444
199.5664
948.3487
261.7046
666.4173
309.9490
0.2531
2.6918
93.8541
449.3167
50.3234
736.0377
594.8989
749.3338
238.9044
891.4407
201.0633
284.2550
751.9643
510.4773
185.2873
61.1125
118.7920
888.5657
423.9771
465.4233
827.6043
471.9475
477.2182
174.4390
421.4018
695.6369
588.0787
225.8961
504.5858
891.6850
47.1541
267.7674
370.7313
536.8418
471.0029
771.7399
751.5579
312.8533
836.5999
901.7920
619.3531
150.6296
13.4230
114.2168
769.4324
55.5420
354.5179
974.7000
533.0877
606.4928
919.6958
19.1975
341.1671
39.4037
788.6853
800.5536
271.0580
661.0810
332.7140
649.2593
793.6734
795.5733
280.1308
377.1645
505.8350
504.8772
26.1450
891.4032
342.8326
739.2598
243.3552
122.4027
630.1432
169.0163
529.8218
508.1858
105.2710
155.3145
270.2605
546.2540
802.0551
650.6372
911.3509
260.3039
72.3407
522.2776
513.7862
137.3577
556.0819
31.9269
25.8279
429.6972
898.3758
228.7601
487.4117
596.6240
409.4613
694.4492
265.2082
219.5800
201.0765
397.2162
100.3619
652.0333
941.6108
607.7029
744.2480
432.7417
847.8091
77.2608
452.2229
809.3618
100.4202
949.6548
651.4784
881.9843
713.2368
791.8196
789.2194
756.9410
203.3569
43.1271
456.1596
778.8081
629.4318
96.7607
102.0712
180.8777
121.1641
817.1529
426.9073
478.2026
978.4310
553.8168
646.2918
232.7419
954.3790
994.7448
17.1326
982.2385
610.6939
698.5364
328.8740
449.3086
628.3927
34.8026
419.6943
122.4615
940.6380
670.9765
116.9423
221.1816
11.0415
267.9161
188.4509
179.3004
774.6827
990.1774
192.9704
386.7446
583.4082
172.4169
878.1900
467.1136
248.9275
728.3467
471.9775
420.3583
590.1582
119.8219
504.5393
419.4801
134.1670
838.6638
460.8664
544.7085
823.2393
996.3524
980.8374
371.4677
281.0777
194.2289
912.6505
889.3804
824.2082
336.4306
56.9795
120.7560
657.3610
991.1276
994.2717
262.0315
422.1408
881.0173
286.7268
811.1486
678.7936
528.2505
508.9637
522.4854
292.1307
292.2435
643.2744
983.5656
460.5786
28.8127
84.0444
770.8593
894.7561
858.7477
163.2421
363.0944
26.2464
712.3544
612.7089
235.5896
673.2380
104.4817
946.1297
670.6400
672.5416
145.7537
542.0248
17.5849
231.3638
342.6103
733.1480
2.7043
566.6726
28.5374
570.4829
609.4030
738.9355
677.1532
99.3614
84.2829
986.8908
185.5274
698.7170
315.5690
154.0850
33.7170
766.7810
445.2078
102.1366
665.1997
931.1443
31.3321
280.8846
726.0028
104.0642
790.3083
406.5933
399.6246
941.3841
270.2613
11.3289
652.9826
594.7767
582.0603
342.5677
664.0297
494.7369
887.0084
979.5407
303.0524
969.1974
927.2509
13.5270
10.6952
487.5592
363.0567
532.1064
615.9775
412.8010
124.7605
492.6727
641.7001
296.6713
769.6672
533.2488
30.9207
705.2504
454.7700
573.8384
374.7411
362.8486
514.6062
657.5453
775.5968
892.8207
855.6172
6.1345
14.6435
965.6298
848.5555
129.2030
346.7170
137.2878
383.4488
983.9921
364.2884
397.6546
51.1483
389.3303
257.2801
97.3990
637.6625
167.9348
418.7509
559.7482
643.3258
778.9237
475.8161
757.5748
737.7142
501.3748
0.4479
522.6861
968.2943
829.9821
921.7582
489.0603
670.4201
535.6804
721.7615
714.8382
476.3878
517.5799
617.1551
216.3547
18.6421
46.1970
226.6253
509.7547
572.4529
963.2368
874.1701
371.8863
993.1462
553.1097
95.6951
274.9341
222.9255
293.3068
177.6485
618.3557
314.7487
547.8842
663.5283
901.6899
182.1047
813.7406
220.7239
302.5655
371.1217
151.6609
346.5736
751.5001
674.5159
331.4285
84.6513
494.4757
906.3267
189.7633
198.3047
766.4098
375.0891
813.3906
862.5187
38.3401
571.0942
147.4154
404.2411
577.8995
967.3425
183.0910
839.3682
107.4670
154.0462
553.4829
270.5683
965.4952
192.1601
954.1430
436.3191
433.8374
258.1630
46.4873
453.0430
171.8465
609.7915
777.5536
385.3039
397.1838
126.8882
863.0347
158.6432
159.5272
350.7833
238.1908
604.7356
995.9403
621.5191
408.4506
756.6634
594.9589
364.4149
560.8824
113.4679
211.3615
190.8543
536.2724
675.0589
134.3456
762.8235
427.1949
633.9240
931.1203
230.4314
692.8050
221.0154
923.9646
211.0004
867.8758
839.4932
803.1812
966.8916
20.4190
861.6737
503.1801
374.8926
212.3754
51.2513
727.8818
162.6214
945.2611
694.2464
964.2480
111.3674
740.0032
320.6245
623.2914
580.0805
836.2204
154.6085
706.5281
207.4941
872.0066
530.0830
658.4161
214.3462
629.9201
293.7003
301.3029
888.2576
262.5539
296.6260
714.0690
701.6382
963.9078
245.9498
820.0998
724.9546
875.9410
164.5062
660.1498
560.7616
149.9874
437.1916
64.5769
911.8397
225.9212
487.3248
477.5058
802.4525
795.2697
252.0636
489.6092
423.2050
290.4889
20.1235
646.7767
69.2513
22.1514
786.6630
401.3262
972.7572
434.6349
580.0338
899.0543
480.6105
235.8355
542.4989
97.9369
867.4766
418.2843
133.1036
166.3956
33.4300
45.2330
572.4976
133.5959
318.6829
847.6670
520.6182
116.2603
984.9340
346.8640
312.4297
882.3816
67.2912
467.5016
345.9844
691.4317
858.9488
381.9339
999.5880
129.6920
281.2675
457.3063
450.7131
803.7658
378.9666
902.5693
986.4508
689.8328
3.4185
53.8763
510.1047
729.0781
0.9917
299.5606
350.7803
456.8944
713.9014
134.0958
346.2988
122.1039
684.6588
103.9307
924.9051
751.5533
339.7392
159.1797
30.2045
204.5755
893.7551
818.8993
985.4166
947.2737
895.7931
280.4321
318.5959
866.3061
261.6997
119.2455
295.8811
833.4712
402.4613
602.5716
77.3261
634.8411
631.2002
891.3434
490.2002
282.7081
26.9164
925.1200
643.8467
29.5347
547.1916
590.7037
576.5405
451.6477
140.3768
810.0337
173.9014
735.7165
95.1807
872.2267
303.8472
61.2101
716.6716
251.9356
56.7189
115.2689
426.1515
437.9931
376.9280
337.4199
864.6188
612.8635
2.1476
930.2362
781.3049
416.7844
42.8852
454.0323
941.8455
914.1846
94.4951
955.9103
53.2993
327.8092
463.4385
726.7641
845.9829
319.4028
254.8225
42.1967
508.4904
728.9798
991.5174
316.1981
629.8018
973.3628
429.9321
312.7916
44.6069
927.0744
845.8808
378.8317
312.1884
963.9189
341.9103
985.6453
527.9670
314.1014
895.5340
342.2097
565.8217
346.4366
873.4785
65.2380
960.1835
115.3414
324.9455
895.3623
191.3998
405.0872
507.6675
489.3226
320.5393
398.9003
833.7528
740.3786
842.8809
338.8285
668.6312
192.8486
706.3389
258.1627
268.2514
458.0440
841.1643
885.2729
189.0328
193.9323
435.2758
32.6202
461.5903
963.9184
434.7032
215.3573
831.8293
252.8235
135.9221
941.7356
599.5127
748.6703
31.4251
749.6771
949.3387
106.4619
351.9409
193.1407
745.2196
217.2535
421.6773
588.4272
681.6621
46.1279
699.5174
748.0506
904.3859
548.8114
505.9814
663.8383
377.4331
477.7431
144.4090
319.5967
570.6350
754.7324
666.6743
145.1060
525.9308
338.2404
87.4099
372.3165
878.6018
325.0193
972.1570
435.2674
317.3655
309.8904
868.0228
957.1502
778.2463
103.7614
567.3996
261.7154
406.1956
848.9221
508.5410
852.3754
285.3107
64.4433
385.6152
580.6989
706.1788
961.3782
570.1275
984.1656
186.8692
221.5072
26.6182
290.7763
251.5848
52.7264
31.9650
301.6986
516.1957
164.6652
207.4907
585.3420
46.4358
806.0836
814.9142
569.5647
990.1415
665.0845
611.0117
361.0238
882.3997
672.8780
15.8362
754.5978
719.2959
323.1198
162.5065
533.4390
929.5706
820.7191
316.9448
775.1553
413.0436
775.6866
167.0055
574.7856
59.1608
804.7801
981.6189
366.4606
887.4857
423.8060
374.0874
632.7894
58.7986
642.4163
223.6286
893.6051
9.1802
865.3066
933.0984
576.5160
346.7480
558.8509
164.4175
419.1380
159.5593
598.5310
401.6925
400.2186
853.4553
59.5717
721.5205
527.2205
693.2186
831.7325
860.6055
798.7525
947.8934
858.1253
283.7372
329.5697
532.2555
447.7656
764.4766
627.1065
518.1618
778.4650
506.8612
221.6017
379.8257
272.4092
115.7641
622.5604
131.1287
595.3974
320.4228
342.5270
793.4117
679.1838
158.4335
790.9277
831.6493
637.3083
816.8951
565.6437
718.5243
592.1929
676.1786
347.1392
832.5384
752.1039
244.1134
717.4474
849.7525
602.6027
285.7321
585.0447
151.8985
470.0863
568.4678
748.3075
425.8903
51.0169
352.0821
498.9040
74.4573
438.4819
899.6072
36.3480
54.8718
602.1115
259.2418
306.2070
696.8326
143.9325
309.9112
58.5398
249.2813
379.4346
967.5704
786.7598
554.8097
404.2116
540.6880
409.3402
749.9359
875.5969
761.2334
870.0432
418.6248
274.0764
256.2711
419.8832
561.0240
371.4152
406.7744
125.7011
877.2360
730.3805
626.4857
686.7770
808.5760
300.5099
635.1294
799.5298
546.2987
434.6933
285.9756
281.0100
934.7722
500.0218
371.2163
23.6382
348.1482
746.4192
264.8324
946.7272
512.6993
562.3579
108.1461
486.1631
567.0932
555.8705
307.9647
198.5242
238.8405
256.8689
550.8560
656.7557
77.7206
746.2588
966.4750
444.2269
804.3417
107.0282
348.4150
375.6155
69.2019
782.5027
873.4141
927.4241
441.4889
423.9312
620.8607
854.6179
370.0464
965.8287
219.7927
454.8090
68.9814
180.0146
159.6870
366.6410
675.8628
170.0910
100.9110
433.9376
446.8209
432.1505
35.5887
349.1097
300.0693
841.1656
791.1787
205.5201
972.1087
174.9590
726.9851
620.0012
445.3974
179.0103
638.2584
828.4027
619.8778
734.7692
248.8705
414.8196
483.6187
672.4457
519.5590
715.6257
51.5321
618.8805
399.7182
946.4575
997.5709
88.5769
30.6700
702.5623
18.2993
790.8721
262.3494
104.0656
793.2109
843.1297
881.7973
760.1776
145.7225
706.3671
663.8962
891.8085
482.9568
74.3252
623.9990
466.8157
459.8900
802.7795
462.7902
855.4677
629.4830
836.1470
313.4651
657.1586
474.1771
164.4538
640.2454
928.8759
614.0534
53.7474
688.2281
821.8325
724.6849
21.8823
236.4193
400.3693
748.1541
187.7603
911.2906
773.9207
454.9567
898.1959
488.1293
736.0596
204.4609
357.1117
382.1466
260.9902
114.7316
417.8611
934.3083
182.5200
340.8154
522.8738
468.3703
578.5295
21.6757
186.6838
658.5396
41.6286
156.8669
94.7642
941.7430
977.8823
62.6800
771.1439
559.4929
263.0938
918.4395
579.6307
179.9111
137.3334
878.5504
513.7268
865.9340
31.4463
567.1406
178.0583
361.5642
439.9160
290.1916
953.4624
619.6259
210.3089
839.6246
481.0701
180.9779
159.9998
524.0437
198.4038
306.2671
139.4536
897.1888
99.9225
8.7316
413.7764
652.6651
469.5860
282.4227
311.0993
528.5734
41.7023
586.9626
89.6025
571.1199
88.3344
589.6616
179.7712
598.4468
861.5925
498.3490
129.9949
520.7625
551.0075
126.9731
655.4203
320.2069
520.0389
165.4758
961.1394
946.5344
373.3904
993.1047
259.5476
755.7332
607.7408
484.0531
229.4704
912.9256
339.3974
44.6560
295.9925
252.2571
397.7468
988.6509
677.2621
544.4587
223.3685
154.4671
701.3342
372.0466
360.8812
142.4661
147.6699
319.0699
506.2522
584.6325
636.5497
988.7771
919.2492
298.3559
972.7724
162.9356
889.1838
670.1903
169.5959
578.9164
0.8588
763.8640
838.9034
421.6675
801.6198
487.8322
164.6524
806.5876
948.4753
80.5302
791.2915
991.4919
921.1819
994.9286
580.9763
429.6739
144.2585
975.1690
902.5722
692.2997
621.5439
717.3114
658.4112
31.4124
31.1493
400.6074
218.5573
854.7118
914.0849
356.7640
600.4207
381.1687
629.3317
368.6484
842.1128
707.1141
444.7985
593.6546
558.9398
731.5006
60.2452
688.1821
235.9448
384.7185
295.1517
169.1920
828.8541
410.9192
978.2295
909.1526
722.2060
175.3489
214.6104
271.9542
904.7938
261.9500
272.6031
714.1081
846.3995
455.9940
544.5933
232.6628
827.7282
601.9176
549.6951
830.0761
636.4658
561.5078
938.3956
167.3587
414.6310
161.5115
906.5830
937.2061
906.8306
355.2419
231.7334
966.2985
856.5540
346.4646
904.9105
885.7589
179.8311
253.4891
524.8046
50.7444
845.7330
604.0717
349.4932
172.0250
131.1870
727.4623
147.3539
294.2713
456.3716
589.6749
256.9648
839.9326
485.7330
26.5691
970.7878
870.2449
688.7378
778.8823
963.3189
999.1977
916.3121
100.9381
294.4781
700.9726
939.2429
270.3752
468.3775
220.5824
134.3969
331.9035
6.8850
808.5243
830.5454
690.5482
900.2699
554.2624
560.7325
229.4905
691.9111
974.5229
938.5788
94.1279
409.5207
624.7089
895.5306
69.6334
233.1408
258.3089
872.9274
200.3759
743.3249
890.6018
186.9449
499.7424
87.0149
372.6490
578.6659
177.8890
88.2921
579.7386
203.5882
724.3022
326.6369
225.8005
437.3461
404.4777
963.2627
203.4565
903.1889
240.6945
388.7654
902.2523
381.7798
590.6756
109.2045
893.3825
57.1886
300.9731
179.1232
597.0397
744.6743
329.3124
201.6749
84.0274
378.7362
763.8551
956.1989
547.2897
611.5968
136.5438
250.4443
487.2818
495.1945
742.7778
966.7618
419.9185
79.7320
135.5663
995.2593
352.5934
265.8265
430.9122
350.8589
206.3985
282.1793
902.1104
574.1952
674.8670
1.2362
872.4732
265.7545
658.7148
196.3967
724.5023
420.0334
40.0494
657.0109
102.1672
679.3510
753.5158
316.6791
342.6325
970.6345
9.2003
750.6378
435.6681
610.0431
162.9455
406.3391
363.4053
196.3827
96.7458
764.1398
892.3299
996.8500
629.6799
283.8973
622.7676
251.0776
434.5201
276.4296
775.9064
980.4654
159.5724
55.9282
72.3500
172.4510
671.5671
280.7759
380.6306
80.2090
513.2559
851.9929
401.0655
774.4901
24.3455
764.1570
984.4698
731.6803
441.4458
657.5772
422.9928
372.4240
371.3350
823.3367
336.3514
370.7805
834.8186
719.0966
415.1382
368.1020
962.5793
837.5044
455.4609
912.1612
691.7416
425.6824
670.9049
516.6959
145.0746
791.9662
191.9102
255.9484
115.5154
390.0565
322.9609
624.0684
973.3554
550.7259
606.1331
686.5544
747.7197
116.9005
891.4366
362.2668
971.7405
935.7777
830.6496
580.0443
892.8076
169.9492
882.7311
417.2884
153.4919
640.8949
624.3680
183.2286
613.2314
714.2670
94.4762
574.7700
222.2425
716.8750
545.1118
647.7216
498.5341
15.6727
736.1264
365.7308
884.4023
577.0774
513.3021
571.3526
726.6705
720.7214
420.6018
884.4514
818.6357
160.6602
713.8477
711.6231
334.8266
391.7997
481.6911
867.1781
866.2703
701.2050
576.1933
552.2959
755.5460
610.6458
28.1383
929.6503
657.5314
163.8372
816.7777
933.1867
618.0227
86.8289
100.8459
633.1006
499.3492
122.5140
746.8784
612.7007
322.2088
950.9687
189.9057
408.3772
146.7712
213.0911
917.2358
163.7873
723.7628
581.3094
919.5052
394.0718
375.0620
13.0341
329.9212
338.3818
385.4111
198.1605
37.4882
821.9534
333.9108
125.3738
12.7214
541.0712
857.7612
410.9988
889.7641
720.2176
280.6942
536.7939
375.8410
349.1676
175.2317
695.3914
92.8487
39.3267
787.7537
418.2836
789.2863
190.1409
951.1583
478.5103
359.5110
851.6006
436.2163
131.5223
850.0668
822.0328
530.6856
667.1560
150.6775
904.3923
552.7046
442.0297
977.5114
782.7028
9.8511
928.5438
57.9146
342.8113
675.9851
776.0971
693.1796
875.2213
353.9742
37.3312
371.9397
817.6509
286.3346
445.1054
65.3592
167.1978
894.7803
687.5796
60.9542
848.3728
85.2509
503.9124
874.4586
659.3348
142.4830
633.3454
66.2274
287.3717
506.2446
476.9014
145.6807
752.9532
734.2584
409.6676
882.8528
977.8042
952.7929
694.4255
778.6587
277.6903
903.4158
327.5523
887.6521
76.2008
949.2731
127.5356
451.5607
825.3145
909.2672
75.0225
172.0516
573.2438
695.5583
103.6388
990.3578
109.0630
829.4201
542.0999
310.6023
987.7233
452.9572
823.8482
618.2172
494.9774
769.4863
774.9418
178.5849
877.6223
790.1297
315.4517
210.5773
844.7290
224.8030
395.3435
886.4922
259.6820
655.3492
884.5130
618.2636
572.8634
738.4542
668.3686
156.1983
871.7646
848.1940
933.9067
53.6853
835.7170
189.5283
43.3525
887.9902
472.8748
909.7221
132.8386
1.7469
610.5794
887.1027
46.2294
925.7728
320.2595
348.7754
217.5852
322.5753
326.8398
320.1120
664.0251
146.6172
690.1023
682.8024
449.3567
190.7857
252.0496
623.8995
77.4381
150.6740
835.7659
823.6798
292.1533
435.2461
556.1558
398.6075
454.2861
959.7387
957.9106
325.6792
634.1140
849.6960
535.5839
432.0978
254.1099
797.5810
306.2514
431.7435
438.0688
920.1291
271.0609
194.8126
584.3842
786.5267
671.6528
403.5608
442.1001
255.5409
646.3917
662.7887
535.8031
945.7923
591.5619
164.2821
978.8718
499.2371
556.8027
994.3406
946.0120
318.9848
930.3292
157.3840
78.4606
112.9080
443.9506
791.5357
422.8503
379.3278
490.4909
541.3066
713.2179
962.5398
339.5380
799.7160
561.3596
970.5258
268.8536
216.7412
693.2023
50.3766
60.7114
743.8099
736.8215
883.1297
53.2055
954.1038
196.7577
896.0520
700.5993
978.2816
767.5443
72.8895
914.7807
110.2164
57.6175
390.7327
812.6759
738.9168
953.2458
888.1656
243.7886
768.4507
159.7081
707.2847
404.7420
713.3032
263.5642
766.2593
776.3529
29.1687
433.4659
77.4221
903.3502
839.1981
506.2517
624.4131
808.5432
55.8066
231.1938
597.7409
830.3324
104.0811
517.9701
250.7191
306.8311
893.1542
23.5452
613.0050
805.3740
54.6906
272.5964
677.0622
649.4270
160.5552
68.6288
524.5804
288.4989
452.0993
277.6514
157.9202
290.4851
78.5603
808.7403
391.1718
464.0634
794.1040
383.4444
136.9467
501.9589
70.1634
865.2981
562.1814
516.7213
984.9027
889.7428
291.6724
44.2514
139.5347
693.7020
810.2243
394.3081
858.2095
491.2735
13.0508
793.4412
137.2462
902.2059
612.8680
404.4298
184.8691
836.6325
598.3475
249.1045
254.9941
499.0065
491.6038
528.1389
657.1069
633.3591
720.2425
650.1333
744.4613
758.8655
888.9525
460.8958
775.8913
992.8292
257.6579
66.0637
17.0451
254.5569
436.3421
72.8440
545.7239
815.7789
60.8015
341.5576
320.5601
890.7696
687.0142
660.6429
712.6622
300.0425
804.5509
833.0609
1.0743
243.2116
239.1386
36.8060
386.7273
194.3187
59.1207
946.3655
56.7144
729.5961
143.3676
985.8829
32.4717
308.9799
595.8176
790.5907
965.6840
435.0489
868.9884
211.1992
546.9004
315.8386
834.8334
751.3092
807.1308
83.0247
607.8087
541.7004
141.2145
238.8838
329.3924
52.6243
182.3230
315.0855
803.6038
498.7903
315.8700
475.6678
692.6926
467.5425
109.3077
343.1081
478.7317
305.3948
426.9544
727.8178
167.3255
851.8122
217.9076
840.3598
456.1089
128.1432
825.3961
965.2712
674.8431
315.9305
87.3036
895.8682
595.1056
706.3100
742.5421
412.5909
374.0241
175.5865
742.0849
512.6014
594.1057
349.0325
552.6095
122.2992
7.0801
100.8194
611.6791
143.7703
7.7538
224.9449
709.7657
139.1829
110.6137
871.3676
261.6494
208.3428
526.3726
583.6624
411.5485
200.5335
544.3897
802.5774
649.1032
76.5873
711.8672
142.1969
944.4703
583.6599
407.2543
356.7460
447.7007
206.0833
673.7654
680.8686
233.5728
338.0407
403.6501
411.1074
183.5313
930.4526
370.7533
673.0617
604.2334
21.4692
308.0567
464.5610
27.3047
955.9647
637.6633
576.5097
82.8925
12.5034
938.9925
849.3919
782.5609
923.8635
132.1130
759.7865
570.8238
431.0618
399.5162
309.2734
918.8561
323.3660
515.1809
907.4626
561.9748
628.2567
296.5788
685.1403
595.4146
297.4185
471.6109
394.2175
733.1850
679.9171
649.5462
346.4095
196.1286
430.7597
346.4511
185.7313
376.6760
430.3727
37.8323
138.3522
463.8692
826.7291
382.7073
645.4536
650.1886
209.2094
717.5693
133.8713
567.2329
249.9683
999.4843
826.0364
399.7409
812.1741
25.5343
392.9890
314.5677
52.9768
722.6898
762.2944
967.0033
864.1591
831.0715
899.3245
85.9614
361.5312
573.7915
884.6293
140.1998
924.1224
157.7162
653.1321
43.5246
747.4814
407.9563
624.1803
575.7874
783.4646
788.9791
177.8335
616.0136
133.3341
674.4511
555.0031
589.8357
915.4733
547.5724
15.9677
491.5270
602.2900
677.3515
65.1935
350.5469
215.5093
765.5450
950.1265
139.8155
123.0559
215.4884
885.3371
63.2605
691.1671
734.5774
376.8036
76.2247
666.4459
238.7517
506.7747
657.3050
540.5356
598.9227
299.2989
772.2126
484.3395
748.1912
766.0552
96.9054
870.7347
931.1754
605.1202
356.0486
971.3113
152.9077
217.4264
895.0516
332.1043
981.4078
430.0705
999.6941
542.3453
905.8994
468.7597
700.1125
416.5675
222.2884
387.0466
873.3998
531.8014
135.5733
339.3312
787.0205
25.9890
66.9499
466.2865
350.0505
150.1857
412.3019
399.3965
189.1248
765.1853
403.3097
83.2078
827.8997
427.1531
812.2309
729.3394
646.5558
373.0221
130.0130
157.1664
11.0228
351.7107
595.3128
951.6185
960.6079
461.8792
652.2893
384.6949
616.7458
834.8030
263.1885
730.8720
737.1628
528.4564
645.9896
85.6477
87.8611
918.0652
858.8278
651.9783
482.3756
646.2430
136.7100
150.4457
576.6157
447.9046
729.6544
739.4873
205.3664
89.7382
89.4153
823.5539
247.6700
602.0303
644.9189
753.9104
48.3222
819.5062
599.4626
113.3213
443.5836
515.6788
602.4339
775.1183
857.2866
999.2792
728.7243
265.7118
407.2600
686.3048
869.6150
401.6338
714.7658
873.0075
679.8577
275.0125
680.1409
969.2330
453.5865
138.4271
713.5789
947.1436
18.3417
299.4945
791.3884
875.6293
185.2873
364.0935
884.8809
904.6799
603.6586
242.2902
254.7817
771.1672
427.7782
782.7461
229.3931
328.4071
235.2622
51.6415
139.9280
502.2626
287.6654
514.5093
864.3618
940.3769
220.5102
247.7894
411.4020
722.3690
759.2390
467.7925
621.1572
373.6832
994.3945
313.4195
199.2835
789.6957
871.2518
622.3792
443.1450
991.7340
353.5175
873.1302
48.8417
198.9196
605.2870
835.5433
560.4986
440.8288
187.0014
910.0394
902.4261
17.5040
402.7520
773.2754
705.1536
49.3765
858.1694
582.7940
410.7914
772.4356
26.2405
275.8243
986.1618
587.0207
335.0101
577.8948
142.4018
416.9238
161.3368
664.6266
104.8825
688.4275
10.6782
671.3423
334.3935
500.4456
990.9221
146.0158
313.5961
317.5321
168.8221
768.4854
411.7584
335.1973
504.3898
162.6042
887.9152
165.3132
268.6001
596.4228
49.4727
982.0898
756.2702
791.4078
690.0293
841.8322
94.2373
960.3319
874.1109
12.8694
619.1629
949.9467
714.7224
821.2732
861.6717
650.7204
90.7875
689.9469
407.8175
343.0429
703.4718
787.8067
83.1514
780.1563
380.5649
391.7642
776.0299
138.4533
414.5351
380.2431
598.7730
622.4596
718.4519
491.6243
221.7257
543.9065
362.9680
169.6866
146.4783
647.2306
511.2067
388.7998
335.2698
527.4098
170.7390
678.7165
739.3861
567.4301
285.6282
990.1699
176.8128
556.2774
965.5272
11.1927
81.6835
173.5466
933.4944
34.5846
566.9751
541.9244
891.7400
502.0571
680.9961
219.5078
368.3440
788.8549
107.7799
59.6362
451.2973
376.6169
519.2462
426.9299
515.0644
303.6430
370.8669
272.5551
872.9075
334.2201
461.1900
749.7199
481.8242
629.9939
677.6233
196.3742
339.2103
471.9994
586.9099
935.4079
531.5157
523.1861
972.4282
290.4847
236.3133
61.5421
674.8536
313.5931
536.9851
732.6919
302.4113
131.4761
746.5784
591.6102
372.1999
838.8234
465.4038
447.8648
717.4076
536.6863
15.6929
620.6788
519.5344
32.2235
56.2400
928.5547
492.3992
249.3815
497.4254
253.9167
142.1108
7.7346
57.3905
281.2032
364.0181
657.8003
512.7984
951.9149
516.6271
14.3982
558.4566
54.9071
711.9257
172.5230
112.1502
510.7707
61.9191
484.7306
367.2304
266.7987
606.7336
919.6890
670.4979
586.9631
784.5885
353.3079
728.6227
447.0961
380.3182
569.5067
946.7646
376.9501
943.6342
47.5033
389.6711
375.7076
142.4175
403.1854
616.6308
593.7360
362.3682
508.4910
700.1984
284.6166
552.1418
414.2347
638.6647
734.0155
681.6799
701.6251
128.4222
717.6223
412.2057
127.8069
168.9336
455.1550
143.8121
558.4304
948.7095
704.8255
159.1777
649.8104
94.7286
325.7294
739.9952
226.9540
279.7023
71.6990
834.6402
55.9298
918.6540
152.1299
524.2229
474.9201
525.5630
504.8247
352.8658
194.9890
905.1688
608.5488
777.6927
265.7612
108.5863
415.2247
158.8569
454.6447
45.9618
384.1242
976.5469
631.9818
106.4076
456.5948
65.7364
490.9482
908.8882
319.7978
805.5715
26.1503
726.2035
944.8982
43.2443
471.7725
562.6138
473.6350
501.7576
536.5011
930.9441
661.0698
156.3818
878.4593
166.0018
607.9670
834.4852
352.0744
443.0720
639.8796
50.1520
35.1928
674.0618
934.0424
234.8704
994.3144
689.8204
407.7410
724.2022
326.7017
85.4333
568.8541
366.8440
377.0178
393.4704
472.8058
237.2060
310.8546
52.3025
84.2993
367.9099
179.5818
998.3188
557.2833
65.8357
47.5665
946.6709
497.6322
250.3591
387.7140
367.1483
145.9468
890.8881
287.6575
681.0453
41.7200
846.4896
849.9614
626.5152
447.0754
477.7575
109.6144
442.2436
795.9174
658.7925
844.0782
216.5028
171.2024
970.3223
671.1387
484.5472
669.8576
607.2070
458.7873
599.5950
205.3846
667.9854
110.6860
247.3780
853.2597
731.5954
465.5845
324.6691
23.2546
881.0597
988.6364
475.4783
512.5271
122.1526
334.4508
279.7851
650.2610
73.2632
593.3596
730.8962
762.9244
777.1752
876.4501
865.9457
799.5762
534.5368
114.2442
116.5417
629.2838
270.1547
735.7646
467.8756
153.4710
286.0640
115.4952
856.5094
751.1562
908.6825
971.7752
312.9844
583.9759
852.9572
225.5519
516.0704
141.6474
688.6598
428.9581
21.4659
579.0163
584.8031
178.5346
740.7732
9.8551
586.0607
608.5924
578.9085
546.2135
66.9890
449.4945
92.8848
122.9148
518.6358
389.4227
936.0352
207.8710
565.7642
483.0213
58.5677
692.6493
786.6150
600.9127
53.8870
938.8103
240.5601
601.3410
230.9233
689.5085
95.3467
648.7977
775.9641
876.8703
650.9742
240.9710
483.1211
757.7628
263.9695
628.8733
555.4105
965.1791
554.4630
880.3003
433.6980
545.7701
758.0293
317.5301
195.9584
140.6752
616.0689
162.8835
150.0421
773.9985
601.4276
909.8627
486.7134
745.5735
751.2783
465.5231
287.4089
958.8931
762.6276
896.4489
73.4358
180.0647
372.4447
442.2675
979.6345
214.4278
992.4342
720.1032
150.0924
443.6984
311.2434
285.2425
898.1474
442.8028
663.7617
193.6164
393.2286
685.9821
245.9584
9.1895
501.7402
68.4792
817.0360
176.3937
827.7153
115.1526
919.7849
557.6872
224.3074
154.8909
453.8506
15.0484
924.6701
97.8202
509.0448
549.9344
378.9686
784.5879
359.8150
861.3142
637.0424
957.3347
158.1295
683.4804
50.8422
326.0221
541.3842
740.0114
492.2166
223.5292
463.9627
644.1347
51.5424
833.4494
490.4248
62.5594
858.7571
423.4969
897.5537
168.6929
725.5237
192.8338
190.3985
683.7282
768.5259
783.2989
416.2776
144.5401
932.2368
579.7522
933.1825
923.4674
487.1473
751.9359
701.9285
683.4648
267.1660
501.8148
552.4685
412.3447
234.0630
810.0614
124.2106
274.7207
530.7378
856.3171
475.2166
485.4453
49.7526
474.7667
155.1778
923.8965
852.4891
300.7547
6.8364
7.4367
887.3669
828.5545
149.8894
242.8715
401.6285
928.3030
886.7035
49.5893
394.4507
19.6368
714.9936
725.0463
304.0881
173.0795
789.7537
561.2841
885.8476
540.4355
991.9191
841.4510
87.0923
674.1368
231.9087
104.7209
78.6843
695.1299
360.7979
382.5134
182.7589
443.7185
277.0870
333.8373
501.5684
476.0312
552.6559
383.9437
111.3225
757.9232
831.5629
858.7888
327.9748
317.1374
394.4202
352.4020
813.9004
632.0480
750.8818
930.5238
392.4649
760.1177
864.6060
205.0681
792.4411
509.6440
630.4991
591.9149
481.2195
723.9938
816.7409
647.8490
656.4958
841.1434
94.8951
489.5688
505.2337
596.9366
467.6773
853.2585
261.6609
614.6864
788.9258
225.4942
455.6819
18.7902
234.4374
138.6999
896.7548
88.4615
207.8634
456.1950
390.9007
204.2261
644.7799
160.2632
63.5720
462.9528
590.9982
70.3019
101.6510
159.2500
190.0139
262.2776
912.8369
304.0074
17.6186
534.2183
535.5832
806.7207
844.8235
28.7087
327.1259
760.9172
898.1714
430.6047
206.2186
122.3955
936.9955
652.2148
323.4862
12.2505
7.9495
162.6768
526.3805
96.2760
128.6651
491.5504
91.8806
104.4959
4.5080
655.5809
310.3482
390.7126
96.5035
515.6248
771.4239
136.0022
322.4641
900.6160
140.6841
674.8643
161.1480
141.4153
307.0857
445.3199
480.3691
391.0688
592.9306
211.0574
161.3375
553.7118
919.5500
802.8297
948.4633
234.6221
711.9315
928.1220
875.9094
491.8489
570.8769
51.7270
683.8319
527.3543
841.6836
772.6087
135.8349
573.7204
466.2685
358.6461
601.1309
653.0392
167.0182
654.5660
981.9875
179.4440
233.7802
24.5902
650.9555
431.5622
107.5766
536.5660
37.1040
273.1167
391.1413
685.6692
234.1534
495.6982
329.3360
552.7772
323.7475
289.3837
594.0499
626.6735
187.9011
715.1842
499.6097
691.3157
291.9362
516.5072
553.7423
353.1921
967.0131
969.1506
822.2036
526.2685
73.1491
773.1829
19.1889
948.8036
66.7053
990.3996
578.1826
478.5867
762.0633
804.6361
74.0760
734.7361
612.8273
341.1678
46.1708
256.1002
393.1934
54.8332
44.3189
527.6806
206.1179
129.7622
103.3403
246.4907
405.1116
528.6252
669.5127
418.9029
555.8793
213.4933
271.3301
118.4946
902.1216
545.6025
584.9054
575.6129
327.5695
422.6361
750.6922
203.7149
102.9930
963.3417
672.1372
330.1489
10.4437
792.2663
177.1550
438.2075
30.6118
91.6177
226.4704
999.4652
721.9995
754.6162
55.4347
405.7696
465.0691
234.7424
153.0623
340.8955
690.4559
126.8434
780.1169
368.3173
309.3699
297.7647
119.4310
940.5746
993.8251
995.8638
462.9560
21.6380
51.2893
374.3947
182.9169
984.8705
7.4310
533.5059
956.7909
879.9354
340.0039
509.9059
346.6545
405.0699
540.5341
888.4833
964.0558
94.3201
102.6321
755.5830
301.7473
950.0072
431.8127
710.8058
405.2722
29.2679
456.4321
396.1026
105.0643
157.6892
41.8949
193.4998
172.5309
505.2643
256.1236
496.2284
238.3116
521.6942
501.6772
509.9417
765.0691
601.3845
236.3297
232.5911
552.6696
146.2274
305.4336
307.0438
654.8542
959.0919
521.4264
588.1170
560.4987
953.3296
246.6917
888.5632
497.0002
831.0750
145.1702
180.3750
202.4789
559.6609
40.1959
813.3005
429.4331
258.2599
322.6228
409.4346
899.7614
38.2989
763.2827
74.4408
469.8422
774.4560
467.5268
378.6741
755.2375
46.8987
427.0877
323.0771
464.8762
812.5283
563.5859
384.3955
874.6266
510.4841
10.6791
394.6186
259.7837
826.1302
982.0920
213.7215
124.1030
550.4031
330.9401
392.0232
955.3536
675.2761
575.1030
279.2960
251.7108
682.5531
664.0133
624.3171
266.7599
719.8473
317.9338
886.7607
911.9786
232.4442
430.6267
671.5683
877.2694
690.1466
335.5463
856.1775
389.7165
52.6439
904.4807
79.1536
347.9266
52.3907
855.7176
59.3360
46.6374
768.4507
610.4839
155.5142
5.7293
930.8510
246.3860
334.6489
4.4762
822.9362
664.4953
954.8823
76.3475
367.3590
901.7615
766.0191
224.6813
701.1051
835.4998
333.8008
930.6728
380.5714
308.9961
607.8807
923.1414
423.3395
176.0700
540.2079
180.0365
666.0384
856.2760
51.7161
120.6165
84.0036
254.8144
492.4763
954.1026
165.9145
427.6379
822.1469
389.9704
118.7200
956.2342
609.4818
611.0324
712.7796
441.6667
768.3443
663.4169
662.3958
383.8018
695.5097
284.2277
18.6038
710.3139
876.6253
475.6074
350.3122
22.6633
25.0997
673.0486
900.7623
437.4569
191.3867
934.9619
995.8837
914.0361
976.6108
54.9146
236.4021
116.7386
36.8690
935.2083
547.5405
79.7608
81.1269
973.4544
383.8480
100.3008
864.4279
126.1594
484.0315
255.1982
480.8232
952.1528
570.8374
499.1752
164.0393
663.8484
374.2986
38.7247
552.8670
979.1000
30.8787
280.8418
413.2815
68.0207
817.9949
488.6252
995.0263
334.3578
210.9751
412.9496
6.2935
230.9981
663.7893
470.3584
267.3087
119.8794
626.8338
531.2657
667.8756
232.3593
818.9199
14.9747
780.4407
695.9782
339.7922
718.4903
635.6805
637.1928
213.7691
856.3121
789.2407
358.2580
114.3791
255.5970
244.6125
258.1320
874.0962
77.0761
583.7063
755.2354
700.3310
795.9134
368.7748
147.5707
544.0533
346.1632
774.8967
529.2149
901.4665
497.6726
316.1306
846.3585
545.8665
770.9978
17.9656
267.4129
415.3184
155.4841
201.9812
125.4131
961.6306
746.7177
623.7511
390.4716
174.5900
138.6425
580.7660
592.3408
662.5400
763.8117
688.8506
15.4443
968.3339
294.0811
719.4977
816.9418
832.5444
132.9486
420.7493
296.5133
174.1142
22.4612
211.5370
426.5251
835.1571
689.8417
141.1866
339.1103
249.1502
924.1291
136.9192
208.7156
657.4897
977.5439
473.5153
688.8963
767.1803
707.3650
232.1782
164.2075
82.1420
46.5217
728.1905
851.0686
737.5536
186.4614
255.0246
151.6632
973.9236
843.4279
575.9640
364.0699
935.6317
754.2039
124.2393
91.1440
470.9325
376.8078
265.5027
370.7162
437.1403
921.3794
965.1690
6.5595
165.9689
884.9858
788.6643
91.8470
275.5505
924.7630
190.1194
426.7700
999.5536
464.3193
391.7980
402.9356
369.6091
946.6772
424.4921
404.1018
895.1891
425.1642
534.3195
330.7922
900.1967
873.4106
319.7680
224.8646
835.9643
584.3644
102.7998
764.5070
932.2770
471.5045
78.4464
804.2847
705.7570
593.2782
617.3174
787.4512
185.5833
873.7390
329.8171
410.0702
516.4901
854.3595
594.4352
76.5159
771.9409
896.9399
980.6802
493.2325
208.2019
365.3150
811.7229
425.7533
267.3194
662.3839
712.7907
213.1518
597.4072
949.9873
376.4764
525.5837
705.4644
691.0055
64.8347
471.3948
351.7722
681.8845
735.8088
265.4854
800.2707
872.0757
400.7378
248.5491
768.4762
933.2266
710.9181
623.7069
959.0245
591.3648
259.0101
734.4161
84.2568
465.1628
865.3672
234.1120
92.1035
844.5987
928.0638
619.5939
633.1519
474.0897
87.8184
84.2506
954.2287
899.3784
582.4496
940.4665
480.8849
554.9058
149.4035
47.5059
51.0265
758.8498
770.4889
9.6388
449.7713
797.5944
655.9684
224.6752
487.3831
880.0305
311.8188
669.2976
871.5326
748.6942
801.8069
113.4067
856.6185
53.2014
814.6156
847.8642
183.4386
523.9018
46.0908
317.0215
294.7366
58.1088
186.8500
498.0603
896.1351
506.0191
521.7391
452.6362
876.2936
216.3163
924.1589
137.6526
533.6860
561.6049
685.6908
928.5540
743.4071
575.8696
768.3502
142.8225
108.6246
315.9936
799.9602
377.5255
119.3019
769.1123
947.7264
693.1472
224.1196
445.1165
445.2593
853.5694
883.1377
580.9940
340.0586
42.4349
748.1610
70.8818
709.2051
299.8597
975.8775
504.8989
529.7582
389.2792
578.7703
673.7250
457.1752
248.9803
885.7192
250.2546
207.1414
622.8820
961.8284
915.2114
81.9745
554.7688
682.1543
369.2164
673.2063
224.5651
77.5111
590.2143
553.6002
344.9771
976.2015
63.6861
333.9434
507.9346
966.1129
870.2556
444.0253
985.8150
487.8830
682.0215
629.2189
68.2202
192.1002
453.0036
244.3938
287.2896
540.5876
814.4353
819.9576
884.9291
844.3391
342.7317
808.2527
923.1217
60.9993
906.4434
847.4338
838.6230
248.6473
203.3399
89.6010
337.4894
378.7745
250.3556
217.1553
273.5423
191.0852
886.2145
571.3882
777.3993
207.8684
585.2259
535.1524
650.0527
722.7534
824.5247
730.4813
931.1138
341.3679
277.5364
970.7826
239.3368
84.9534
587.5958
985.4272
819.9101
143.4303
460.4258
318.4284
917.0548
994.9600
650.6213
772.5873
957.3739
311.6099
521.8942
130.5821
642.4487
409.9125
936.7533
294.7229
575.0839
275.4349
516.0569
998.7388
896.0679
283.9585
117.4783
515.2520
618.5320
777.1363
174.6954
943.9045
144.9155
941.5837
717.2883
687.7929
397.6962
843.7592
685.6197
327.6621
25.3529
50.4433
943.4969
810.9316
827.9375
492.3878
453.2441
873.0547
9.8142
36.0957
715.5878
439.6176
352.9194
832.3776
887.9115
324.5138
236.8369
837.7664
936.8031
138.4156
194.7464
345.2684
561.2649
955.4649
149.7031
699.5187
659.6809
946.0162
62.1468
751.6544
352.9991
673.9981
590.3810
309.3608
542.4852
965.1188
652.3435
733.8305
209.9747
216.3408
997.4882
200.1947
317.8092
345.0048
237.6675
771.5354
260.2580
262.6572
295.5058
293.2189
816.7802
159.6622
889.9249
155.1453
801.0999
880.1464
433.9204
639.9869
371.1661
447.1740
653.9960
472.4868
25.5221
695.3846
590.2819
578.1474
502.5552
369.9957
593.4980
659.2518
940.6604
583.8214
688.1791
442.3635
249.4011
971.5367
581.1079
847.3060
850.0103
117.3421
917.0974
937.0435
210.5538
727.3381
0.7284
281.2066
70.4066
549.5848
954.8530
471.0374
904.3878
308.6792
722.7120
545.4497
707.7063
365.9905
879.8056
167.3532
55.9147
551.0911
870.2426
253.3626
913.0942
930.9009
26.6083
131.9318
594.0888
441.1559
148.1770
5.9833
693.2879
727.0378
924.8243
223.8011
384.3670
975.2017
950.6232
714.4494
730.8286
456.9847
992.3400
740.5909
665.8335
207.1837
616.4307
134.2773
680.7266
780.5499
540.7397
750.2547
111.8681
818.3700
818.0490
105.7889
725.8576
499.4680
750.4075
510.6592
276.0702
845.5508
810.2402
411.5603
892.5997
367.4011
358.6441
254.9033
724.1644
765.3449
724.1874
351.7354
994.4217
274.6116
769.6622
45.8274
515.1961
628.1856
737.0608
677.2858
753.2499
935.4531
394.1823
10.0886
365.4619
668.0252
814.6778
136.6565
32.9143
782.3955
944.5944
818.9286
731.1195
404.4064
72.7098
765.8195
315.1787
468.8681
977.5049
390.2530
612.5462
215.0228
80.3242
90.4914
601.0243
74.6391
178.0835
937.4176
792.2065
861.7469
106.3768
917.1066
860.5961
949.6348
699.2403
15.2950
873.5614
824.5717
525.6967
36.8662
744.4687
585.6605
977.5580
894.2915
261.7444
316.9655
965.6122
491.8628
963.1206
25.5685
598.6721
394.4977
319.0493
98.2909
622.4352
778.2491
931.2941
221.7722
202.4043
463.4618
921.7507
380.9313
293.2579
345.1166
707.1083
143.2544
558.2934
628.1613
421.6142
584.8957
682.9715
152.1908
244.1383
82.1023
395.1555
664.1501
575.0389
524.9109
714.3324
888.5929
372.6182
740.8329
820.3054
407.5744
698.1167
241.9695
175.4129
362.4272
104.7136
791.8632
272.9869
31.0279
141.9072
471.7793
702.5922
160.3635
140.5307
136.4918
612.2714
725.0721
678.7430
276.3790
391.4248
255.2160
331.8926
556.0034
412.4513
755.5971
100.0052
862.1375
35.0610
724.0580
410.0851
113.6619
705.2870
57.5222
541.2078
494.7025
472.8651
562.7157
468.7847
296.8101
524.4216
593.7925
618.3396
453.4088
279.4332
215.4496
139.5173
279.5108
71.7572
285.0970
204.5200
649.2422
469.4781
560.3834
3.8817
538.8854
20.4462
713.6571
305.1145
684.5141
231.3243
879.5695
810.5836
287.6928
626.3531
390.9751
429.6013
363.3878
55.4915
313.9593
223.1737
74.1036
259.8210
934.1217
451.4720
213.4688
252.1341
221.9033
775.4093
436.4120
196.2610
245.4440
46.1297
725.6257
617.8340
131.1772
22.9512
807.0703
203.2332
177.4647
117.6818
82.6599
858.0361
307.4907
190.9448
270.5645
362.8389
411.9370
299.1314
192.2058
163.8990
778.0912
351.4891
200.0939
621.1523
369.2762
953.0523
179.3526
790.4410
81.3894
956.8824
945.3627
38.4725
833.9944
829.2655
303.0469
221.7024
177.6035
511.6441
660.2699
222.8196
325.0978
634.4872
340.7353
381.5600
526.0331
745.4651
384.3305
297.2093
650.0555
184.1890
482.7843
539.3039
421.8647
236.7902
516.4595
512.3359
320.8741
431.4783
933.3538
96.3069
28.5307
827.0250
486.0493
921.4128
470.4062
679.5904
34.4594
947.6842
142.2440
754.5024
100.5940
618.9638
355.5461
223.3530
131.8601
607.2744
520.2146
617.3178
877.5059
90.0070
367.8484
53.5215
750.5972
365.3920
613.7307
56.6391
629.0250
470.9780
19.9545
476.9268
939.1199
4.0223
324.9801
197.5136
94.7720
204.0968
752.8137
124.0093
688.6659
621.8030
321.7259
261.6237
455.3084
615.6433
547.8961
187.9939
301.7002
776.8228
287.8729
40.1315
145.3035
628.6067
594.8624
543.9009
467.7080
121.9410
912.2568
417.5087
375.8825
419.3642
265.4071
314.4581
559.2486
384.9743
197.3422
47.6153
388.3782
414.2764
938.2104
926.9267
36.0777
847.7541
154.4018
905.0847
467.1938
82.4322
930.1783
585.6838
883.3202
982.5575
333.8509
555.5444
369.2889
866.0734
563.8857
245.2162
591.2249
227.8844
433.1308
749.5858
778.4119
682.4491
214.6915
894.6897
415.7503
456.1932
371.5624
6.4567
787.5369
173.3465
532.7491
284.4644
158.8343
9.0573
988.8465
821.8694
450.9232
849.1451
15.5803
986.6621
460.2743
18.0750
19.5429
458.2737
471.9218
116.7654
194.8091
675.8832
478.8347
265.9693
421.1105
352.6549
636.5481
390.9038
627.7196
429.8854
851.0177
224.4712
827.5606
372.0982
833.9717
306.0981
155.8223
868.3075
376.1743
158.3572
777.1488
337.9226
898.2064
161.2771
294.6840
135.3549
303.4391
375.0675
543.4188
934.8073
170.5448
318.9764
519.8309
782.4170
460.3045
126.1777
478.8855
985.0401
669.3338
999.0209
194.2624
961.5552
839.2657
321.9379
513.2481
50.3944
779.4208
129.4693
131.3304
260.6929
902.2927
882.3612
19.9526
487.4770
141.1213
146.4184
108.3398
340.0101
372.7781
690.3269
194.4971
865.6816
986.5374
104.0914
266.4185
39.9547
628.1900
427.9589
568.9592
954.1440
860.7678
48.7007
579.5246
584.7765
643.9696
296.3122
126.8553
827.4018
844.2861
973.4363
530.6048
68.6468
946.1092
121.8362
368.5760
252.9095
723.0759
417.3853
763.1135
717.3771
858.4936
573.4795
670.4720
278.1613
432.3690
716.2922
626.8817
761.4530
405.2497
31.6362
385.1491
278.1681
10.8427
177.3044
584.4333
181.8652
93.3950
442.9889
969.9879
591.1722
618.1468
602.4371
569.2013
69.6612
945.2692
151.7460
539.1207
165.2704
374.8437
558.2277
32.3104
476.4264
601.6149
306.2201
6.5546
0.1627
26.0509
154.3663
482.2677
552.2190
75.9182
191.4675
704.5797
470.1642
684.2646
349.0659
732.0557
170.9223
694.8369
643.5185
255.8478
444.4627
877.8607
27.8071
869.9435
563.4964
827.2353
6.2103
281.5526
499.0694
305.0941
530.8185
795.2244
529.2123
28.4099
706.9652
120.4429
562.2035
377.9030
710.4969
305.2073
386.4420
515.4133
407.6402
982.6037
581.1481
864.7640
204.1238
157.7516
84.3141
92.2053
297.5332
158.0926
172.5327
974.4075
124.3291
568.8759
543.1103
821.0025
815.8450
67.1707
961.3266
374.3989
755.3048
607.0406
132.9136
989.7025
417.7811
832.1941
602.2566
995.6063
268.0594
260.4116
720.3487
181.5544
57.4347
932.0007
172.4538
975.1847
860.3509
761.2985
399.1788
60.4607
35.2558
87.9410
2.8427
483.0130
72.6887
0.8169
153.0999
313.3969
192.7538
517.2544
436.7250
462.9608
985.1865
969.4467
475.4915
559.8815
293.5139
208.3409
157.3558
957.7765
479.7308
467.1398
62.8452
59.2319
289.6856
536.9930
814.3377
878.3917
518.1937
377.7141
792.8306
801.0491
232.1556
157.6185
95.3138
227.2367
862.2437
199.4043
435.8596
498.1651
377.7871
494.5851
508.0636
597.0656
745.9217
630.2253
933.9821
799.9164
173.9134
174.4205
959.8429
410.4855
774.1334
17.8869
884.0882
806.1013
817.7877
683.9727
321.8512
978.9524
842.4179
718.9786
657.6337
337.6025
893.5702
808.7521
526.7411
294.7695
607.7642
226.0668
481.4117
665.2795
526.2716
242.0007
445.1665
885.8389
4.7651
814.4193
766.4386
664.8680
332.8217
85.6188
635.8450
711.6319
857.2788
793.2881
200.6984
846.2432
285.9491
17.2982
247.5912
541.9674
683.9611
523.6926
183.8019
584.0388
181.1750
29.2153
386.2672
455.8483
177.6647
218.7556
328.2883
748.4187
437.1383
745.2745
553.2771
866.7177
274.8000
402.7505
364.7029
681.0201
895.1402
621.3532
403.8544
244.7962
729.0313
356.5278
465.2857
960.7074
925.9852
465.0928
40.1810
474.7547
675.5953
572.6284
524.9674
491.9712
284.5402
252.1578
454.7884
49.5650
739.4800
153.2924
818.4691
4.0593
871.2767
272.0388
571.3983
380.0570
158.9386
287.3668
331.3560
680.7392
296.5015
55.2338
373.8146
452.9414
306.8589
705.0507
280.3748
758.2956
493.2411
204.0196
247.8316
232.6271
506.0487
55.5541
508.1724
768.8870
772.6151
453.9586
42.0403
325.5754
30.9117
965.2227
517.2890
667.7260
202.3153
368.0401
555.1306
645.9287
329.1360
55.6346
954.4442
24.3378
794.1360
226.4665
814.8253
138.9617
402.1544
201.7234
978.6054
532.3433
991.7344
18.7321
606.9409
83.4788
209.8686
798.1823
791.2013
303.5980
894.6913
491.6431
346.8398
412.4958
258.0222
600.2172
813.4108
546.4183
167.2474
705.2172
196.9831
419.5063
147.8002
173.0388
74.9816
490.9204
517.2461
249.5142
587.4819
721.0113
214.0164
639.2007
639.7845
170.8218
276.9637
736.0394
163.9140
481.2545
769.2879
424.4480
119.4271
485.0328
645.5069
849.8109
348.8902
28.4765
819.6072
617.5144
816.1762
810.0658
551.7660
548.2448
556.8379
275.6375
563.4034
762.8388
474.2883
823.8070
726.3301
71.8514
413.1084
278.9572
158.6348
565.9038
667.3884
961.2208
270.6147
394.9597
406.2360
504.0920
978.1006
528.7650
849.6749
369.4713
649.7007
572.0337
365.6006
858.4809
169.0031
69.3301
55.4264
225.7564
217.3928
245.1118
30.4904
811.1792
185.3831
364.2503
483.4282
853.8089
295.4393
443.7156
999.4597
641.9215
617.1964
639.9420
750.6621
698.1825
544.7813
115.8820
524.6691
486.2940
660.0297
774.8952
177.2124
884.6207
82.7717
781.4039
89.3106
30.8466
386.7645
240.5651
601.2775
137.7741
890.0558
938.9291
715.1630
537.7029
418.2728
347.0485
864.8654
126.2695
233.9752
702.0527
664.6342
481.2239
637.9559
342.5886
471.1066
779.2839
837.2567
451.1829
858.1218
327.8154
585.0952
619.9482
628.6850
864.2329
682.1487
615.9477
872.6472
835.3803
84.8875
108.7772
361.5331
992.5396
660.3344
38.8657
63.7627
453.2794
435.6919
964.5805
270.0286
490.7330
362.8617
427.2598
212.1392
388.5367
352.5340
607.3299
915.9590
572.7311
290.2466
567.3482
204.2507
812.8457
513.9553
733.3178
197.0874
600.9891
691.1662
638.7043
66.8394
354.1711
796.1712
318.4246
110.4119
465.1230
26.4555
785.7334
569.2260
422.7832
41.9611
957.2062
67.6161
750.8734
114.8386
331.4746
372.9421
570.9836
646.5662
869.7123
996.3010
650.3856
883.4931
668.6892
598.9337
337.7533
891.8080
353.8000
760.4876
158.3325
441.9761
407.2514
130.6626
914.9775
404.5946
665.4757
814.8342
976.2619
54.9514
612.0106
514.8706
671.4615
468.1628
293.9523
124.8566
45.5948
107.7230
163.8003
912.1280
659.6298
382.8301
461.2870
646.0425
586.3611
968.6866
215.1875
249.9346
917.0643
757.9735
792.4081
624.7597
148.8533
359.2060
794.3112
781.0261
65.1260
540.7366
880.9774
691.3125
69.5087
3.9956
91.7125
797.8310
423.0750
480.6238
631.6334
894.3467
101.3309
550.8679
124.6812
981.5641
650.5605
149.5180
95.0333
437.9155
494.2568
502.1204
656.0045
911.3755
728.1720
125.3235
932.7487
262.3816
342.3078
108.5359
594.8269
678.1015
245.2713
261.1873
255.0700
160.3443
609.6692
661.6553
972.4594
413.8996
681.9791
570.1121
970.1986
43.4834
894.3455
582.6221
777.2019
643.6960
337.7010
279.5437
93.5261
693.3401
540.7101
421.1208
685.1535
821.8266
795.6287
67.7660
513.9510
655.0252
861.6656
985.2379
359.0528
638.1031
31.1027
791.6041
126.5223
665.8119
326.6631
58.6675
513.0907
676.3736
297.2979
336.1709
241.6934
435.8035
240.7045
404.5663
136.7149
433.8765
440.9366
332.3091
620.0021
646.6473
827.4492
900.3304
675.1711
580.7377
663.7746
915.0901
497.5183
995.8721
312.5515
109.2945
981.4418
361.2750
47.1328
336.5091
703.3999
142.4144
621.4664
494.7801
896.8448
15.2286
511.4713
545.0232
568.8863
937.9471
162.1783
717.1535
577.0541
295.4919
640.0251
686.7280
91.7437
258.7643
331.6654
571.7426
272.2607
324.4846
834.3008
251.6967
242.9260
77.3807
379.6348
21.0949
842.1765
318.0498
19.1893
512.2497
903.1351
672.5378
912.5301
273.2354
485.2459
696.7121
676.2725
78.4401
644.0968
96.8075
290.8477
234.8308
892.9925
694.0310
934.1223
513.0825
502.0902
857.1421
215.3565
161.8829
971.7643
495.2901
663.2506
587.7393
212.9756
421.6040
532.5195
220.7006
566.1858
94.3000
705.2195
857.2402
400.9376
745.6818
143.9069
460.3527
492.4265
314.4089
902.6980
765.1678
533.9203
118.4799
605.3129
568.7450
703.4523
585.6522
133.2979
907.4600
874.9590
700.8848
980.3435
430.3442
867.5408
571.2562
349.0683
746.6654
0.4611
623.4501
24.7651
406.5341
103.8611
153.4832
355.7619
481.5404
53.2136
826.4416
251.3698
583.3201
827.8366
99.8971
828.8400
151.2496
225.6283
755.6747
21.4447
546.6206
448.9649
730.3893
805.4262
600.7702
91.4214
524.9953
143.4284
940.1892
704.8656
859.8251
339.9831
467.4110
770.3315
768.8397
677.9961
378.2940
970.7431
294.2303
400.6631
711.2913
496.1595
920.2205
471.2430
40.9440
537.6709
198.0404
773.0931
18.6019
642.1860
987.8915
567.5723
602.8681
964.7509
575.5864
758.7050
346.1888
189.5479
739.4723
623.2571
38.1513
404.0971
429.7144
978.5767
912.1964
57.5003
761.2259
210.5119
674.1049
508.1799
100.6703
950.6422
175.0397
948.6954
951.0092
858.0158
166.2286
825.0208
702.0567
464.1746
197.2202
658.2299
639.3657
412.0936
798.8262
213.7614
571.1979
565.9624
854.2604
589.7130
338.0087
221.2575
900.8793
885.7450
363.5370
250.7754
61.5833
47.2806
275.4828
646.9045
878.8429
740.7430
185.0932
155.8424
50.9994
413.4923
44.5482
892.4441
514.3670
373.6729
816.4648
824.2258
75.4913
893.5622
909.0295
9.2513
701.7608
540.7176
573.7022
22.6974
305.4621
120.8984
177.8633
370.4908
90.1314
897.4667
62.0698
414.2788
122.1444
804.9344
348.8937
211.0344
189.5994
616.7476
205.9407
273.4003
155.8911
770.3713
167.7171
498.1301
73.3205
500.8457
580.8188
539.0621
103.7523
133.3554
735.0346
972.6615
660.1298
587.0531
95.8827
170.6735
932.5839
485.5628
614.9396
359.8709
235.0929
384.0892
949.9816
686.7964
456.3883
349.7218
237.7722
165.8911
770.7354
440.0137
330.8491
653.4007
157.9796
601.9476
79.6085
47.4690
998.8288
766.1369
83.9409
692.3479
531.6357
753.2435
819.7329
605.1942
14.4196
936.2763
672.8054
591.4357
9.2840
315.0965
112.2021
518.6968
894.0594
25.8073
352.2472
886.3007
241.7893
133.3012
144.8821
936.6464
596.3211
433.2083
566.2402
860.9216
873.9029
529.8820
99.0448
299.9262
322.3876
792.4976
950.9706
275.4940
990.7247
925.9360
54.9116
138.4884
114.6785
741.5559
330.3908
353.7414
321.6013
232.1796
402.7827
458.6237
441.8701
978.5879
72.0449
13.7794
739.3750
908.6972
564.4049
406.1563
64.2045
576.2664
445.8291
93.2565
95.2307
557.3571
575.4719
6.7012
866.3532
193.9022
11.4112
211.6938
338.1813
874.9669
169.4715
474.5972
123.6205
555.8254
500.9619
145.8513
40.2991
622.9932
538.4394
522.3337
203.2357
782.6459
498.2257
670.5082
974.7360
592.5568
389.8730
34.2644
115.2406
565.5625
692.9942
917.4252
835.2326
194.2983
230.7808
745.7149
282.1746
39.6079
359.5419
194.6754
760.5328
912.1164
914.4787
480.4945
928.0268
480.6459
848.0626
757.1896
88.6761
245.6747
946.8530
604.6021
251.3520
308.8328
664.5750
28.5081
96.7792
898.0194
118.7117
713.3387
514.9679
603.4134
284.3000
209.6518
440.1657
789.6219
141.7909
346.7827
912.7145
196.2294
596.0698
884.3112
498.7528
938.0160
610.6635
833.7673
581.0406
471.0099
89.8631
986.5557
263.2979
632.5735
163.7313
391.0983
685.8531
900.7559
78.5848
459.3093
921.1918
226.4775
323.9190
983.7640
499.6481
913.6918
516.6260
150.0282
43.5147
368.0039
467.8243
434.1130
134.5604
304.9073
205.0577
810.4246
418.5711
465.7717
52.2244
131.4036
309.8398
415.9268
860.9874
49.6704
227.5690
16.3821
796.6090
272.8268
580.1789
245.6453
82.0107
402.9994
735.9224
609.8994
273.4378
767.4489
689.8587
736.8710
145.2876
662.3630
282.8781
463.4753
446.0474
811.3627
122.1178
809.4678
23.6948
6.9700
201.3583
279.8759
903.3797
993.0032
510.7032
186.7564
837.2446
710.5057
68.9644
705.0289
867.9107
279.4315
608.4139
283.6980
199.8572
476.1144
304.9765
117.7224
182.8927
389.0461
718.0458
312.4656
58.0283
754.3629
477.8359
84.7116
87.2134
782.3382
256.2227
673.3199
985.0771
198.5762
68.5705
772.8889
831.5886
637.5434
114.2063
571.4080
837.6384
910.9921
969.0619
330.7820
101.2375
44.7460
282.9747
636.2539
540.7676
408.9318
186.1622
560.5800
449.2259
491.8113
924.9116
440.9392
635.8196
563.4930
861.2015
180.5262
175.9083
962.3091
841.1060
194.1299
399.4234
37.4346
254.7482
608.5524
150.2917
783.3186
966.5798
804.4261
990.8275
486.7651
16.4003
351.4455
381.7562
766.9440
467.0337
226.7137
788.1748
367.4923
297.6902
307.9908
652.0246
754.1966
699.0120
290.9906
608.7301
280.7161
714.8933
3.6940
220.6848
893.9834
243.5290
938.5962
605.2339
890.7488
713.1464
267.2365
570.5753
786.2459
833.7080
663.8352
432.8186
369.6904
659.3111
513.4142
977.6020
218.1754
506.6128
173.4435
88.0319
805.1263
477.1794
102.2163
152.8455
527.7630
372.5977
905.6678
79.8834
550.7973
720.0736
152.6037
974.4768
361.7249
663.5193
949.7697
706.8471
254.1134
890.9152
732.1849
646.8899
727.9353
817.6700
83.8017
153.7804
768.7268
130.0800
777.2152
685.7745
247.7542
470.8664
16.9743
735.5158
36.6788
711.9280
112.1349
338.1679
810.3985
78.4431
769.2054
623.3997
953.1051
749.8026
154.4083
640.8338
749.0547
613.2299
883.5002
641.2835
592.7762
691.5657
293.4980
896.9943
958.4315
965.2844
663.9725
480.1065
678.2397
368.8128
117.7917
498.6962
979.5796
379.4686
664.2453
468.0354
478.2992
388.9502
904.0146
614.1376
811.5460
480.3431
165.4107
977.2813
815.9225
22.8215
674.7513
256.0910
989.2633
592.9581
504.5198
620.1413
764.9979
801.6744
673.9938
805.6997
487.8381
16.9358
483.2642
369.5544
883.5408
314.3593
36.4893
756.1480
788.2408
622.9694
320.9918
398.6772
785.4371
148.9932
438.9526
291.2996
920.8544
258.0020
670.9208
134.7740
744.7056
768.8352
944.1460
189.8082
359.1605
759.0640
289.0003
821.7601
932.2225
760.6991
999.9578
680.1406
611.4600
450.3418
655.4029
124.0821
667.4983
301.6531
191.0034
98.1832
242.4012
865.5357
608.6178
418.1646
932.8243
117.6919
853.4141
545.0426
447.8714
693.8845
19.5853
82.0765
925.6680
991.0905
112.8182
619.4768
660.7783
39.8635
484.0879
324.0068
257.8583
771.1401
984.3833
634.6751
557.7930
161.6989
805.7330
324.5239
601.6266
560.8801
22.0056
578.7069
205.2666
891.6363
643.0006
416.9861
529.1503
418.4741
62.0535
17.9833
634.6738
142.3192
703.0486
339.1958
26.7175
160.0595
950.7643
89.7715
973.6816
18.0193
26.8139
685.1882
505.9879
640.5531
454.6812
663.6692
960.0739
126.6072
829.0294
496.0036
341.8525
96.9988
873.3321
33.8009
785.2314
478.4506
158.9995
510.7212
349.0427
977.4300
840.9542
764.6916
41.2677
122.1437
659.1257
724.1726
530.6295
357.1480
350.6470
688.3282
998.4771
560.9294
774.7021
654.9609
891.9563
977.8184
905.8291
367.7287
435.3403
93.3781
745.7814
55.5935
301.5071
861.4532
45.1774
569.2407
393.0894
673.2429
926.2244
708.6560
145.1397
553.0214
992.2784
475.7577
258.1071
916.7965
472.9612
729.0552
294.9741
438.7769
156.4104
520.6464
55.6651
861.2731
989.1266
52.6911
496.0771
947.3456
120.3354
377.3651
161.8844
461.3624
697.9106
224.7364
594.9191
650.0103
144.8674
769.5286
857.6992
854.0349
822.1374
512.1148
884.7173
340.3394
332.5992
343.1665
937.1382
888.6865
224.1809
958.5929
525.6404
375.1871
938.2860
378.2707
221.5175
546.4667
708.2374
355.9139
242.1214
134.4869
326.7671
661.3409
839.6012
209.3531
891.9988
294.6062
928.0193
606.8703
419.9020
971.9982
167.5658
868.1903
400.8057
877.7051
472.4718
102.4161
391.1239
88.1976
69.0759
848.5345
648.0935
691.6349
396.3196
439.3181
458.8205
170.3177
244.4181
68.6201
892.4861
279.4470
295.0298
259.3091
593.2920
643.7878
470.9980
142.6974
747.2950
937.5390
957.7229
22.6932
848.9899
709.9618
567.1220
307.3949
62.7533
464.9272
709.1667
721.4751
449.3973
471.5539
114.7079
788.4282
948.1753
340.0867
615.1892
90.1769
55.1689
420.9090
199.2531
744.8668
392.9744
848.3117
523.6034
422.0617
282.5779
484.7500
908.2842
811.1466
431.6370
189.2969
146.5192
625.2237
656.4668
801.3241
97.9016
61.9792
300.2042
92.2126
4.6668
41.2873
351.1683
514.8122
934.7127
260.6669
593.1356
419.7667
296.6431
333.7495
500.2700
40.2215
793.0537
815.0897
338.5094
74.0379
69.3131
357.3859
838.3339
799.4013
316.5394
114.8785
506.4429
370.2363
441.3416
567.6674
578.3737
345.2806
231.3070
312.9059
169.4101
221.3885
794.7094
336.8627
879.8127
312.6653
573.6204
827.0517
522.8072
119.1364
462.8948
532.7294
472.2565
487.9157
907.8188
745.4998
569.4091
793.3879
279.9439
868.3489
907.9634
390.3338
457.3844
95.9780
94.6694
437.1759
400.5051
32.1660
304.8099
80.4089
226.5145
734.6461
926.3096
926.5441
648.6285
326.4756
654.5246
977.2471
55.7080
557.3181
498.7926
615.6957
961.7420
493.1904
604.4490
199.1221
390.8941
806.6566
209.0739
616.0802
765.7352
429.0858
310.5436
236.7608
10.9411
342.8958
563.8232
129.7726
550.3428
267.8241
504.2524
912.2215
100.8559
242.7746
668.4581
653.6825
666.5641
790.0457
279.0187
225.5084
591.9423
361.1842
498.1503
38.0469
615.5151
577.4513
949.7081
95.0413
796.7493
413.3598
873.9896
33.4477
463.6919
80.5186
686.3903
209.4578
998.2651
597.0855
395.0015
102.2046
566.3076
479.3707
498.2966
28.5377
722.7010
737.8450
510.9392
390.7812
820.9734
528.3772
682.2373
348.9206
642.1034
95.4092
827.5768
725.2367
615.8842
42.2288
837.4746
750.8234
103.2776
560.0301
422.4890
116.8431
548.3272
104.4560
142.7266
180.0553
372.1940
136.0855
16.7028
84.5157
878.3323
948.4691
382.3709
857.8629
927.1432
666.5004
930.5643
452.9792
869.5064
315.8197
682.8908
546.5709
849.0499
760.1935
465.1903
545.0437
886.3715
948.6238
134.0038
882.8068
982.5334
589.1632
848.6967
427.8841
111.8845
714.2442
227.1047
395.1821
974.6403
141.7494
243.0922
294.6846
721.8507
617.2271
765.3410
609.3420
15.1605
606.1267
181.3543
235.5642
610.6245
629.1613
403.8203
647.3038
18.7190
789.5315
594.0506
842.0524
544.0366
787.2931
159.5858
545.7996
615.3296
880.7798
35.3135
336.8626
963.0664
657.4101
472.5931
522.4024
132.3427
656.4426
435.2655
571.6602
571.7412
70.6516
225.5151
727.1004
832.5288
813.1787
155.5118
451.3254
759.0168
118.5750
995.5356
475.1455
462.8673
827.4982
401.1717
466.5126
578.6026
612.4877
431.2847
898.4829
92.2925
673.5930
78.1191
299.8446
631.0079
778.8879
972.5764
749.2180
987.8631
901.1886
942.7182
323.3908
396.4947
992.4798
638.8550
989.5232
888.8486
213.1011
857.0036
523.7818
22.1426
172.2262
599.2977
547.8262
93.6718
351.8841
952.8836
328.3905
697.4651
820.3003
372.2897
243.2222
537.1579
921.3677
701.4335
628.8107
788.2700
896.4947
513.0809
939.9546
396.4817
10.1629
240.2184
229.0648
181.8185
879.2293
857.3788
676.0653
697.0662
702.3230
41.4658
127.5940
214.7438
72.2736
555.8898
61.6015
239.9386
458.2025
879.5057
372.2068
131.9270
482.7610
420.9053
775.5826
486.1533
278.8861
958.6178
98.8366
676.6005
138.7540
255.8823
229.3137
866.1287
584.6031
520.7287
899.8927
660.7305
162.9306
876.6951
78.7923
744.8668
479.4661
400.1193
471.6446
822.3695
150.1589
768.6308
993.5196
69.0068
419.9616
645.0051
50.9710
428.1419
221.8238
504.2324
971.8329
689.5170
638.6282
923.8324
66.3344
168.6084
759.0633
174.5850
55.4176
597.9396
758.2560
331.2279
35.7167
911.0441
445.9903
802.7515
784.9660
856.9064
780.4287
4.4179
526.3533
390.4480
59.6525
555.0388
401.6271
722.4358
79.1313
544.1969
684.6322
945.0704
507.5724
547.5989
911.8539
849.7169
2.5595
54.0646
439.1402
205.8579
809.5453
922.0076
555.6856
471.6561
945.2676
149.4024
597.1409
348.2045
270.8555
972.3958
764.6158
536.9391
489.2192
429.4921
734.9896
836.5336
199.4858
223.6029
523.5291
838.4134
32.3162
246.1629
282.4514
872.0871
3.0343
265.5396
276.6840
941.3824
578.3153
394.1763
840.5706
681.8717
409.8679
877.3623
512.8811
568.4835
912.3470
362.7900
799.2168
337.4017
610.1232
168.7261
87.8942
517.0530
989.4853
736.1263
982.7341
451.5218
483.8033
707.6047
433.1005
569.9222
666.4053
218.5963
831.2741
546.1970
555.9108
225.6439
533.9658
336.4396
395.9372
230.4814
470.4514
996.0340
272.4188
453.5185
443.3448
174.3164
447.1962
353.1910
693.3820
401.5498
384.5074
909.3645
587.9698
287.3090
422.7421
869.1217
193.1143
881.1107
863.5191
814.2467
169.9753
721.2618
354.3592
321.5050
294.0027
751.4550
727.0757
660.9785
35.3247
959.5079
794.7202
478.4952
927.1085
768.0080
500.7526
94.7635
736.1950
520.1576
517.5717
854.3122
468.9204
627.8956
811.0643
955.5253
512.6167
865.5276
534.9222
717.2062
46.4626
635.9932
829.7856
966.0760
7.5857
632.5245
658.1631
86.5617
914.5515
896.5795
675.0184
207.7799
642.3515
247.4668
860.7675
767.7643
777.0481
338.1284
387.2675
580.6610
8.7575
398.7774
366.1327
524.2404
450.0972
817.5289
751.9094
790.2655
997.1583
400.7499
288.5748
887.2459
516.3084
216.2829
923.7853
709.3418
392.2916
198.5118
924.2213
821.4290
351.2497
496.1487
488.3596
20.9903
492.0569
75.6856
541.0493
658.0298
992.2338
330.5741
863.6763
538.7782
661.6272
215.2795
670.1547
468.0943
907.0298
501.7565
687.8562
91.8806
810.3787
791.3845
944.2917
336.0095
803.6456
334.4571
339.0197
365.8995
216.9557
934.9823
858.9428
424.2765
810.2061
294.0052
131.8858
897.6238
340.1569
909.8350
357.8800
805.9120
105.9832
901.7346
442.0478
342.7257
108.9112
949.6856
747.1502
460.1920
943.2730
849.9453
479.0210
237.6639
885.5424
236.8162
267.6949
588.4113
524.1498
633.9139
305.5363
915.9973
198.9627
998.3360
483.0671
774.9685
296.4172
490.7036
754.4202
577.3861
214.6067
364.0094
974.1520
184.0629
349.9850
817.7718
781.2078
50.9004
976.2143
19.5344
133.5093
730.1598
183.3937
102.0813
997.7259
466.3035
988.0765
868.5852
27.4840
578.8633
641.3148
30.1077
688.6444
600.0397
141.5734
450.5921
504.1700
206.3221
452.1328
516.2409
645.0905
830.9539
547.4514
124.8153
517.9036
986.3987
345.8848
734.7727
838.4495
874.9216
503.0703
133.0806
849.8486
941.3770
291.9339
443.7066
772.5426
503.4792
315.3818
753.1722
665.3936
47.8431
135.6180
292.6016
366.1956
670.3762
490.2579
235.3355
409.4338
444.4712
452.4710
357.3648
516.9046
417.3332
457.9469
510.8762
898.0123
29.1364
913.4268
75.6234
207.5366
130.7028
839.4309
594.4539
870.2982
407.2935
148.2417
685.1501
682.1083
464.7455
924.5523
237.4972
966.6972
982.4141
738.8867
724.9827
483.4245
584.7610
934.4778
258.5678
969.2670
337.0703
942.1057
527.3970
120.9868
105.6468
292.7705
840.5535
273.4289
961.9375
908.7087
230.4196
171.1323
23.8416
105.1289
622.1890
690.5014
135.4780
306.8585
776.1110
810.9613
645.1222
518.1001
661.6896
733.2533
57.6768
48.6260
930.1813
168.6111
402.8351
115.3460
412.5465
164.7000
827.7991
635.4961
391.7331
122.3603
411.0674
610.2264
548.3377
88.4831
147.1052
743.8582
467.9284
69.4649
315.7477
592.4085
347.5924
211.8329
323.6350
751.8717
234.1457
635.3306
623.1042
481.7134
432.4897
578.8752
640.6071
466.5168
499.0564
727.5638
653.0778
901.9077
613.7062
327.8730
280.0288
146.7647
808.1783
152.3378
417.7004
409.4686
678.6280
543.6211
888.1345
954.3127
974.7979
530.6647
863.3192
261.1676
579.7701
272.4296
712.5042
298.8471
763.5219
751.2454
960.1323
598.8503
860.5242
730.5723
240.2210
804.5980
628.2332
104.5425
376.2703
85.9131
633.1603
569.7984
51.0767
731.6505
919.1986
968.7432
848.2561
378.0167
110.9497
910.8185
912.3565
567.6693
683.3655
80.9331
514.1383
143.8669
104.3399
650.4482
838.7157
120.1015
385.8463
408.2145
815.1807
68.8229
389.9897
325.2572
262.9276
461.9628
806.3412
72.5969
491.2445
93.6334
711.3297
661.1520
84.1164
833.3764
881.3187
901.1083
709.3687
224.0532
729.4691
745.2889
23.0310
905.7106
84.5420
580.0540
878.2999
969.8999
545.9644
566.6746
91.7162
583.6474
644.2698
57.3889
986.7737
421.9490
479.4792
531.0903
225.9577
889.4673
279.7646
765.6917
644.2066
258.5129
810.1067
831.3689
499.1590
44.0776
988.3850
249.4740
616.1920
179.5366
939.0890
234.3706
65.9774
828.7952
960.7188
190.9960
325.8009
597.2758
639.3682
186.5408
383.0958
848.7466
325.9756
857.9089
700.5751
158.3567
421.9935
535.0864
141.0549
774.8192
520.7440
362.8197
855.2747
755.6111
19.8880
144.4525
649.8810
48.9054
918.5117
766.5859
996.8459
404.7432
1.0648
608.6480
281.2607
728.0160
896.2628
283.6956
637.8264
348.2996
455.6931
277.0306
5.6077
552.5806
547.1163
234.4803
133.8083
468.1949
109.0654
306.0737
561.7914
799.0019
785.0690
570.4453
698.3720
9.6052
390.0321
859.2891
986.4438
965.0567
997.0115
793.2629
851.7722
235.3611
716.1408
846.7248
126.9328
201.4643
112.3369
534.0495
75.0100
605.0356
824.7699
705.6583
191.8880
873.4691
696.1856
753.2131
193.1952
291.5374
659.5419
379.8695
831.5885
530.4260
890.6165
420.6176
147.3289
471.4091
877.4155
752.4915
782.6868
519.2896
451.7592
445.7301
974.5781
220.2630
692.6829
398.8372
707.9462
239.7244
570.0738
954.7911
282.6778
989.1478
338.7046
332.6428
887.3142
891.5950
941.4598
137.9659
687.3725
353.1897
448.0017
651.9589
384.9456
452.9427
701.0770
628.5742
682.0932
340.1083
39.0921
308.8288
244.5927
585.7637
562.2115
705.3080
453.4020
889.5085
482.4765
119.8625
959.9615
128.3742
173.0757
401.7941
143.4008
979.3799
627.8308
776.7941
491.1789
22.7606
22.8147
141.7775
602.5212
346.3039
232.0749
237.1370
709.1305
677.6086
625.4211
114.3286
652.5865
137.7607
363.5457
460.0299
82.3360
866.8052
616.4315
769.9065
70.2801
522.9942
261.4348
12.9202
411.6741
710.8164
22.0100
412.6249
530.7521
96.5952
379.3018
259.4918
489.7731
246.3848
335.6911
200.0143
480.8541
515.1239
125.8643
276.3589
959.7892
390.7856
654.2967
883.6745
390.8216
337.7475
838.5603
465.1690
917.0145
113.9779
387.0305
126.7664
364.9341
413.2859
35.8661
293.2736
337.6853
64.4442
97.9884
946.2107
888.3634
485.7158
355.8258
407.1626
163.6261
339.7185
434.1301
407.6591
496.5316
952.2281
377.7394
911.2023
516.3275
558.7928
282.4159
981.4646
891.7579
223.8857
280.1742
924.7254
179.8884
894.5785
190.5507
710.5347
983.4685
567.7391
125.8544
86.1097
223.6924
518.0355
6.5395
894.5864
497.7669
945.4196
221.4437
799.1723
947.1383
456.7160
67.5063
168.3685
108.4575
403.9298
53.6755
715.0277
881.0665
243.7332
426.7288
590.2863
321.0169
472.0124
245.7118
595.6848
666.2326
138.8256
331.9503
349.3916
5.6288
151.1902
666.6006
854.0713
304.7389
542.0950
432.9685
195.8326
44.6997
300.6253
324.7964
480.7793
363.7071
783.7811
418.9862
756.6701
120.7856
679.5920
171.9193
603.2786
112.8881
730.9899
196.5973
638.3936
22.2279
310.6651
524.9905
517.1964
905.3102
15.0994
222.9116
287.8008
152.6633
733.0555
442.5077
778.3935
324.5023
765.7787
496.9756
366.5571
59.0091
279.4147
283.8156
54.7462
662.3007
491.2466
648.3246
240.9153
480.6534
52.7820
942.7841
24.1602
874.8674
482.3934
424.9625
586.0590
725.8266
610.8221
329.2519
135.8037
768.1309
990.8993
7.8010
787.5089
872.1657
816.6446
13.8454
939.2029
434.2586
376.3991
583.2897
555.3756
159.6689
704.8170
29.4829
588.6987
628.0126
154.0635
556.6426
64.8508
62.0203
511.2223
389.5707
810.0569
343.1221
639.2336
687.7910
293.7264
85.4327
561.9032
717.1691
448.5747
941.4518
175.8230
893.7951
973.7547
151.5469
89.5703
417.2989
901.7689
70.1831
884.7758
800.8234
811.2558
967.8280
193.9967
866.6383
295.9845
741.0329
540.3930
684.6827
875.5831
67.0271
61.2187
190.7311
979.5172
177.8051
837.1962
34.1507
587.0768
10.1466
668.6327
997.9920
366.7668
87.8358
965.8317
599.1494
777.3649
518.2088
880.1729
531.3921
942.7241
463.7263
66.5306
601.1394
974.3424
694.4818
780.7314
916.6894
649.1300
55.3255
79.8673
473.2808
150.2666
365.5310
608.1598
885.1108
848.6603
701.0315
749.4126
840.1066
475.1037
338.4911
215.8997
238.9974
751.8128
313.8025
436.2743
825.9501
723.7853
276.3496
341.7940
493.9135
660.1855
943.0316
452.1162
801.6657
820.3359
659.6102
681.2976
125.1724
753.3097
218.5531
725.9616
297.6717
42.4797
611.6293
968.6542
345.7194
761.4188
891.0050
971.2366
930.4203
273.2064
403.3105
565.7470
0.3018
417.6790
532.9420
13.2535
19.4902
737.7307
18.8064
591.6082
344.7670
975.9948
868.5709
151.5884
382.1485
271.2650
266.1665
723.9672
636.2210
734.4599
185.1398
65.5302
514.3459
358.0958
300.1116
470.5006
704.1219
393.5567
839.6499
475.5875
449.1715
38.0154
984.1135
27.5670
313.5567
196.2132
936.4189
741.7008
155.4246
425.5627
825.3165
680.9707
488.4338
978.1951
473.3856
463.8851
79.6260
687.3540
213.7613
906.4715
737.3333
980.7154
849.2854
674.3216
344.1013
735.5748
266.9393
752.7723
668.5883
307.5515
598.7617
327.7456
855.3464
503.8104
766.9941
87.3005
123.5588
852.1980
39.7510
346.3288
186.2000
598.0542
609.2082
339.2160
14.5305
467.9579
607.2957
172.5445
808.2345
590.3625
525.3754
233.7608
415.9684
769.1489
787.7973
642.0815
557.4348
374.8503
363.6762
206.2537
442.3008
511.3768
7.5325
396.1394
689.9649
34.4687
460.6061
702.4618
829.6642
525.0319
312.3269
239.6328
943.0239
197.6324
238.3374
406.8217
330.9960
754.4492
871.8504
407.4662
272.4677
539.9810
872.2552
224.5316
457.9415
225.2100
633.7882
11.1290
718.2620
186.8219
33.1727
426.8883
252.1519
606.8793
95.9077
231.3645
17.3118
997.6474
368.8923
851.7688
294.1746
33.2476
344.9767
960.5610
312.6551
20.7276
562.0816
648.2515
682.7641
440.9268
469.9375
892.6234
679.7395
21.0498
814.5509
113.5906
545.6758
639.3386
704.1043
408.7211
477.3619
287.8018
818.6121
1.4909
314.8741
406.5572
948.9676
999.0810
536.6620
400.5693
998.0311
237.5569
487.7204
991.8821
186.5813
679.2985
800.5110
87.9783
862.8329
676.5137
354.8276
281.2461
263.9077
931.8642
92.7040
896.5502
172.1511
284.6890
137.6842
388.0977
217.2336
108.1732
416.2240
70.7124
985.7718
342.4754
916.8665
426.1491
795.7380
17.7017
804.1619
520.9501
257.5175
322.3874
958.1529
278.3038
26.9338
971.7448
508.6250
31.5202
762.9026
201.3622
850.1467
848.0677
455.3862
533.9503
109.4283
615.1849
782.4474
805.4270
856.0209
743.8815
342.0970
928.4113
564.8284
514.7502
21.7962
241.5101
146.2241
880.5621
750.2399
531.5268
827.7708
356.6918
519.4308
722.1876
306.8633
310.0653
871.7880
778.5690
240.0234
700.2588
194.7691
412.6391
710.1837
434.1524
358.9521
544.6374
886.9156
244.8307
35.0215
922.8481
899.2497
892.9854
100.7258
119.9391
711.6792
98.6351
201.0339
174.3444
331.0257
747.1320
681.8330
962.1010
90.3969
136.5521
560.1087
29.7839
325.5646
813.5554
406.9949
383.1718
414.2106
709.8196
287.7066
865.8294
976.7842
9.3836
419.3058
519.7262
46.3671
821.3645
850.7583
797.8803
343.3278
734.8767
968.2327
353.9646
30.7018
810.9345
738.6445
752.2635
379.4332
82.6996
222.5640
532.2812
507.8058
510.9956
469.2474
674.7159
846.4039
34.5043
310.4208
677.6621
273.1584
139.6665
956.3953
580.1650
916.0270
595.3628
711.6305
811.8874
578.0976
515.3927
331.4419
718.7313
110.2945
299.6420
882.5567
777.5575
540.0412
997.8612
230.8114
437.8633
6.0377
148.7082
471.2733
52.1045
566.7602
520.9567
436.0703
244.8541
557.5925
239.8025
287.2737
793.2860
218.6647
5.0208
331.5628
670.5822
535.0105
313.6689
573.9234
221.9547
91.5305
446.2479
858.2462
991.6814
761.4902
486.4812
795.3020
946.6674
948.6598
298.5031
284.4149
329.7376
265.7044
671.5956
399.0455
535.1478
309.0919
759.5993
591.0050
790.7160
64.3651
775.0075
458.5746
716.1222
374.8429
751.3550
419.3716
662.6383
73.8446
603.8129
585.0663
58.9629
977.7016
205.2686
398.0999
718.1065
809.2179
285.3667
814.1752
834.2550
271.8602
972.5056
988.6452
0.6654
709.3809
796.4851
563.5242
850.1033
659.7365
376.7681
393.1698
12.6057
384.7084
84.4512
312.3734
661.2559
640.3536
271.2391
479.8696
250.0039
580.5123
986.3933
734.7009
82.0644
502.5303
56.7206
559.8566
640.0419
501.8604
639.4842
921.7385
368.0149
604.8405
973.8850
914.4635
830.0878
256.8344
342.1875
371.3925
719.5129
635.5788
397.2570
665.2594
216.6447
904.2376
522.3681
419.4855
458.0559
290.4509
806.9449
440.9732
959.7795
613.9084
296.9558
215.2976
548.6623
259.5025
796.6198
362.3219
756.0384
950.6867
615.2290
661.1747
331.3543
892.4592
6.8263
356.2689
995.4426
921.7745
176.4508
924.2062
438.8105
769.3411
47.7042
277.5832
392.8109
162.6243
977.2571
497.6362
662.4908
777.6453
443.6415
638.7246
680.3543
541.8539
781.1291
240.5194
449.0927
908.0091
978.2120
944.2051
193.8996
935.0735
478.2284
698.3291
601.4180
893.9578
287.5757
974.1975
444.8424
381.8058
391.9565
782.2288
310.8748
159.7640
943.7224
295.8086
537.4954
482.6546
610.8207
23.6462
242.0621
943.6128
248.1288
823.6264
349.0585
311.6380
6.2669
703.8336
329.1228
461.4604
78.5464
603.5105
441.0867
826.0486
647.8437
64.6279
222.6045
656.3908
941.2349
809.3986
344.4446
253.1812
413.7314
328.3513
410.4277
975.9783
75.4493
188.0963
855.6840
461.3016
582.7013
937.1686
149.2887
338.4680
836.5358
873.4829
427.3004
315.5715
536.8073
574.0245
478.9024
59.2110
777.9388
815.5004
652.9233
132.8977
740.5572
922.7293
666.1000
804.9283
517.4002
988.1137
30.0258
148.3876
605.9142
511.4685
598.5219
957.4142
959.6529
732.4249
540.7208
712.7657
971.5902
109.9755
119.7866
186.7735
390.5706
512.2498
69.5654
276.2870
192.7521
505.7147
220.6612
547.3031
173.8123
754.8465
52.3351
188.2873
68.1104
781.1883
976.5928
460.4358
740.1999
602.5283
817.1774
799.5968
525.4047
808.8883
337.1309
158.5678
270.9226
756.0979
467.3674
928.1510
775.5155
66.6752
948.8525
281.7450
466.9901
414.1537
778.1782
303.8449
448.1244
399.4964
222.6210
613.3381
234.2421
689.8859
96.9923
862.1662
852.9758
85.0684
886.6148
515.2067
434.5100
712.1818
171.2945
843.6370
236.5306
119.2815
483.4199
721.3182
105.2083
775.5806
985.7693
402.7281
809.1193
547.3079
958.8910
979.9886
995.0318
787.3954
156.5790
133.5409
272.2511
929.8570
263.4180
746.7765
91.6973
669.8437
370.0531
746.3609
550.7307
265.9302
77.8939
456.2906
949.7568
607.7307
481.4391
636.1692
739.5696
929.3586
114.0387
877.8695
333.2025
891.3879
919.8511
251.5837
316.0174
198.5494
571.2791
587.2494
235.4415
92.1380
422.5753
814.8874
491.1775
952.6409
929.0957
822.1112
970.1800
263.4190
750.6405
601.0328
952.3469
725.2487
190.2915
452.0362
721.8518
913.4460
113.1475
295.3551
112.0385
866.3728
895.6552
908.1345
188.9339
842.7873
134.0117
982.6084
102.8946
742.9111
997.7090
754.9620
581.9316
319.5088
342.4624
486.9895
996.5574
263.1168
695.0610
781.9322
117.4716
272.8079
961.1425
663.7292
819.1065
97.1603
208.1511
877.2361
942.9760
137.4208
359.5963
314.7131
921.1033
435.2888
493.7830
991.7385
803.8327
617.7161
120.8638
573.5006
874.4162
316.1807
184.5967
217.5150
647.4637
669.6080
903.5627
404.5752
239.9814
774.2932
814.5997
402.2045
430.7789
682.6889
842.5154
501.3956
897.6072
199.6110
707.1600
140.2653
244.2562
143.9864
796.9471
782.3407
149.1616
62.7051
677.3010
565.2263
929.5371
641.8586
321.1051
406.5846
796.5927
322.6009
618.0949
699.7004
362.4827
936.0130
421.8181
163.0598
157.0730
474.4476
243.4486
59.9963
232.0491
989.5448
0.7735
399.4807
483.7953
817.7673
120.5953
903.3804
371.8794
701.3844
431.9192
101.5326
948.6001
797.9098
834.5772
78.7224
110.6911
321.4920
638.4551
44.0385
357.8191
583.0619
486.6019
971.5493
346.7211
424.3920
584.2122
789.3339
642.0119
225.2188
231.5115
48.2191
471.4633
539.7340
136.7069
920.9208
187.3107
263.4196
40.5432
451.7188
724.2677
456.1632
437.8051
921.6768
651.5559
962.5419
650.6021
391.8625
832.8934
41.4300
163.1795
194.0607
246.8015
469.6728
676.4374
79.7514
607.8868
698.4780
924.6864
733.4368
737.4731
832.4148
11.0311
637.0746
918.4443
469.1636
408.1260
840.9020
538.2515
731.9494
723.0299
272.4802
884.4343
401.4828
90.3839
236.2174
974.5114
438.1639
478.6968
336.8440
776.7231
344.7517
133.2045
855.8784
121.8757
295.5215
864.0010
870.1484
636.3729
152.4887
116.5239
390.9170
808.3622
985.3512
511.2408
529.6812
978.0289
907.3398
323.2027
761.6478
101.5322
642.1003
817.7966
961.8757
885.0052
875.0390
14.5388
838.2606
730.9031
409.1654
18.7174
17.4385
890.0598
893.3814
174.6323
78.8825
165.6666
609.3149
271.9102
275.0448
2.1564
983.8467
427.3051
529.3366
479.9533
197.9581
959.8948
496.6365
834.1993
32.5504
404.0648
534.9224
952.5024
925.4838
876.8413
6.7141
656.1081
867.3879
427.5258
4.2816
629.8507
304.9549
141.2257
508.0770
647.7899
278.5635
921.6998
444.3865
57.7824
659.4910
306.7974
90.9860
204.1764
413.7520
9.1426
882.1807
582.0008
226.5496
655.6554
443.9877
82.0839
287.1284
718.7545
370.9469
941.8788
729.1205
826.9625
724.0737
418.6536
590.0024
856.2111
150.5349
72.2178
55.8644
772.8270
354.4993
40.7696
587.6088
158.4086
404.1648
697.3604
354.8002
487.4508
686.5707
857.8312
935.4011
387.3590
170.9194
50.0993
434.9283
712.6558
700.9850
73.3169
25.2270
874.6754
68.4155
575.5557
5.9558
249.9352
496.8780
280.5693
287.7999
676.0874
642.4348
357.5475
147.1383
96.3015
747.1509
490.1603
447.2671
575.9337
620.2452
108.5143
606.9133
289.1042
182.3671
273.8985
481.3571
956.9033
400.4953
353.1656
755.5035
83.1397
734.1820
553.1171
873.0054
52.5931
647.4126
560.1017
462.0604
307.6094
783.5623
16.7690
993.8355
275.1239
973.5998
474.0176
120.5030
488.7883
6.0159
798.1904
308.1643
516.6126
958.7133
670.7243
236.8745
756.3328
568.6175
454.8956
24.4997
887.6129
717.6342
452.4792
301.6484
711.7929
823.3877
493.0779
678.8320
978.2623
829.2246
332.4934
647.1913
123.3838
371.4437
654.1504
228.0475
716.4916
941.9824
289.6324
675.4685
762.2675
300.1014
943.8712
576.0098
394.3138
58.9358
892.9912
667.5037
666.3701
959.4756
576.6420
94.4661
27.0108
537.8497
829.1185
301.9404
158.4852
470.1134
712.6269
978.9279
262.9351
369.9833
524.2917
731.4723
849.5135
785.3108
606.2313
13.4431
58.0258
741.4709
963.7920
78.1351
625.6479
788.3420
350.4034
14.5878
632.9316
394.4100
248.9144
894.8014
385.2306
37.9437
151.6884
550.2265
926.0637
403.7635
725.1574
31.7640
157.7197
431.5594
362.1579
636.5157
671.8065
581.0880
845.0959
680.6277
808.7108
280.1254
684.3022
919.2722
576.6041
700.7940
288.5979
922.7844
46.6398
852.7289
934.6829
299.9187
971.5920
859.2603
123.4009
313.5469
243.0097
484.5256
909.7409
133.8074
624.6668
155.6061
870.0124
564.2415
860.5389
507.7191
247.0547
921.9236
246.9753
667.7928
188.1809
600.8535
156.4861
25.1206
725.1362
892.3349
348.2283
706.4861
312.4476
711.0665
814.6055
437.9612
916.9553
33.8147
558.1310
161.0630
850.5326
617.4034
658.3473
315.6226
510.3088
354.2433
248.9438
298.3852
937.7929
41.8146
119.0623
52.7931
0.3812
596.7188
359.9664
969.7096
539.0413
455.8048
258.9905
479.5470
526.2923
186.9371
620.9438
433.6233
874.3968
952.5779
190.9509
518.5415
329.4796
924.2212
864.0771
634.3145
363.9651
366.9480
87.7072
826.3244
461.7567
599.7561
216.5416
750.6374
438.5637
811.7978
127.0015
669.5914
918.1192
400.6782
682.0939
786.7472
937.1757
564.8102
382.7159
947.3885
987.1950
111.2459
916.7594
186.8971
968.5673
537.7362
215.6201
371.3550
23.5784
849.6422
945.3307
352.8033
7.9114
536.0693
905.0250
748.4565
152.9697
828.9369
222.8560
452.9048
92.4682
569.7258
36.8603
306.6680
373.0452
800.3281
831.5320
847.9046
147.6573
628.8107
327.9181
226.3416
525.3453
256.5399
823.3624
517.8773
736.2633
577.5698
475.0294
773.9225
457.4517
313.9337
456.1608
626.6383
5.8384
655.6998
412.9518
440.2872
282.0652
637.8887
877.7248
589.5917
376.7058
641.6597
567.4032
579.4633
141.7598
928.6897
220.7333
18.1670
522.4209
421.2515
383.6909
439.4729
859.2833
412.6571
951.5940
808.1244
744.1247
216.9127
536.8570
967.2583
626.6809
477.8017
533.4346
842.9666
846.2515
226.1287
596.6989
355.7808
850.1594
980.0771
112.9333
284.6548
340.9719
707.7636
472.8414
962.4091
387.8006
67.2136
731.3395
536.5765
914.1827
204.2345
90.3598
854.3092
252.8675
586.7464
12.5620
747.7856
125.0549
426.8313
91.9160
505.4037
826.2449
861.6982
565.4302
899.2386
963.0589
834.7315
922.7531
34.7641
967.4042
27.7934
122.5453
639.9170
335.5210
224.2513
633.3097
18.6608
668.5295
401.3811
780.6936
635.9726
857.3181
87.7320
75.2564
979.4718
27.3626
259.2422
911.1090
626.5247
814.4839
936.9274
879.0368
683.7252
514.2846
100.1368
824.4170
180.3888
777.2490
422.4089
185.6103
623.1635
451.9348
996.8945
267.5568
220.2098
963.7993
283.4586
963.9668
522.1829
753.3686
619.3158
700.0178
580.7174
773.9019
18.4211
188.8780
657.9419
61.5271
586.6466
323.9802
505.3729
675.0313
717.6473
639.3234
11.6187
989.5000
646.1285
200.5751
163.7894
276.4010
521.0565
131.8316
388.4899
295.3581
919.1094
631.3594
908.3263
701.1002
771.4815
294.1528
54.4787
630.3642
296.2403
45.8131
71.2325
60.7769
717.2300
656.1051
696.9412
576.9887
44.0471
606.8647
890.1783
140.1025
95.7705
562.1744
440.2684
241.1612
712.0879
635.9475
396.0623
984.8148
838.9776
625.9543
360.4251
820.7671
153.8640
451.3715
51.7422
770.8242
482.8219
194.4148
915.9443
79.1215
890.9826
669.9642
932.8385
90.6743
287.7538
971.6152
641.1037
757.9052
51.8800
48.6007
712.3173
174.5183
13.0008
922.1347
953.8328
534.2605
594.7054
456.3945
365.4193
167.6148
567.5345
196.0940
355.9922
969.2774
978.2185
73.5626
354.6870
278.5241
683.9271
771.6560
23.0644
2.7385
360.6871
582.6195
83.7732
163.3482
737.6891
560.3391
359.6886
815.9900
735.8364
431.8486
673.7842
652.9756
122.0192
102.8387
892.0147
241.5654
59.7527
740.3236
498.1295
357.7217
527.6993
729.2877
72.7926
56.1162
173.6664
510.7832
625.8987
184.6877
820.4303
662.5926
914.8779
492.5092
827.5171
197.0475
691.1306
567.9020
559.7005
447.8840
461.5257
637.6504
303.7295
391.5030
61.2857
957.6712
771.2490
603.5878
16.8997
229.5617
375.4277
393.9301
848.6241
204.5222
993.7361
33.2045
567.4341
386.2837
597.6813
610.6968
291.3737
811.3979
98.8366
76.2254
164.2964
549.4692
670.1921
938.0624
901.6282
72.0433
719.5849
178.7062
661.7520
907.8879
459.9325
633.9328
773.0616
365.0244
563.1029
347.4596
895.6409
195.7783
629.7201
302.0852
464.8354
106.4700
558.6852
592.0933
925.3271
304.2680
337.2864
984.8763
991.8478
910.8682
965.1883
884.5420
250.3675
795.6279
909.3055
898.7592
652.1700
769.5011
481.1348
92.4890
955.9988
535.5956
625.6407
64.2353
338.8894
536.5123
219.9683
177.3530
143.7436
893.5844
76.0868
639.4471
253.7753
449.2293
32.0344
705.7027
808.3950
64.7307
582.9526
616.5112
563.2375
773.1284
411.2692
414.4959
849.3569
985.6739
358.6142
696.2434
470.9999
18.4288
59.5377
826.6064
203.8788
48.7855
690.5793
449.7803
808.6627
673.9834
467.0328
133.6984
862.0361
563.8182
259.3559
848.7150
616.3314
945.9721
438.0237
228.8940
194.8847
563.6088
369.8838
689.0723
404.4268
111.6221
402.8721
753.5180
625.7145
870.1100
901.2941
693.0995
244.2753
535.8998
520.2237
156.9897
321.5981
689.5674
922.2485
920.6392
443.6284
516.9968
369.3884
644.9010
32.8757
236.9064
541.6087
698.7492
291.8261
530.1029
655.3068
452.8151
683.9784
173.9587
98.2453
279.8077
12.3475
991.4905
965.1215
743.4088
672.4458
169.8155
393.7088
953.5334
888.5236
293.9328
298.8502
441.7815
562.6379
302.3166
344.2962
296.3258
957.8997
331.3903
153.7477
745.7733
896.7033
683.4419
640.0987
664.4999
546.0475
419.5277
96.7803
499.5689
848.9095
91.6371
241.9969
930.4942
142.9477
515.7042
633.2228
111.9211
524.6866
189.1778
88.7982
673.3001
892.2923
37.1793
902.3110
330.1122
889.7090
863.6516
680.4600
87.6233
249.3183
116.6917
770.6428
868.3414
723.3701
50.7870
471.4718
74.0649
135.2621
252.0275
976.6044
234.9357
51.0342
290.7515
483.6593
668.9754
972.3943
268.1854
234.0673
475.6574
118.7039
611.1404
431.1975
374.1502
844.8314
982.7819
359.6984
326.6779
916.0729
836.8873
972.8527
478.6318
830.5812
815.7147
541.4083
635.7334
472.0621
905.9699
412.0962
109.5899
658.2741
189.6270
581.3873
992.6255
773.1162
808.8898
698.5243
657.3156
34.6452
932.9010
138.4202
807.5492
412.7271
39.1481
89.1118
158.2691
191.7377
186.3088
800.3304
970.0689
288.4259
165.5970
5.0725
417.4698
14.9839
472.8959
157.6547
934.5115
949.1462
537.7248
878.2923
78.4347
278.4308
165.1999
212.8359
360.5306
851.4560
650.1153
753.2879
544.3291
506.1424
908.0592
432.6607
528.0367
243.5559
865.9327
457.3307
490.0223
576.9295
715.3006
364.0170
753.1965
591.6735
109.1118
661.7514
527.7167
956.3409
649.4560
233.0409
56.6003
292.2790
918.6724
808.1521
179.7385
232.2234
74.3681
84.8731
848.4517
275.9003
746.1866
708.1979
985.5244
766.3848
676.7447
16.9769
395.4109
704.2290
2.9423
715.3901
836.4286
316.9660
990.9604
415.2073
535.0822
526.0252
151.9083
232.3048
459.2939
330.9407
127.0995
407.2965
166.3769
80.7676
901.1639
821.5003
755.8281
311.3741
137.7393
743.6494
74.7608
779.2598
651.4334
415.0448
137.9682
306.7751
448.2765
282.7912
602.0112
183.4002
533.5252
773.2973
536.4277
497.3933
828.9538
396.8957
762.7078
862.9102
687.6621
548.5039
386.4018
381.0682
149.1047
864.7803
956.8135
52.8356
55.5554
50.8195
620.3293
4.0746
980.2353
259.2937
246.3055
589.7304
640.6786
141.1265
193.4990
786.1111
291.5225
622.7632
791.4690
733.4440
678.8118
223.2058
681.5709
450.3347
562.9847
235.7632
716.4900
602.4378
764.2097
683.3845
973.5455
930.9852
461.6274
188.5880
452.0712
314.6539
572.7581
434.3623
14.2486
231.8790
897.9879
433.6575
419.6921
199.4681
462.5891
41.0123
924.7952
67.9688
612.9464
194.4107
954.7669
837.2260
779.8717
519.9762
911.7578
753.0390
995.9513
328.6947
987.2758
20.5052
97.5799
735.6736
758.4442
791.4611
172.0258
954.5105
270.9476
206.7899
348.9767
338.4506
757.1222
797.6517
848.2095
720.3671
928.1994
534.1396
785.8411
524.8199
506.3454
739.6874
303.8938
375.7688
3.1764
118.1021
862.4457
154.0755
996.9042
957.8118
121.3086
509.8357
830.4674
765.5639
123.0353
249.4733
977.3810
547.1086
205.2857
183.5556
468.3491
856.3771
50.8297
668.6757
223.6371
676.1343
586.4698
94.8804
632.3563
381.9465
163.2579
86.2429
544.0525
677.6924
771.9978
126.6939
105.0026
857.1982
193.0449
858.8371
808.9061
313.2886
503.0861
552.2001
933.6465
947.5332
958.0642
149.5076
805.1810
578.2019
796.3712
439.3299
211.9108
411.8423
421.1932
320.5886
910.1565
282.2303
681.8393
133.3670
560.6446
105.1869
577.9929
219.4822
125.7200
419.9824
509.8734
521.2602
705.3425
941.7951
415.8551
790.2192
837.3812
477.0998
677.9484
92.1509
270.5312
239.3416
610.3658
957.7189
71.9618
76.8289
84.3667
65.2302
521.4696
591.5768
888.5190
857.2378
100.8581
506.2524
287.3864
780.9986
359.8876
376.9593
634.6470
115.5324
233.9479
338.1053
749.4076
178.8339
7.8846
858.9151
509.3101
45.3704
540.0435
813.2800
512.2466
574.0663
206.7381
579.3762
201.7857
987.5295
837.1109
111.5929
166.2487
770.6058
108.8041
123.2953
481.7751
759.1320
944.6744
777.1178
660.5607
735.7565
377.7348
35.8990
557.4045
63.0849
54.5646
250.4688
608.6013
269.6948
831.1566
566.1371
921.9021
877.1999
834.1249
87.2733
910.2465
81.0155
983.2277
144.1090
57.9378
335.9950
567.2688
789.3331
14.2109
368.4953
545.8928
581.2845
71.6358
797.4986
67.3620
985.5385
317.4946
343.8268
154.3106
501.1331
429.8664
658.6901
339.5036
467.1160
522.6421
206.0669
498.6979
83.0378
292.0445
662.7203
539.9380
804.2170
429.8030
98.1770
536.9212
429.3225
246.1046
45.6567
417.7150
416.0833
937.7198
747.2479
948.0568
509.7439
211.5065
816.4931
452.9728
936.8641
911.9615
874.2273
653.6628
82.9039
299.4685
676.8593
828.4336
791.0192
7.5438
880.9631
603.3806
211.0562
507.2938
416.5959
641.0665
740.9178
746.0474
401.2308
903.3381
72.6786
378.6154
413.8880
510.0438
360.6120
296.1532
44.7115
147.2223
4.2904
48.3139
722.6041
702.6829
685.3441
303.8753
777.4222
873.5704
950.2226
151.5241
965.6482
332.5908
658.2061
755.1489
577.4618
195.1560
301.6903
73.7782
960.3248
391.8795
960.8654
301.8271
197.9699
581.1226
153.7461
693.3864
376.0148
396.5142
50.8632
399.7051
178.9100
590.2907
678.5234
861.5701
984.6083
917.5551
228.6557
291.4017
578.0980
966.7657
40.3847
951.8326
280.3510
361.8002
16.5321
504.4451
0.1411
151.3411
699.4837
880.0544
529.3691
880.9322
116.3155
38.8950
254.7099
781.4289
225.8447
214.4777
988.3426
623.2453
878.4645
149.7241
542.8285
978.9087
569.7363
999.6395
907.1152
62.7026
436.4390
6.1064
90.6325
928.1020
637.4976
174.8843
626.0657
181.7537
732.4039
565.6676
880.2800
710.9079
403.4639
248.7522
352.1672
566.3723
778.7787
147.1507
481.8361
328.7973
876.3874
217.1683
534.6976
7.4590
289.1963
950.6479
934.3660
197.1533
772.7636
270.2512
305.4596
901.3736
460.4443
636.4346
417.1296
280.7540
251.9065
19.8505
81.7417
654.2089
528.2640
226.0341
568.9458
217.9488
137.0263
42.5946
175.8939
43.1697
962.4640
34.7090
442.9365
488.7382
12.1779
600.6911
556.4218
737.8765
969.2425
598.9946
807.8109
857.9595
71.8738
647.2468
416.5645
642.8372
374.0160
128.3433
461.4289
513.0792
671.1980
971.1720
472.2210
60.1899
268.6580
736.8232
988.8121
416.3969
541.4371
708.9712
357.9848
652.4722
625.0542
191.7678
42.6400
560.2943
277.3244
482.7920
309.2289
185.7112
191.4829
222.8350
242.2311
340.0453
735.5392
569.3436
687.7809
130.6517
261.1773
831.5685
398.9163
413.4002
97.0233
780.9158
320.8754
183.6343
846.7886
30.2805
399.4487
410.8934
675.2282
146.7645
917.5663
168.5875
655.7183
109.2203
840.1270
918.9498
277.2620
135.3489
585.7667
776.4640
458.2600
31.3075
939.6108
872.2281
987.1381
209.1136
726.3149
752.3709
212.1640
621.4011
702.5548
699.6684
121.4892
144.2051
370.9714
917.1973
544.1166
854.5424
686.9805
325.9217
407.2703
846.2835
614.5398
857.9150
590.5463
250.2926
38.0057
840.2360
333.1116
106.8585
177.4520
580.0074
800.0177
816.8466
105.0820
242.2072
455.7396
974.1102
835.6077
826.4149
162.1130
29.4220
89.1796
234.3144
121.8290
115.0477
924.7857
790.3547
515.5985
555.9906
908.7222
293.7023
251.3941
265.1686
757.1315
984.6567
368.6757
167.2955
414.2382
625.9464
121.9429
355.2617
102.7835
612.8153
341.0736
17.3873
525.9182
700.7193
585.8733
296.2938
684.4768
64.0478
170.3802
19.8936
35.1881
656.1731
322.3757
264.2047
905.1391
667.1219
149.2822
12.9771
358.7600
200.6420
656.1895
705.7621
933.3684
949.3853
717.7781
492.9928
513.3376
513.0343
984.8921
672.7032
809.8776
664.8897
930.7850
492.2081
690.4639
198.1689
266.5778
33.7120
421.3773
739.9255
260.8041
232.1489
363.7589
786.1174
451.3074
665.9824
352.6631
630.1684
602.3291
783.3699
385.8006
209.1020
734.9538
318.3024
542.2313
899.5643
844.5003
806.5399
804.2018
772.8573
996.7206
377.2282
786.6291
545.1092
348.6143
113.4586
635.4786
768.6410
901.8346
941.1314
321.1211
516.6364
518.7537
808.6829
717.4266
682.8268
755.7953
205.4127
919.6973
413.8536
745.5252
347.6258
874.3870
427.2617
353.2975
689.1110
107.2819
518.3870
438.6107
515.1219
902.0076
253.9646
62.4289
683.3118
868.1950
719.2897
992.3890
796.7490
363.3825
282.0903
442.1414
752.5431
652.3961
359.9054
300.4262
920.2827
160.1058
941.0344
971.8013
298.5414
825.2660
796.5688
475.2164
447.2985
571.3167
698.3091
945.7234
99.4870
797.6524
733.6092
260.8985
148.6801
92.2797
309.1046
591.4897
287.8322
386.4459
888.5847
447.4759
844.6283
748.2993
41.0082
215.0959
518.8859
802.3436
579.9919
904.5858
400.2229
728.3250
981.1718
295.3322
241.5079
819.5489
333.2493
156.8695
434.6444
218.1440
266.2355
876.1467
570.0625
606.8468
500.6736
953.4376
582.6464
16.2928
777.2428
796.7344
435.0715
142.4349
611.7573
289.0168
720.5513
784.5317
193.2325
469.2433
3.6909
453.3230
935.6474
414.9424
743.2274
291.2172
361.0655
123.0360
311.2884
423.8044
625.6642
578.9192
471.7579
146.6064
970.4188
537.7243
624.0684
319.6461
326.8284
10.6430
410.6193
382.8688
738.4547
950.7757
879.5973
539.5773
579.5461
219.7259
189.6764
562.8403
950.4657
500.5956
254.6431
330.9334
715.8473
700.8948
917.3593
492.3835
770.0334
800.0445
198.8125
581.6373
71.4211
813.1486
461.1932
920.1638
751.0667
377.6985
631.1777
154.6637
826.9945
770.7862
323.7402
826.3347
541.1167
880.0061
720.0063
854.3224
433.1980
646.6836
51.7466
88.8982
420.7923
829.1789
387.9029
807.8718
784.5055
251.2570
479.8614
911.3873
780.6659
915.1335
517.6351
202.9541
750.2154
108.6603
610.5316
40.1198
677.4304
765.6582
221.5740
267.4160
778.2272
516.1640
212.9438
915.3863
298.4159
59.6896
887.3013
544.8171
855.6122
615.9140
524.7877
881.3608
727.2848
845.4308
411.0304
207.8883
780.0919
955.4682
715.8897
320.5379
379.1038
758.8147
540.7235
988.6861
581.1744
930.8832
88.2148
412.7332
922.3364
776.3688
624.3315
695.1960
107.0294
940.4682
700.4174
965.6656
117.4352
382.5460
37.2596
21.8615
976.6794
235.9408
720.9007
671.0002
167.9628
957.1847
642.4126
525.9877
355.0322
985.5275
901.8229
689.3310
204.4398
135.1769
430.4394
577.4777
11.9907
942.7159
279.4269
172.6568
950.2103
890.7522
238.1407
804.8404
687.7606
888.8145
963.0428
546.8700
341.3742
846.9615
703.9152
590.0269
456.9386
120.6406
393.0826
863.2491
469.3793
458.0201
301.2235
770.5213
297.0797
468.2501
821.4672
121.6392
225.3594
64.7157
361.1677
269.9406
49.8010
192.0889
70.5603
675.2137
498.7753
704.4230
333.1381
920.6183
603.3887
935.0714
360.7637
498.4203
635.9003
66.9828
568.4736
40.2091
522.6823
802.2675
737.8083
58.6655
718.9794
78.1689
178.4621
111.4414
560.3488
938.1564
497.4565
207.2324
940.3032
332.1875
235.9857
945.5681
194.0376
984.3213
470.1129
818.1757
361.3412
798.4651
336.4866
594.8510
200.6108
462.9484
223.4299
236.6525
993.5583
149.2001
731.5033
846.7601
504.6442
658.3655
333.4310
571.2380
947.9295
202.6511
88.8524
594.0683
444.9237
645.8583
367.8961
54.8550
228.2152
282.0080
176.2660
901.5586
396.1450
443.2573
549.8395
65.9980
448.4066
819.7921
925.5145
309.5187
43.4325
309.0983
813.9073
88.3508
425.3526
733.0658
181.0895
690.7601
180.4228
804.4742
327.1413
8.4815
347.6714
679.8984
471.2345
306.8961
48.7906
87.3952
275.8584
327.1986
813.7359
861.0810
977.4623
10.9844
498.8685
847.7758
713.0290
148.7744
969.2055
616.1519
280.4005
414.8960
739.2190
917.1681
355.0370
46.8075
272.6175
833.7530
510.0651
521.9844
414.7305
504.9961
343.7257
181.4018
317.3169
895.4960
510.4078
755.9243
322.8340
430.2317
470.8738
789.9524
235.6091
602.2574
367.9269
548.0123
52.3868
360.9044
387.2782
565.8140
982.6964
483.5352
79.0578
699.9062
195.1433
924.5370
12.8354
173.3516
953.3498
837.4438
569.9774
278.0455
892.8480
410.2339
534.4872
926.1547
914.9212
350.2015
719.7460
936.1119
351.3958
390.3045
592.2853
713.3903
77.9719
594.0235
132.0789
745.1793
8.0657
566.3251
452.2594
934.3991
685.2419
779.3909
407.4835
921.4445
148.5194
147.8021
418.4183
670.1659
200.6469
650.3284
784.9745
989.2409
959.5225
134.4806
759.4587
563.0207
157.7290
430.4675
216.2116
543.2089
7.7491
366.6149
593.3903
981.0569
688.4256
109.8095
838.2344
95.5560
587.6124
803.7583
72.2783
940.3789
811.4209
942.0714
192.3788
251.7252
70.8969
315.1731
850.5572
399.4726
108.2172
195.4055
582.0748
724.1481
818.8692
935.1248
157.9044
900.5284
425.6286
628.6872
24.2494
271.5649
915.6715
219.5903
930.0046
994.5007
489.0104
132.6038
757.0901
822.3078
851.4207
751.9897
879.9015
162.5499
522.9393
515.6262
532.2563
50.0102
552.6662
820.8960
601.3771
820.5589
278.0840
862.3408
37.9568
756.3108
696.8954
422.6810
552.6757
297.2495
115.6987
512.0637
700.5549
695.2494
952.3678
208.4344
28.2146
930.0070
737.2228
285.4697
760.0334
641.5892
121.0422
375.8768
939.9215
995.2936
229.6754
68.3068
470.2654
508.2793
462.0146
611.1458
940.1887
16.2769
981.2999
87.4941
327.4409
278.5114
414.1182
711.8701
42.7612
443.7710
921.1028
334.7739
62.0119
204.8601
168.3734
581.1964
745.8107
55.3786
366.9308
888.0733
687.7632
8.6406
389.3169
899.1495
981.7295
43.5378
703.4121
537.1420
271.4204
987.1321
59.0519
659.2243
311.8485
632.1012
710.4213
457.3087
873.4906
203.8260
48.3029
488.5666
129.7445
626.2684
86.2004
150.5697
571.1504
748.9723
642.0917
761.4725
35.4146
613.6344
881.4294
370.5502
15.6378
349.5751
423.6923
512.6554
296.4145
594.2529
449.0265
735.1535
822.3104
133.5806
703.7386
599.1459
64.0603
321.3755
244.4394
134.3621
516.1649
706.3765
533.8648
893.0465
423.4175
777.3644
858.5101
211.2258
779.4242
494.4966
814.7460
89.1098
68.3783
303.1437
287.8481
53.1423
388.7788
400.6277
583.9721
313.5535
325.2576
261.6860
514.8684
629.8713
211.8820
900.9191
803.8081
901.6151
769.3598
808.5429
973.8251
870.2960
718.4398
773.3111
840.8057
825.6956
145.0774
937.4797
66.3449
301.8528
463.3978
710.4927
807.0079
893.9871
706.6372
974.9648
939.6226
35.7679
633.8941
614.0796
416.1614
796.8555
592.2237
788.1915
950.2484
359.8350
281.7637
560.5684
357.7873
5.1757
313.1184
896.9515
68.0190
670.7398
403.2318
981.6213
796.3226
251.3311
491.1193
240.3638
935.6539
416.8238
41.2869
972.6402
477.3112
56.9005
794.9645
623.6572
815.6265
621.5769
214.8548
946.5316
265.4160
223.3637
564.7634
581.2411
73.3308
33.5681
206.3485
288.4924
455.5297
979.7526
301.5998
615.2481
566.0154
778.2331
822.3501
488.6852
581.8417
664.2531
192.9127
364.5753
912.8474
938.7925
911.0150
778.4273
539.4514
696.1612
216.3146
863.4745
24.9170
183.6822
484.5203
891.0809
898.8753
446.8080
832.1841
793.1461
125.4402
274.5539
622.2056
181.4805
309.2310
835.9450
126.2966
433.5103
891.6886
355.3432
14.1802
580.2053
194.8071
528.6901
447.9452
978.5445
407.5830
552.2020
590.8803
128.5271
718.6391
93.4474
683.4335
991.7413
318.5573
267.1290
124.8725
265.7782
224.2762
881.5823
997.2495
178.7135
747.7572
945.2426
541.2105
143.6830
651.9247
981.2991
780.7905
497.0203
229.4711
993.5323
733.3565
881.0540
432.5243
397.5378
742.8334
460.7354
768.5997
391.8839
643.7279
889.9845
754.2350
429.9153
77.0315
238.7075
928.3146
9.8040
233.5472
742.9929
764.6542
971.3975
762.6376
373.1966
193.5440
601.2548
751.9085
492.7395
182.1645
92.3555
349.7948
801.1903
169.2783
337.4242
308.0132
171.4565
707.3753
85.1840
242.6244
221.3458
455.6727
974.8970
560.2123
796.6259
267.5962
986.5742
824.2035
635.8871
819.0606
602.6307
687.6061
852.4721
131.4704
538.8788
895.3180
554.8247
868.3190
289.4991
78.2553
666.6692
86.2469
443.3462
203.5663
357.5306
626.2447
61.9223
326.9289
221.9832
854.5911
769.2781
657.0112
723.0383
644.8013
358.0710
302.4786
749.0438
379.4413
723.8415
435.1307
454.9646
885.6621
82.0316
260.8779
996.1164
441.3732
892.8421
393.9773
83.5184
105.1652
977.6140
380.7682
80.7124
57.8915
974.0781
297.8576
874.2834
517.2325
178.6866
797.8482
366.8299
18.7299
146.9763
820.0065
189.5345
432.7186
395.2742
153.4746
71.9898
520.2489
227.6247
260.4571
243.5337
173.3469
79.9209
670.7931
584.7771
44.6551
570.1506
118.5460
460.1342
147.7490
580.4681
758.6866
92.4422
285.8641
322.1096
741.9324
596.2757
746.3008
98.8783
487.8544
575.3550
777.1753
736.0316
658.1336
515.5945
147.5635
401.0131
775.9090
501.2430
671.5765
167.8668
724.2453
512.6062
657.5450
789.6900
917.6162
330.2912
536.1209
641.5070
891.3512
228.8979
349.3447
985.1565
659.0646
399.5567
110.9184
686.8614
468.6882
786.0459
202.1628
52.8567
242.9453
971.8741
219.1229
608.1362
554.0424
102.6591
39.1961
674.1217
184.9447
125.4605
350.4703
957.4885
434.2610
102.2563
533.0271
655.2265
293.9612
396.5556
176.5275
11.0426
881.3337
213.9766
835.8919
259.7870
20.4066
955.6777
714.6219
201.9485
497.4250
606.8867
481.4069
147.6333
33.7027
62.0415
710.9247
584.0940
279.0447
305.0479
2.8140
389.9374
919.6437
52.0878
343.3213
985.8387
473.1020
176.6416
426.4705
700.4701
465.0475
400.8051
398.0568
847.6474
129.1412
120.6489
764.9925
579.2364
634.2153
593.5736
117.8848
402.1724
519.0516
755.9123
451.2324
792.1835
861.6362
662.6706
120.3683
527.1264
285.1887
648.2080
449.7643
591.7868
647.1566
916.5403
813.5996
448.8886
153.1377
560.1047
860.8510
628.7012
956.1881
952.7125
638.3016
683.1600
397.8104
140.1522
359.1753
680.6943
977.6860
50.2857
392.8006
975.9311
798.5738
789.0060
106.8860
231.6657
671.3318
748.3439
623.8748
311.7578
625.4035
607.3530
30.2220
95.6900
134.0296
619.3727
222.2094
788.1626
988.6671
381.1039
115.5277
108.9894
340.9420
19.9502
467.3108
45.8425
438.8341
507.7002
756.5174
120.9322
343.3234
169.0331
846.2036
277.5842
822.4786
488.4435
343.7615
68.0771
114.1570
639.9487
971.4951
357.8539
70.1338
117.1855
792.3643
729.1413
323.6859
784.0727
830.6502
798.1394
893.6718
357.5551
68.0866
75.1255
73.4210
405.0141
414.7622
673.1033
210.7441
439.5123
231.3838
7.8545
575.3581
649.7544
229.5586
518.8592
259.6846
752.8711
548.1180
217.5536
54.1991
779.5165
21.6903
879.0738
356.6997
728.8951
419.0794
634.1096
498.3866
168.6781
224.6385
25.4672
78.5189
117.9847
996.3557
832.7183
15.8894
218.9505
292.4064
733.4600
494.9041
693.4016
903.4288
312.3554
93.3571
589.0620
237.6897
668.7382
762.5592
523.4663
791.3739
611.3692
494.6640
238.3861
100.8813
809.4748
455.9472
943.6759
289.6266
857.8316
921.5764
507.9112
780.9026
569.4635
124.5316
705.0598
211.1413
434.1831
127.2990
280.1184
493.6181
171.4948
779.8229
547.1798
638.5915
480.5048
942.2393
923.1268
207.4003
120.0198
246.3172
300.6488
355.8562
574.9923
577.9361
259.2861
624.4453
451.1693
533.9488
634.5761
153.7328
892.0212
658.8482
410.6057
114.1716
447.7360
968.6644
428.7748
691.1697
752.2930
896.4801
237.9452
648.6119
178.2741
764.5628
801.4152
612.7953
380.3059
818.1365
193.8667
101.4442
930.5484
687.6759
728.1870
432.0755
205.9281
672.2743
708.3675
450.9691
199.7302
274.7190
68.5759
434.4264
704.2033
678.3457
293.0172
768.2222
480.6321
412.6144
138.1489
932.2623
422.7292
571.6017
474.1641
598.0518
928.4455
722.0699
671.8661
874.0932
818.4457
133.0061
580.1811
468.3281
929.2227
712.8715
853.8667
402.1112
506.0155
13.4269
454.5892
711.7511
565.6361
709.8118
429.7964
963.0135
294.4643
334.5153
529.1767
124.0883
292.4414
902.2802
810.1636
427.7718
84.2554
271.4994
137.1651
413.0641
997.1923
806.9594
301.2315
723.0295
377.3179
687.0455
635.8047
571.2480
90.6501
609.7799
765.7812
206.1669
693.8948
66.8605
941.6125
967.7408
563.6467
178.6533
190.0209
91.0227
894.5860
684.2315
904.1913
910.7372
714.0967
897.9202
794.7154
534.7096
411.6830
915.1820
725.0071
181.1687
878.3980
70.4232
512.3783
478.4174
882.4922
48.2672
20.6549
18.5541
399.2747
87.5864
211.0507
333.5496
302.4554
566.3240
313.1893
68.4812
96.9929
249.0526
230.0421
350.3697
227.1228
203.2210
580.2422
907.7468
240.8675
337.3214
1.0398
335.7709
438.2680
432.0615
614.1723
809.6521
799.3649
499.5391
232.3620
337.7985
591.7896
69.1500
781.7859
61.9102
200.8195
477.6512
177.3819
91.1240
812.3498
749.7759
145.1039
974.9780
706.0868
5.4021
747.9734
23.1495
839.7837
189.6494
938.0849
369.0980
151.9643
736.0597
928.8381
489.5366
964.1697
891.0531
894.6740
309.3136
604.4013
349.1985
517.4562
81.0854
125.8286
474.5465
264.3569
57.1703
791.0221
216.4897
241.0969
167.1739
596.6705
801.7749
659.2180
827.7117
95.3302
497.7553
519.8215
863.1689
481.0038
897.5374
342.7244
917.7606
835.6226
373.1612
123.1988
825.7097
613.3683
695.6902
382.6055
134.5249
202.3714
53.1571
335.7133
952.0750
57.9892
292.0926
162.0392
685.1369
126.1350
486.8295
826.0952
547.2768
347.1833
632.5411
247.6750
743.0180
879.5719
656.9617
174.4210
159.1003
194.4369
435.8544
53.0737
511.4517
74.1855
265.5145
189.7463
638.6815
940.5398
559.3527
222.9099
457.1986
571.5288
495.0655
628.0834
437.3003
797.6938
827.3866
858.8984
184.0720
708.7462
190.7216
262.1038
604.2532
956.9272
423.6863
825.8314
976.8167
39.9248
166.0578
518.7494
281.7252
166.1017
469.8707
218.8503
641.6518
635.0992
843.5587
474.7267
728.0886
581.4023
52.6175
657.9684
741.6792
153.0401
258.3008
653.6531
841.3615
661.4618
589.4516
388.4993
251.4499
463.3976
754.2841
903.4208
520.4596
405.3902
689.0334
481.7662
287.8517
295.5070
893.8356
160.6781
780.9524
782.3275
747.0092
150.5851
705.6146
65.2690
174.5495
348.4330
461.5662
899.6731
55.0415
333.2847
235.0239
727.2373
591.8678
664.6770
908.3980
255.5821
781.8901
671.5851
918.4441
61.9831
947.1726
526.9699
546.9168
881.9609
247.5789
333.9042
96.7629
316.5613
193.4272
431.2427
836.8508
656.2549
598.9820
512.8976
241.3595
156.2291
373.2027
761.1090
120.2848
263.1051
836.5294
296.9679
177.1933
492.2949
942.2505
138.3163
605.9397
937.9341
92.9512
259.4495
252.3972
965.0462
229.1515
52.0934
643.9263
763.5485
414.8754
556.0768
428.8275
766.5906
273.3178
241.3996
980.8095
947.5982
22.3200
555.5606
205.4978
797.3821
899.9971
437.7422
694.7481
620.9571
980.8022
762.4604
646.6347
743.7658
849.4539
929.5572
361.7934
985.4443
53.0369
268.1883
572.8766
635.3514
273.8022
872.1819
360.1758
884.3006
545.1160
768.8730
483.9309
143.0220
863.4167
228.8775
252.3459
540.1252
124.1615
245.4262
33.6596
914.1132
82.7013
103.5172
259.8561
274.1265
590.8844
9.1526
845.2171
705.4695
217.3057
208.3833
433.6116
903.3553
874.3038
159.9661
528.3865
679.3816
176.1914
960.2634
328.7029
852.5265
756.7949
441.9606
967.9990
320.8495
912.4185
445.3446
721.3971
326.0488
879.4572
459.2983
366.0695
852.5706
378.1949
681.6757
107.6613
443.7601
322.7324
214.1686
694.5900
523.4123
562.7581
530.5269
689.3021
681.8580
994.3518
678.7692
246.6813
547.6568
820.6262
292.7718
313.8182
636.9281
940.0061
98.2926
642.9735
98.7184
236.3333
963.9096
97.0494
384.5082
551.4362
162.5131
308.1927
192.4451
463.1218
961.2734
981.5836
991.7469
330.1850
847.5904
729.7420
316.5149
176.0233
508.2199
876.5173
43.0647
499.7011
930.9163
211.3354
897.9348
127.7422
201.8431
291.5025
982.2830
778.4185
879.6879
952.1690
748.2261
960.7383
376.5600
421.3964
678.0490
970.4741
491.7725
754.0851
54.7894
151.6919
633.8066
728.4742
106.3742
702.7134
838.2432
469.2455
327.9161
810.3411
52.0932
88.4345
398.2309
609.6080
72.1579
682.0030
720.2618
326.2968
416.1315
73.9532
220.9172
56.9978
129.5362
510.3694
489.8318
538.4613
186.3362
408.8077
155.1754
803.9692
865.0875
945.7422
165.0338
365.4074
677.4949
228.6992
593.1649
957.8496
163.3150
192.7920
711.0764
652.7859
475.1106
30.3198
292.8865
553.8049
498.2361
495.8984
267.0965
513.9167
115.0036
270.5642
292.6633
513.5455
620.0191
911.3639
940.6733
855.8950
794.7112
927.0586
686.9961
472.0300
669.7316
393.4250
910.0662
698.3761
938.7628
576.2963
419.1188
636.6656
245.6693
633.9427
700.9086
12.2943
799.8435
5.4439
313.1516
42.6012
654.7851
454.4454
401.5977
830.5886
418.4129
587.9450
718.1940
741.3991
515.4998
721.9619
957.3470
23.8655
257.9411
190.8924
420.0846
662.6412
366.2896
125.0302
107.1408
597.0956
206.0362
875.9729
443.2529
403.7274
389.6325
501.5926
460.7751
781.6374
701.2595
580.9414
368.6734
918.7956
437.6787
104.0784
495.9032
751.3988
323.0356
790.6932
876.9798
547.9996
647.3724
707.8679
267.3848
141.4232
867.0569
553.5947
874.8294
400.1497
238.2110
4.8516
809.9268
901.0293
516.2247
479.1721
125.5129
813.7820
509.4589
723.2193
551.2586
489.1835
492.0364
165.3487
601.6540
122.4484
520.8860
396.9512
780.6702
361.0509
761.9990
941.7408
10.7007
782.1148
984.8710
614.4586
445.2359
606.7966
332.6947
864.7939
348.0710
45.9950
207.9404
614.6282
36.2522
925.7306
917.0798
6.0359
881.8513
99.9846
273.0988
844.7238
487.0132
109.5129
164.7977
896.0911
177.5364
303.3558
134.5664
743.4962
485.6104
325.2312
916.9350
490.2863
612.4007
332.5071
992.4311
947.0562
734.0250
281.6035
539.5861
66.3375
681.4432
524.0207
439.8868
419.4810
890.7222
256.9982
997.3507
944.3494
603.7884
138.7559
832.1666
999.6723
45.0865
163.2091
883.1257
880.4418
151.1534
258.2673
415.9832
250.7718
695.9756
115.1742
17.5900
557.2128
759.0504
559.2316
550.3759
530.7560
875.0324
768.4564
990.9492
809.5098
690.0661
466.2282
598.3318
879.4207
817.9859
577.4723
714.1683
135.2564
120.6125
850.7095
208.8858
468.4537
489.7645
286.9934
636.5939
388.3807
752.3903
467.0556
752.3691
399.5619
101.4043
741.7582
851.9778
792.9657
53.8937
511.8009
676.0164
651.9548
303.0349
544.3711
898.2084
11.3502
508.5237
759.8182
927.8273
691.0571
849.0557
82.8351
404.0594
625.2156
321.7716
869.8927
97.2392
182.1624
349.8786
70.5351
636.5291
844.4242
770.2202
53.3562
846.3697
556.6748
681.2143
246.1013
806.1381
687.7607
305.6237
805.1523
780.4456
110.5641
592.3008
797.9325
422.4615
733.6625
991.9517
233.7729
195.9116
804.3761
458.4527
742.2245
674.4464
571.4619
133.0981
669.7499
439.3590
594.5608
963.3265
122.8447
844.5368
824.4153
436.5440
11.4202
951.2290
788.2694
684.8912
302.1205
65.9220
308.1649
870.8286
523.8338
996.0338
593.5905
89.3553
178.8627
803.5376
934.5077
713.8728
540.5027
749.1038
694.7333
858.8752
954.6499
366.3566
212.7164
610.2275
975.9195
403.7515
895.9894
342.5038
95.3352
796.1961
705.7748
634.2464
535.9386
264.7959
679.2804
364.2198
0.5927
849.2798
99.4491
701.8447
502.9300
162.0164
304.2290
70.5782
130.7456
634.4575
574.6224
399.6720
485.4355
444.6645
830.3470
212.6238
955.1689
524.2808
487.1325
38.5957
927.8131
193.4138
77.5052
466.8248
732.1178
9.8447
894.3707
817.8105
180.5395
591.8413
843.7784
291.7544
314.1997
739.1523
336.5424
616.2774
391.1946
30.8746
709.3477
996.2204
36.9440
811.3984
712.7262
235.6005
748.8058
43.3171
944.1681
141.2749
665.1914
675.1412
627.6689
236.0216
922.4562
181.7084
45.2585
342.5746
424.5628
208.1984
36.9075
973.5526
437.9582
380.1309
750.8705
880.3113
103.9433
613.0313
782.0428
116.1430
348.6494
642.2452
567.0506
369.3237
996.5135
286.8413
717.5048
995.5032
185.3922
744.2442
6.2443
202.8159
680.4576
859.4982
774.2533
891.8893
451.5079
149.9321
358.2542
751.3192
166.6019
158.2827
387.5913
300.6232
225.4187
11.1860
302.4197
806.4567
398.0550
644.5427
327.9639
65.6281
303.1090
296.2399
326.3602
809.6618
378.9383
831.1109
417.3408
986.5593
312.3284
515.9460
792.9522
825.3852
589.1474
458.0786
353.6859
815.0251
783.3072
723.4507
851.7462
896.0196
287.5518
879.0789
330.1921
186.8630
564.3087
791.0953
377.0401
744.3482
685.1934
551.1997
834.0982
679.4243
817.1151
32.2849
27.3473
26.3413
665.4330
588.0113
717.2220
952.8101
108.5567
972.9981
423.0829
485.3772
297.0506
940.8534
804.5016
547.2696
859.9297
131.7961
260.0201
488.6311
949.9018
118.4767
505.2931
542.3898
578.1189
664.8146
517.2764
682.6020
728.9168
732.7761
967.2330
279.3517
868.4604
2.1457
223.7519
243.0218
838.1809
815.7748
868.2873
401.3485
640.4637
82.7061
549.5509
426.1952
563.4981
703.8624
479.8671
890.9281
627.2609
941.2677
268.3051
333.5330
697.3246
192.4198
467.6251
133.0018
447.6987
895.0212
962.9738
105.7789
141.6335
940.2416
14.7915
626.0907
885.3543
160.7992
728.7835
567.5375
254.3793
660.4277
668.9391
881.1303
963.1349
498.3881
833.3846
962.3340
302.5146
130.1317
395.7139
469.0098
887.3922
912.8577
222.0062
959.3444
461.0217
963.5203
326.6788
25.4131
666.5829
832.6124
90.2797
734.0936
464.6331
771.3685
386.6211
165.9882
53.5197
81.0514
594.6619
933.8488
119.6072
401.5608
346.9694
497.3409
726.1839
491.0077
954.8503
416.1903
304.8222
797.0434
879.7799
5.2650
133.7746
266.0718
40.2006
58.9755
836.7349
475.2255
538.5843
830.9385
949.1890
702.1451
624.8630
858.1236
1.8364
860.1954
236.4799
920.3035
166.9555
488.9563
282.7443
532.3302
342.5003
679.9971
590.1952
435.5841
416.1005
684.4357
967.2307
421.9306
617.6919
749.6715
343.0855
474.1638
121.2346
515.3994
328.7711
893.2825
718.3765
996.1401
915.8166
923.3699
273.8235
233.3131
719.7161
676.6657
195.9573
278.4345
718.1754
105.0003
91.2122
165.2424
114.0218
300.9399
223.5746
498.8808
562.6076
570.9884
683.3221
597.6984
468.8986
630.4878
492.0517
439.8538
919.1631
852.8885
416.3687
1.2436
445.9802
603.1505
463.6473
937.9046
621.4312
580.3754
829.9261
460.9676
384.5870
108.3042
914.9808
233.3472
250.1018
883.7881
757.6166
413.5218
642.8968
773.2557
302.8880
177.2388
370.8035
330.1851
552.3941
494.6302
423.0288
461.9415
28.2336
600.0673
379.1031
872.0727
555.4503
527.0665
302.7870
691.3549
762.2873
367.5473
559.7483
647.2878
337.8272
288.7155
203.0349
863.2160
38.4057
949.3371
247.9170
161.4970
529.6081
480.6307
932.4091
557.0832
834.9576
721.6524
983.0628
321.2891
919.4345
592.9412
286.1441
471.7805
318.1203
899.6682
219.0722
611.6788
125.3261
728.7573
295.5984
434.1001
783.7999
917.3411
420.9422
339.8022
389.1698
490.7146
725.9634
60.6269
185.6665
626.9013
787.6070
407.2272
550.4801
122.5761
476.2653
784.0342
571.2254
523.7930
641.2933
370.5021
775.4171
908.4420
636.3265
264.0456
900.0186
629.8009
131.5929
122.0393
288.9518
136.1192
605.9848
444.4176
788.6227
967.9120
825.8437
193.1527
431.3920
810.7505
712.5718
432.4191
599.0374
813.4177
282.7213
417.8778
670.9101
668.9519
573.3204
413.6574
166.7819
257.8114
212.0891
416.1862
728.9613
768.8859
229.6559
121.7425
6.3592
547.8366
948.1141
640.3700
613.6631
958.7355
484.0148
452.7787
620.4949
363.1466
555.3860
244.5802
435.6390
219.1495
43.7827
465.4107
175.5260
210.7761
80.1733
883.5937
347.3354
409.3084
568.1187
253.0886
387.8719
586.2855
469.4789
643.2661
559.6808
805.1861
723.6362
575.4468
40.5980
518.7587
143.3927
148.7546
914.5265
642.6507
476.0604
281.4911
403.7562
57.1674
66.7804
278.2207
735.3341
260.9101
203.6453
486.4324
231.2075
774.4025
158.8158
340.0518
573.3258
541.8883
880.5611
355.5229
782.0993
365.0068
596.1402
504.4305
92.2102
987.5288
717.3171
198.5454
194.3424
803.3055
662.6133
821.0664
369.3599
724.1324
523.6348
605.6654
37.9667
168.8732
851.8053
40.6127
406.7492
223.7237
226.7834
708.2589
256.6685
310.2790
874.7738
487.6115
15.9499
316.1215
904.5251
842.2334
170.7685
250.3987
496.7202
44.1606
685.8255
400.3494
991.5262
471.5636
860.9510
125.3789
471.5457
821.8148
767.7223
716.8079
930.5244
520.5215
394.7389
196.8101
622.6715
759.2074
573.7889
668.9890
159.2629
797.4078
902.7335
657.1422
265.2534
414.7961
397.1954
114.2716
278.1896
329.8976
724.2017
992.7012
768.5099
510.5561
674.6796
546.0819
311.5971
941.5321
999.2202
557.6045
57.1153
405.7290
950.4018
451.3171
47.8721
479.8709
304.3769
826.1719
605.9466
226.1019
54.7307
884.7632
817.4206
565.0823
621.8548
698.6871
581.5169
633.0746
223.1522
925.6824
942.3607
980.0461
814.9267
131.5320
461.7520
787.7009
158.7477
665.2650
570.7265
270.7996
810.5160
362.7940
976.6138
371.7482
117.6661
800.2910
858.3610
572.4730
563.9261
891.1647
986.8142
860.9743
626.7104
222.4123
819.1936
367.8260
819.9270
537.6511
130.7695
89.4582
919.8498
650.9010
533.7697
125.7951
259.5958
491.5617
661.3319
884.6983
331.8292
279.2046
612.1656
712.0985
530.1081
862.2822
902.9618
568.5542
398.6320
395.2855
785.4882
883.1171
294.8998
531.1788
600.6404
370.8677
640.9821
372.0609
277.3608
153.8666
903.5700
807.1702
796.6443
913.1553
995.8575
826.9549
579.3964
553.9706
631.5943
128.8470
754.3582
95.7872
896.9071
535.9301
745.7255
615.0088
247.4027
912.7917
988.9280
330.3341
903.8669
242.1389
718.1706
532.4866
239.2105
940.1337
30.1609
380.8379
946.2967
994.6114
442.1762
355.2436
425.5210
679.3378
273.7102
657.6329
258.3266
880.0674
562.1891
891.7010
606.7864
319.7933
451.0084
835.8288
911.5833
129.1821
925.5043
183.8048
192.2438
76.0030
752.8496
905.7282
334.2583
874.1889
669.0181
125.3111
951.3594
107.4955
535.0529
523.1254
162.0359
353.1472
556.9113
468.6995
712.1084
416.7674
207.1105
679.1998
682.5921
664.5878
980.4015
160.1996
774.6907
747.1872
701.9286
674.4867
435.3198
471.9896
223.6218
88.5421
0.0597
649.9269
757.1133
251.5386
792.6278
45.4318
303.4666
607.2567
232.9548
52.8174
29.8622
266.8010
99.3882
220.3780
916.2101
889.4927
879.9624
955.8315
28.2330
369.2090
543.8545
3.6025
932.8020
353.7361
251.3357
81.1694
850.0941
859.7174
638.1813
379.4201
97.6478
222.2940
678.7930
600.9427
369.8056
781.8620
380.6290
750.6791
129.0871
837.8604
807.0648
470.8254
734.0507
478.4208
826.6492
462.0174
655.4686
399.4805
344.0416
410.6463
34.2177
359.4359
137.0934
341.4361
682.8349
495.7805
600.2199
661.7621
675.4613
110.5093
159.9356
397.2663
407.1872
71.5937
456.1073
894.5437
294.7219
988.4604
473.0935
639.9312
429.6798
872.0222
17.6076
573.2404
490.9591
334.1850
641.7507
186.5037
511.3318
85.2174
893.2693
445.6518
193.2411
690.9036
94.7218
872.1104
877.7073
138.8315
129.2529
937.5586
960.1709
707.2426
290.6429
169.2909
821.1330
325.4074
500.1598
940.8220
416.7947
327.9102
774.4253
601.4935
840.1504
992.4955
833.7767
375.8181
815.6835
139.7718
162.6113
23.0909
542.3231
983.9239
369.2830
179.6103
362.7555
532.8699
71.0295
259.8734
843.8817
36.2944
250.4388
195.2380
375.9466
495.0198
392.8177
862.3386
403.4086
298.5993
467.6728
619.2858
557.2905
534.7577
567.6224
963.4080
685.7452
723.9781
814.5474
171.8725
33.6295
20.8339
240.6555
854.3713
815.7548
918.6114
635.7936
179.2451
962.5391
196.4555
166.5816
177.2307
343.8210
885.4761
963.5936
170.9879
375.0072
230.8518
772.0921
2.2926
166.5671
290.1770
653.5615
725.5270
949.1604
201.5104
911.5973
34.8881
623.7571
795.3125
885.0509
605.2138
600.6641
899.8017
508.2065
363.0808
153.0677
243.6343
290.7476
919.0113
575.1452
561.7108
132.6013
138.0928
653.1016
759.6851
999.5814
585.1311
989.3720
40.9949
510.8874
534.0332
679.5207
227.6223
153.7136
153.9530
579.5162
621.3149
523.9803
58.8205
90.2463
920.3911
378.4462
301.8515
411.8033
977.2736
379.7481
887.5819
647.3027
495.7799
677.9963
485.5632
766.5100
831.9774
259.3577
792.0259
706.9067
314.2932
675.7319
822.9151
881.6565
844.3138
339.8810
477.7938
665.6772
578.4179
835.2902
826.8260
960.7412
388.9039
628.7644
467.4517
236.1078
976.5699
462.5597
226.7434
17.2211
617.8578
138.8456
3.8446
23.3033
784.5409
47.8700
51.1431
960.7358
986.6733
561.1864
221.8524
474.9801
534.0175
494.9708
85.4316
305.4964
377.8227
949.2938
879.7074
597.6068
800.3531
514.5835
796.5292
928.0283
556.6936
306.2699
203.1417
116.4508
7.6688
145.8458
169.5227
974.1496
853.1657
643.4417
628.6818
832.0238
530.2330
72.1311
171.1114
422.1874
397.8162
150.5191
526.6850
72.9253
532.3819
229.1523
787.9518
967.1223
731.2494
208.0155
214.0399
87.2117
31.8791
592.3222
445.9324
361.3225
673.3329
172.6975
832.4988
585.2574
427.0293
116.7893
907.7210
852.7877
715.4916
670.7346
912.9197
587.4071
366.4332
101.5748
786.3528
161.1809
532.1003
354.7524
235.9476
720.5127
557.6070
633.0365
406.3547
311.5500
431.5957
931.0083
495.3075
536.3624
843.2011
808.8615
492.7429
386.0464
439.3451
264.3859
227.4224
292.4765
220.7313
497.3257
904.8511
363.0154
599.9254
306.3115
619.0319
449.2597
528.2580
429.5999
862.8781
212.1205
491.2987
175.4500
708.9634
628.5853
284.4318
393.7240
714.6508
433.8479
864.1808
331.6240
147.9195
582.9757
629.7052
94.2196
544.8288
113.8154
278.2825
287.0818
287.2235
288.2202
826.0430
349.5397
828.3628
718.0364
6.0589
469.0002
274.2956
676.8102
953.7056
882.0509
388.7935
538.9661
134.1277
768.6921
795.6487
916.8045
780.3781
840.3812
972.6978
449.3048
297.5281
128.3925
218.0670
460.3381
634.7521
146.3643
237.2658
991.3373
75.8770
865.7112
109.2356
332.8791
125.5631
495.7909
627.2157
198.9248
715.2509
987.2696
788.5074
7.8493
119.8759
426.1367
437.1337
423.2909
485.5869
662.9509
545.1484
743.3351
746.5953
127.1292
76.6509
257.1663
975.9809
227.6449
895.7208
595.2919
530.8009
943.0187
790.3457
92.8216
780.0390
275.0929
595.5621
572.6372
203.0163
897.3338
700.8912
277.9651
955.3474
533.0898
279.8015
55.6294
254.6990
61.4364
995.4634
579.8922
623.4722
595.0980
140.2695
93.1123
278.7575
48.8220
423.9983
953.9751
924.1251
603.2169
88.9056
460.3382
957.4575
309.1303
202.5491
612.2772
845.0807
827.7006
16.1102
510.9153
998.8859
678.4626
291.8892
227.2130
480.0752
69.1224
875.6121
456.1784
942.7411
874.0247
467.7144
344.4280
313.1880
854.1977
88.6572
134.2134
672.0017
772.2813
741.9762
185.2304
145.5210
374.9342
830.1298
452.9677
221.4920
413.3863
51.6955
272.6153
552.0306
682.4757
602.5606
791.4715
491.2218
967.5632
593.2712
316.7793
954.3101
739.5603
793.1257
596.9215
824.0238
403.2994
443.5866
992.8159
191.7494
186.7002
644.6800
982.4728
619.0226
846.0472
170.0796
76.0261
447.7907
694.1902
150.3721
631.8745
183.5620
0.0064
471.0215
519.4348
226.0870
153.2076
542.4431
528.6640
566.1573
725.9295
229.3137
688.3165
248.5520
223.3567
503.5855
397.7700
997.9532
146.4862
453.5913
261.1371
191.0053
823.9737
864.7880
182.7412
134.5208
527.1911
944.9570
399.9770
315.8723
768.4241
502.2165
825.6656
941.7658
209.3131
828.0814
609.7143
813.9029
647.4125
775.6890
500.8334
407.7722
77.0356
840.3991
746.6699
510.5660
684.5663
700.8946
955.2985
414.9526
652.8090
746.7006
798.8713
244.6386
279.0304
748.6340
751.8310
298.6442
747.5452
693.4853
174.4449
895.3196
60.3650
805.7144
816.0629
890.5487
274.1410
355.5588
357.3769
897.9804
67.7927
88.6982
835.6414
130.5497
909.3589
369.9741
421.5165
87.2362
405.6685
257.8651
335.9183
664.6835
685.6720
393.9619
766.4253
939.5546
581.1904
53.2246
313.6624
10.6450
15.0629
605.4407
636.3707
41.2081
122.7639
397.5615
951.7871
45.3214
896.5003
309.4357
248.5161
480.9287
791.1433
780.9557
396.7685
330.6096
595.4189
788.0830
14.6174
570.4655
69.5619
406.8482
914.2393
84.5442
495.3314
990.2235
160.0537
403.0179
202.9419
291.8355
685.6052
186.0756
504.2475
451.5551
275.2567
876.1383
594.5651
799.6170
436.0907
341.9482
734.5877
537.1335
974.4964
583.5494
275.9232
377.7759
847.3854
460.1906
574.7327
636.2178
593.7121
327.6655
819.0953
570.5535
4.9114
616.9096
745.5810
782.9657
823.5627
621.5824
856.8243
728.3613
864.9978
975.8819
847.1914
907.6336
643.5928
138.2493
176.0751
122.3369
531.9250
39.1205
805.7518
828.4991
600.3304
603.3737
517.9856
122.0789
272.3431
289.3916
431.9503
278.3070
85.9875
893.5748
831.8399
407.0930
407.3228
673.7203
451.5428
993.8974
679.6585
166.9009
816.1503
358.2189
62.5748
729.0279
581.3745
913.8716
558.1454
538.9073
805.3680
294.6684
747.9717
218.6997
568.7244
586.1218
816.2968
836.0709
466.3780
235.0631
189.7691
783.6927
916.3789
706.5019
125.6542
397.3425
869.3184
121.2162
786.4243
124.4679
677.6726
304.0879
7.7162
658.3465
743.1420
584.9251
676.5139
236.0552
970.7837
637.4956
493.7855
105.0076
868.2897
36.2682
748.0967
385.6973
606.2599
560.0165
183.5082
330.1701
616.1002
601.1558
438.9639
343.5498
769.3078
915.4825
479.5568
8.1413
405.4155
603.0189
927.3414
271.0753
949.4066
180.7618
780.4479
396.1823
16.2505
213.0627
766.9410
458.5004
332.1831
809.6184
637.3152
950.7465
160.9847
391.6419
769.7698
678.1953
229.9526
425.6783
307.8740
445.3968
513.7686
355.9134
911.0770
86.6123
908.6830
260.2749
285.1423
28.6367
992.0903
755.0712
237.9230
962.7310
130.7358
582.8535
547.8553
170.7390
583.7567
536.8101
573.9895
205.5276
11.6730
860.4070
401.6719
257.9086
985.6054
241.1490
435.3433
66.0448
451.8385
739.7203
116.9088
452.5845
97.9380
843.0343
990.0166
955.6634
379.3280
401.6631
890.7384
289.7899
749.4724
568.4533
695.3773
303.6427
306.2962
923.9773
356.6182
95.8505
99.7779
703.5747
567.7873
856.5532
126.3568
989.0129
306.9352
167.3032
134.0809
807.1561
653.3645
657.7002
146.3085
883.5284
756.0170
806.9131
658.6812
215.2909
771.5520
530.7727
976.9604
533.1447
577.8365
873.7452
189.4226
852.3279
304.1642
494.9301
164.1701
262.2211
57.2154
855.7903
749.7163
944.7795
546.3916
149.5623
941.3486
456.7961
722.8690
129.0697
629.8230
368.3188
404.5072
856.3719
854.9512
254.4569
913.2496
336.1991
636.3837
907.7495
456.5775
986.4388
3.2508
110.5204
131.2440
552.4755
648.5677
649.7143
847.0717
533.7885
39.8707
507.2805
199.5615
363.1625
308.2850
962.6837
882.1435
827.6301
840.6983
861.3859
530.8295
27.9895
153.1070
741.4794
846.5299
211.6141
684.5778
90.3596
261.8488
197.8013
655.1206
668.1037
741.1229
257.9488
748.7012
929.5306
226.2131
680.8473
412.8559
697.5060
739.6778
385.0978
191.7464
4.3888
306.3880
735.7680
575.4315
239.6314
234.0157
595.1123
580.8299
514.3287
388.2548
890.7310
601.8013
764.9316
573.8590
801.7603
348.3458
189.8991
279.6373
197.0952
459.9024
415.4986
399.6286
320.7722
21.5708
282.8231
35.1353
797.5346
704.6600
732.7180
588.3306
974.2135
308.5037
153.1771
463.2726
997.9365
698.1482
704.5888
566.0870
797.4842
176.6520
494.3896
149.8286
614.3239
697.6553
658.6332
210.7162
340.4092
194.7398
892.6184
857.8646
26.8385
981.6444
587.2520
419.7562
287.1482
367.1705
367.9562
972.7352
953.4380
601.3119
790.1679
484.3293
673.2766
168.7040
805.7360
777.5798
849.9504
371.1047
274.0468
716.3682
265.6465
561.4028
538.9770
428.0407
863.9307
821.6195
752.3021
170.6338
573.0153
558.6616
744.5951
763.6219
880.5520
718.2856
544.4606
25.4399
932.5994
456.4217
474.3556
73.7343
875.3154
807.1647
781.1258
499.9616
783.8203
935.6549
982.7525
550.3227
663.2136
937.9015
645.9198
985.4558
594.6053
222.4812
529.3889
423.3368
492.4454
349.6391
771.8475
198.9689
120.7978
337.8073
88.6856
703.5587
225.3367
159.0349
32.4733
184.3632
803.3964
639.4620
139.7586
21.4244
372.8340
970.0698
181.6344
335.9268
284.8989
165.3755
682.5701
99.4434
547.8635
18.8654
142.4422
371.0869
402.0105
204.2154
408.3833
829.1691
296.0059
134.1253
912.4225
607.3210
357.1728
779.0092
803.6096
694.9118
963.2623
377.7419
284.9874
118.9316
848.9489
488.5303
608.5640
668.1245
983.7083
137.3513
292.5928
990.5623
679.7244
544.5057
0.1089
485.6821
680.8083
626.5588
96.3821
493.3020
812.6726
953.5488
257.8624
288.7252
903.1585
279.9204
365.2234
998.7193
974.7065
849.6062
903.0225
749.8164
447.8461
240.7194
606.3551
778.4317
367.9767
537.9352
564.8941
501.5898
519.3558
427.3277
969.1949
87.0447
584.4711
470.3206
224.5947
114.3193
96.2729
45.4380
972.4006
365.3189
438.0426
913.3156
916.5992
55.5894
105.3170
569.2985
389.7536
612.7275
771.0772
3.3466
131.7674
894.9583
90.4957
704.5760
882.2587
846.9305
88.7395
624.0158
990.6675
136.4772
585.9973
586.8544
485.8076
306.1257
301.1265
667.0599
70.9586
728.5014
237.2151
997.1715
927.3668
393.6810
992.7259
925.0338
262.3761
654.5914
342.5262
227.3722
750.7752
529.5834
268.6770
350.5754
568.9323
619.8749
576.9486
531.0739
283.5392
164.8782
820.1520
266.0785
259.6304
284.7081
222.6407
756.1400
428.1325
871.0224
936.2025
210.5918
749.5118
341.1267
383.6934
436.1185
63.7344
682.3526
426.3347
373.5704
376.9113
926.3839
359.9235
669.0407
36.4021
179.1254
613.5877
839.8023
641.3646
317.6865
915.7473
345.2353
202.3829
949.4805
18.2025
644.7127
819.1614
484.3555
155.8942
954.2647
481.5724
243.4196
729.7071
9.5283
732.8253
680.6908
349.0160
762.6001
238.7307
7.1579
263.2831
161.9699
989.8890
912.5033
603.0569
24.9720
544.7900
562.9948
449.9109
770.1592
965.6724
939.5415
763.4364
945.9918
633.1852
577.8193
100.3710
58.2870
937.1569
907.9615
766.0515
213.0542
939.2314
399.8154
183.5393
418.1463
732.5309
419.7466
468.5247
533.9601
427.2003
261.5168
671.4113
690.2523
685.6636
852.8596
244.5713
125.9680
160.1811
493.6457
274.0007
378.9862
144.8039
223.5610
731.2510
342.6396
601.3421
122.8420
898.9438
219.8097
694.0017
25.6033
196.6270
465.8212
982.2503
919.3499
689.3279
338.1066
179.0577
373.2093
286.5852
17.0020
710.4585
371.9094
156.2252
35.9389
334.0759
907.5085
611.2414
196.6509
562.4086
283.4349
371.9142
884.8267
35.0695
26.2322
708.4975
899.7071
694.4035
216.4021
172.5364
229.2291
407.2997
84.2564
681.7699
765.5074
500.3430
208.7302
4.0911
245.6357
44.2367
484.5995
632.1957
384.4050
632.9313
893.3113
446.2629
386.6610
284.7825
828.0182
16.4093
448.5450
103.9466
388.2435
43.0120
40.5518
382.5634
660.1338
705.6323
672.7517
790.9175
756.2911
157.0919
47.4313
691.5587
959.6806
872.4462
559.6566
150.2381
662.0894
80.3372
789.9156
928.0865
363.3568
850.9099
399.2744
358.7857
750.4691
167.8999
65.0031
909.4440
103.0850
853.5560
916.6175
483.3921
32.2199
619.8876
535.9673
53.9844
486.0670
6.8571
71.1854
973.9825
631.6039
512.2608
182.5097
969.7686
125.4253
751.5920
214.9810
139.3264
179.7956
97.7229
430.0298
568.8091
342.7876
611.3822
738.7181
874.7503
288.3575
722.8914
765.8265
88.2657
770.2713
742.1077
765.6545
552.7195
560.0234
364.3472
545.8148
463.1990
762.2031
651.5519
406.8742
739.1251
251.2066
530.0915
484.1775
284.8200
895.5483
224.5020
929.1336
904.0675
212.3094
112.2799
22.8249
420.7244
22.2054
979.7887
115.4318
520.1864
177.8480
541.9216
320.1132
640.1244
41.5179
487.2964
243.1655
192.4170
474.5445
657.9991
983.2101
421.7286
76.6503
730.5691
888.4499
451.9402
539.3431
151.6467
646.2100
249.9409
504.9151
70.5639
878.6567
568.6259
138.2291
531.1712
771.1703
872.3281
938.0530
924.3713
398.0417
837.9324
376.7139
230.4286
576.5726
640.2999
364.7454
65.8472
558.7891
853.1927
736.0814
318.5937
818.2707
804.9915
320.3417
166.9238
554.9594
779.4674
372.6336
338.2469
272.0589
818.9658
435.2070
145.0271
398.7974
875.8279
729.7617
640.1266
132.8924
113.9353
789.5498
496.5511
596.0983
126.6300
2.8501
59.6122
903.4778
707.4454
762.9503
211.6549
614.8792
662.9315
951.6484
819.4291
753.2448
96.5190
947.4076
333.3081
993.0326
819.3927
56.6750
154.9479
766.4784
867.7118
593.2201
804.0519
478.4355
775.8055
464.3546
657.5127
941.4834
155.1668
908.8978
377.9241
300.4637
403.5110
480.2089
116.8202
607.2317
778.1421
907.7683
471.3974
718.0198
684.5401
676.0262
585.3152
276.9035
235.7774
37.9691
566.1575
66.6971
594.1295
999.3885
212.2233
628.0763
278.9718
415.5704
611.7278
555.4815
761.5005
388.2830
867.0617
913.1061
806.0037
470.8598
578.7491
72.0400
206.2666
524.8784
156.8932
113.9347
641.7514
926.6851
490.6694
647.6877
53.1093
271.1500
325.7422
74.3462
82.7514
943.0375
748.5944
217.7345
675.3327
412.4816
95.4789
832.1998
245.0308
988.9137
4.2802
283.1633
194.4139
327.7975
274.6708
644.0461
20.6873
936.3046
490.8339
384.0661
952.6914
294.1944
886.5595
898.5496
698.0036
196.5327
504.7610
453.4782
597.2062
323.8110
617.2212
253.7535
36.7512
976.2893
325.5910
424.9009
515.0037
969.0308
654.9663
17.9333
820.4770
713.4363
339.6276
327.3375
284.1582
719.6211
934.1675
490.8602
369.2148
978.7448
792.9691
352.1473
949.6543
221.2954
511.7458
690.3381
892.9508
973.9890
532.4787
52.9446
692.1080
52.7968
274.3961
887.7471
495.5791
627.3344
892.1008
515.1018
44.9050
752.5527
895.8561
473.9564
566.3567
924.0719
5.0725
456.8037
269.5109
706.7605
305.1271
17.7296
246.7060
115.8560
350.4278
148.4477
258.8833
630.8221
232.7980
934.7837
818.3229
668.5141
864.3689
799.8129
280.8629
840.3333
827.7662
301.8574
32.1615
762.5869
293.1565
330.8927
768.1477
162.6655
945.8246
874.1056
373.2015
908.0741
53.0069
392.6402
929.7209
522.4324
773.0870
852.0730
290.5500
287.5303
746.2618
941.0735
976.7676
203.8677
833.8938
544.9279
733.5340
979.3883
549.0967
505.3451
73.3061
301.4379
361.1254
721.6173
918.5223
981.8050
55.7261
369.7261
554.5301
991.9235
60.6188
533.2843
445.2993
999.1605
12.1259
975.2366
244.8119
695.3381
615.8276
881.6353
366.7128
185.9203
564.2493
816.2091
745.9432
753.4710
971.6905
716.3092
72.0149
985.7912
262.0619
538.1992
973.9035
104.6953
856.1643
475.0483
202.3733
918.9912
114.5292
397.1510
986.9738
258.6476
605.5686
249.8209
181.8295
504.3039
172.1114
608.0606
262.2670
583.9279
274.5985
66.0326
477.3958
340.5849
395.7520
20.9286
344.2564
791.6446
144.9622
691.5585
407.9458
235.0442
319.7813
555.0593
148.8284
582.8777
600.4607
329.8906
374.4266
147.4053
3.9230
67.8160
673.2152
147.8215
309.3954
354.5107
622.0427
283.2686
867.5685
25.7382
669.6552
987.6929
319.0829
705.6403
547.0971
229.4198
417.3492
26.7376
216.5536
757.9437
83.9397
827.4208
557.4371
454.9690
319.1987
496.1828
530.8555
600.4799
438.8910
81.6843
669.4901
48.0694
528.5883
181.1872
567.3096
65.9231
478.3384
944.1504
981.0602
44.8638
59.1879
102.5189
206.5423
141.8813
150.0418
492.5641
76.6652
420.4774
388.6724
570.5402
837.7302
603.7288
530.1700
406.4978
937.3133
256.9014
225.9594
623.4715
196.7881
544.2224
303.1004
364.2192
513.7886
434.0161
480.2887
607.1602
721.6529
748.3571
630.1460
348.0987
357.1324
787.5328
46.6922
939.6960
586.7973
686.6210
699.3759
542.0139
142.7970
686.7764
906.8700
861.5835
758.4267
237.3055
823.7648
904.6014
695.0507
826.0328
646.6461
45.8760
174.9764
860.9477
933.7713
594.2443
465.0484
218.5453
909.9365
138.9511
416.6913
585.1600
191.6105
849.1871
42.0961
790.6943
156.7348
746.8031
82.9748
383.0669
851.1653
317.4691
732.6231
896.6684
644.8961
178.6549
408.7724
91.0244
525.1454
952.5968
717.3540
934.0733
464.5680
304.1862
432.3891
957.0860
245.0068
230.2200
800.3370
677.9047
10.5122
867.7467
234.0848
695.0435
707.2543
619.2114
871.1517
578.9076
255.1018
972.0938
109.4407
733.2196
807.1808
108.7638
103.0236
469.9197
909.9031
246.6750
741.0025
546.3191
382.1201
511.7756
429.7952
315.1582
387.9128
478.3662
445.5970
437.8820
760.5644
78.0313
477.0918
466.3929
647.0102
481.9043
12.8964
517.1501
335.2623
82.6216
493.9436
850.2818
966.9567
430.3547
599.8446
891.4938
803.5904
590.6487
311.8375
83.6572
527.5818
42.4753
647.9129
397.6913
176.6215
394.8805
31.9929
0.1341
290.3516
433.4764
671.5320
455.9207
503.0002
938.0795
546.7156
403.3677
939.7534
840.8072
214.8927
711.1996
997.7876
407.3185
852.6209
293.6164
555.2684
406.8706
181.1494
177.3151
535.2286
574.0350
811.8081
760.6765
538.3136
634.7787
470.2242
129.5715
780.6700
320.8478
569.3904
866.3100
134.4261
687.3981
635.3545
527.1017
181.9511
813.1088
723.1791
901.0240
473.0813
100.0354
140.9597
663.6915
986.4173
152.6624
63.8319
362.7076
64.5861
540.6048
128.8287
976.8611
984.9042
436.7423
609.5329
6.9464
207.5566
945.3726
10.5817
266.1411
242.5836
380.0223
824.4666
499.0328
724.0549
638.1112
518.1110
329.5671
38.4651
894.7665
147.0570
251.2947
342.2201
224.2044
312.7960
550.7068
378.2471
177.7906
431.9650
134.1833
550.9895
771.2867
751.5017
36.6329
948.9274
371.5132
47.5150
252.2641
173.9940
242.7769
343.8820
449.9101
895.4732
520.8634
96.9916
681.4741
156.1051
210.3581
31.1809
284.6133
100.4539
823.6727
53.5856
590.6269
333.0769
425.6613
6.2591
1.1581
168.6761
962.1606
889.7127
234.1431
579.4338
306.5160
449.4883
841.5538
645.2790
813.2174
492.7188
333.3322
919.6810
132.7748
500.5015
174.7633
947.1309
164.6721
818.1553
8.4724
296.2552
12.7294
63.2243
200.7576
75.6921
210.2458
24.5506
705.7879
468.5025
431.4850
92.7926
92.6512
540.6595
242.0495
826.7962
903.4806
492.2028
475.3328
359.7780
890.3267
841.1357
289.7870
860.4578
421.2529
144.5635
443.7148
361.2148
182.7560
396.1825
383.7010
173.5326
138.9275
797.1467
753.2975
42.7236
932.8119
558.2518
603.8218
924.6215
589.3376
439.4243
728.4892
866.8262
730.5866
352.8537
246.8290
292.4424
363.4299
283.9267
306.1143
855.7969
121.5026
541.9403
232.0876
834.8015
649.3381
261.4853
695.0612
275.6374
7.8729
634.6785
833.5724
323.8170
747.2953
411.2038
867.8692
271.4238
459.8878
634.6373
170.7099
729.4668
0.1110
93.9340
234.7521
318.6557
103.8303
367.0256
812.4128
771.3982
693.0459
335.7724
18.0595
203.8519
50.1251
285.7734
2.1696
746.7191
295.3421
165.2563
144.6632
490.7490
162.7767
822.1237
438.7986
900.2391
587.4853
15.8949
530.8290
196.7082
224.4154
626.9058
817.7501
456.0606
695.4602
605.4300
456.3754
549.5899
342.5076
444.6790
570.6502
799.5641
258.0115
253.1534
82.3916
257.3203
198.6708
534.2959
372.4117
808.9809
340.0288
849.5999
531.4218
831.6100
322.0573
623.9526
445.4479
137.1203
380.6183
656.6922
63.9523
209.7547
368.5360
486.9760
355.7296
473.1281
92.2713
520.9033
389.2682
234.7061
348.6431
207.8955
396.0412
783.4522
884.2592
310.4382
211.7869
461.0479
866.4825
508.6895
226.6477
29.2121
204.0513
974.9129
571.7523
992.3570
24.3689
234.8448
229.0354
459.4520
490.6547
483.2293
86.7799
103.3445
335.4023
396.0674
880.0747
51.0834
559.5506
1.1152
459.4681
348.0629
196.1865
794.3038
690.5573
385.1419
795.4484
218.0254
455.4465
282.9333
211.7573
108.2611
75.9547
389.2127
127.3498
100.8345
488.0193
450.5790
322.3934
183.4074
930.2477
326.4728
443.2657
800.1987
92.9011
33.3321
459.4410
189.3637
550.1827
104.7642
119.5142
171.6800
323.4029
549.6506
688.3940
358.4980
811.7400
936.2166
456.8486
71.1886
371.5390
585.6930
666.5962
328.1358
637.4961
257.6080
154.0861
433.5582
313.3400
923.7898
438.7310
53.2736
647.0422
646.4518
630.8344
541.7559
557.9936
680.4826
309.4516
68.4618
5.4503
76.7810
780.1092
186.0030
980.5265
892.0850
902.4726
265.7289
492.6857
430.4920
533.8217
706.6423
694.9265
39.8736
531.3952
212.5285
654.2218
783.2888
744.3806
125.3996
12.1836
304.7884
544.6792
854.6890
30.5677
888.2913
536.4749
693.8761
706.7288
713.4976
105.8661
347.4126
809.1802
73.8737
366.8481
87.1462
928.7132
577.1081
644.6078
63.3798
465.1343
415.7900
978.3574
195.3459
825.9601
28.1468
388.0317
256.1719
229.0967
401.7838
432.0533
329.3179
882.0580
587.1649
396.3668
213.8096
945.9661
155.9010
59.8746
18.6504
89.0353
1.8355
676.9188
234.4837
961.5190
347.3637
810.8677
538.8476
83.6327
340.3636
434.0481
995.7794
100.5805
894.5070
576.3588
701.3022
849.9789
344.1136
496.1973
44.1017
810.8038
945.6054
878.8798
641.3314
562.5359
572.1451
677.2641
514.7403
624.2266
290.1682
234.1114
231.0176
257.8716
347.8143
759.7548
735.3791
29.1408
806.7046
387.8688
93.5388
930.7040
486.2004
891.6925
369.2502
432.8881
968.0574
823.5143
0.6398
248.8149
885.8252
68.6440
16.9265
445.3209
678.2780
7.1387
868.2844
457.2137
663.5607
52.4337
940.1734
925.8211
104.0195
49.7860
200.7316
725.0531
388.2047
546.9152
29.4695
521.8431
824.6415
97.4304
611.2378
238.2351
901.2539
866.3781
508.1849
143.3115
559.1142
962.9799
543.2952
558.7422
194.6096
567.4855
539.6466
230.4087
379.7544
950.3014
49.4308
525.5556
863.7281
39.6160
350.6029
308.6761
543.5268
138.6963
148.4715
594.3196
895.7739
336.3973
609.9108
341.2147
312.7381
949.5725
742.4613
506.5604
428.3380
493.9043
659.5952
263.1731
513.9170
306.6471
266.3170
68.0618
14.9219
202.7117
476.6154
991.5448
340.9887
77.9159
173.2841
320.5718
770.8257
829.0006
2.2435
122.7227
198.9344
986.5381
470.6247
956.9242
65.5745
120.0189
115.9972
873.4971
58.0780
710.0849
151.2783
499.7297
906.5876
398.0803
714.2318
178.9038
731.7823
321.9562
385.2133
655.2800
225.0282
163.3339
633.1622
543.3394
161.3987
949.9305
195.1815
977.5015
855.8205
687.9487
239.4330
928.0481
210.3608
93.9462
921.5674
630.2047
28.9175
459.1013
665.3957
286.5336
823.6420
33.2214
171.5050
905.5258
541.0896
714.7128
500.3953
752.6048
708.6369
234.4250
625.6270
459.3478
489.5286
991.6232
467.9935
977.5917
921.2557
347.6847
315.5400
308.2959
798.5630
959.8259
474.7969
638.3703
606.2904
79.6592
703.1792
470.1786
101.1003
239.6502
712.8921
508.4258
307.4744
988.5611
128.3289
703.0055
89.4564
458.3967
112.1317
26.2003
248.4682
626.2554
739.9960
519.4496
500.4647
430.9164
752.1704
843.5807
553.0243
417.8862
585.3636
187.4323
976.6217
177.4817
915.2500
235.8861
661.7959
181.2308
461.8275
430.3705
973.2659
609.2662
975.4115
959.2296
880.7289
969.8138
331.3297
477.0376
958.3278
723.0569
983.3453
242.9297
692.0963
932.5080
321.5660
591.3823
589.4635
863.4841
725.5761
948.6679
654.3820
802.5886
577.3565
450.2929
287.5915
597.3541
201.6078
362.0587
194.2419
588.0231
988.0261
997.9661
648.4899
363.1900
243.7175
36.1522
838.8406
472.9865
346.6291
491.7236
883.8362
170.8452
377.5658
510.7463
852.1515
821.8112
942.2096
816.8787
140.9811
601.0115
325.6570
551.4010
338.7889
141.0789
208.2611
575.5646
888.0802
203.1582
858.6267
343.9625
938.6681
543.3625
873.1119
263.5768
393.2644
201.4433
341.0185
951.8193
723.3490
705.4907
245.9002
161.8218
728.1839
798.5143
145.7206
965.3135
911.9404
78.3674
82.6118
841.2287
933.0292
827.7052
869.7848
731.0243
371.3922
430.2956
909.2710
793.1735
941.9037
397.0260
838.3685
7.1638
625.6567
349.2996
85.7557
949.4279
611.6103
468.1535
388.4917
594.0451
62.2357
464.8959
779.9128
378.5620
42.9016
884.0898
44.0897
637.1193
935.8742
681.9751
572.5433
777.6073
70.5534
321.9901
467.0914
967.5936
437.7726
340.9586
503.7777
25.4105
533.4371
555.9127
658.4731
636.0162
942.5868
333.6539
905.5012
379.4419
354.2626
241.9572
480.0380
127.1374
846.2826
925.8463
869.7931
861.1093
695.6595
914.3919
842.3080
576.4986
549.8781
951.4171
381.2243
634.9525
226.1904
70.6778
622.3672
823.6265
635.7426
542.9218
81.3657
354.9295
469.2708
61.7187
522.7215
570.0411
752.2755
937.1997
589.4872
258.7522
270.4491
887.1038
516.2278
971.5339
476.7605
556.5021
815.2320
623.1114
200.4561
124.3004
347.3152
166.2525
840.4047
647.9505
332.1912
778.4267
267.6281
715.6700
607.6935
918.1606
529.3888
137.2256
821.8129
445.9820
681.7021
599.6064
684.2807
940.3384
807.1010
481.4610
722.6449
635.1737
634.8372
686.3104
280.3414
33.1693
654.3042
441.2643
990.7575
678.3817
900.6943
687.8238
452.3897
922.9537
847.2789
827.1551
528.7396
711.1849
762.3673
693.8379
75.5205
493.0994
278.2207
466.9883
327.7902
499.8778
30.3415
833.4984
118.1113
709.3719
865.4106
188.9552
352.6289
314.8913
466.3183
86.3490
35.6692
872.7899
256.8504
123.8356
339.2445
657.3251
509.6380
842.5707
635.0897
204.7201
829.0271
7.1351
368.5453
98.8441
468.3553
217.9062
895.0824
163.1208
131.1416
960.0933
987.5589
141.5106
865.7010
672.9893
259.0567
275.4415
242.0450
10.6984
897.1779
74.7697
506.4927
640.5490
45.4213
353.8682
32.3167
297.7239
729.6018
338.4079
250.0670
589.7175
763.3501
748.1496
152.3244
903.0984
377.1808
893.3473
458.6926
370.9438
894.1890
917.0776
228.9617
62.0315
981.7305
872.2197
559.9840
518.4119
665.5041
493.9078
341.4194
307.4096
190.9441
911.5460
618.1936
901.8431
220.9421
986.9441
196.8825
200.8237
730.5542
743.0101
513.1125
728.6165
207.6124
553.8024
734.6472
707.6333
453.5934
933.4404
400.8065
202.9501
166.1532
371.3953
528.9486
208.0804
787.2141
636.7585
715.8332
39.7487
644.2939
294.6245
785.2763
392.9314
296.6075
288.4882
973.0152
840.3183
724.6138
417.8029
145.2174
962.0991
69.4616
284.4463
164.6708
21.5871
969.9652
69.7347
415.9679
946.6916
490.4763
693.1786
269.2618
126.3846
646.4328
329.5969
910.4709
498.5194
889.2367
951.2597
796.9041
661.6926
770.8828
610.1758
485.7043
899.3229
661.5109
386.7225
160.8922
390.8931
758.1442
728.8577
674.3576
905.3975
76.7025
908.8442
637.5129
877.8478
888.3279
760.7682
438.7088
329.8443
140.2056
22.6065
584.8445
33.2174
754.4051
626.4034
591.5743
817.4742
117.6118
928.0291
408.8484
177.2848
643.9978
503.9725
478.8696
107.7794
96.6002
196.5338
446.4934
404.4200
816.1191
390.2126
258.4581
619.5087
779.2172
664.2194
431.1915
57.3947
157.7069
142.5909
398.6224
553.7530
598.7839
706.7305
230.9739
810.6855
835.7450
615.7010
130.7770
363.1950
87.7768
77.8079
109.8635
659.7141
201.7424
960.1062
390.7456
305.0932
588.6847
224.4330
350.9975
137.8008
720.8799
949.9689
91.7237
679.4362
106.7561
815.0089
845.9830
219.2680
845.3656
636.6979
910.9052
339.6710
527.7223
718.0910
231.9111
66.9196
913.1018
766.6016
824.3003
352.6500
72.0672
94.5367
338.8205
794.6883
449.6161
95.4378
67.9890
417.3344
486.2076
653.4397
498.0812
865.8458
268.3043
402.6382
864.0046
905.5835
866.0854
62.1586
693.8979
388.2439
165.9646
656.0553
253.3525
55.4598
555.2734
455.7597
960.3163
36.0593
860.4248
939.9639
197.9712
530.7811
363.1469
247.0561
767.3319
818.4775
513.4262
782.7003
616.6451
918.5440
21.5437
557.1732
979.5132
654.4400
515.3943
586.8895
385.2885
855.6713
713.9817
658.2468
419.7002
754.3244
204.2651
628.1073
315.0084
517.8662
667.6896
152.9106
409.8322
207.5866
204.9391
543.7461
651.1614
747.6830
560.6188
155.0604
748.3141
977.6144
743.7414
472.6553
26.7693
243.1459
444.4880
441.4278
707.3855
54.8765
314.2331
54.2392
311.6307
849.1061
27.2905
875.6670
168.8106
24.7760
551.0910
28.8870
4.4491
765.4580
437.5137
624.0129
598.5279
1.9504
762.8225
661.1702
163.4485
268.6550
915.6064
195.0953
138.1179
45.7996
43.0420
487.9302
421.8793
463.0065
420.8504
162.4013
420.2609
419.2468
972.4260
117.8270
241.5435
971.0554
978.1518
179.6071
18.8455
80.0693
465.2948
416.9855
351.4795
175.7621
395.5116
357.3358
674.2682
250.1647
571.2422
877.9595
572.6183
536.0445
733.4094
299.7479
676.5104
477.4286
841.3421
332.0472
255.4522
647.6267
729.5115
681.3254
503.0903
915.0485
591.2783
418.6737
439.4295
738.3918
854.4601
360.0952
895.9031
318.3381
424.7575
671.1183
278.2782
767.9787
457.8038
512.7523
299.1757
874.1602
373.9142
154.1030
822.4762
459.9457
75.8719
974.6873
575.4618
244.9139
687.0059
648.5296
835.5175
473.9984
323.4179
280.2809
805.4084
614.5540
825.1734
423.3148
120.1929
664.4003
586.7612
241.3595
968.8379
493.1315
676.0417
651.4392
243.7918
583.4281
11.0041
93.5920
617.7243
240.1922
220.3706
495.4920
475.4793
745.3191
364.4168
630.5203
334.8543
534.9555
697.1152
20.1036
970.0648
219.5960
166.3057
712.5211
750.5255
477.8165
373.1326
512.6409
849.4503
465.6764
325.7145
71.6489
132.2092
72.1010
443.4464
695.3114
300.2977
616.9493
188.5364
748.1617
399.2218
455.2455
275.3557
578.7688
726.1195
945.2993
197.1821
144.4455
756.4024
164.8483
291.7683
572.5898
985.6479
514.7022
717.6897
681.8597
779.8222
300.7363
635.2721
652.8309
377.4686
551.9722
816.2709
460.0806
881.3791
215.9819
694.1138
338.2345
528.8577
230.7193
900.1969
7.0018
511.2016
955.5368
56.2465
764.2984
979.6831
221.1796
479.0884
403.1929
117.0987
887.0952
239.9816
972.3395
868.5233
850.3439
495.9350
454.8549
896.3389
747.3152
324.2768
545.1257
493.2924
688.5151
977.6914
427.9553
969.4979
618.6235
297.5458
144.8239
208.3121
100.5613
176.4817
61.9116
794.3239
47.2044
471.0537
814.2172
612.3092
767.8470
632.2434
451.4286
288.4426
389.5816
38.3303
150.2070
859.7236
343.7529
466.9596
436.6066
852.4871
556.3524
697.0842
446.8949
313.3160
513.5283
986.8193
382.5732
680.0093
550.6141
273.3863
385.5840
545.6206
629.7746
854.0964
65.0896
685.7938
859.4731
362.9031
690.4321
669.2719
828.8219
41.7205
822.1552
294.6237
876.4215
305.7453
133.7357
174.3372
301.1394
497.8518
733.2891
591.4691
339.0786
98.9418
939.2258
817.9671
857.2193
126.4461
282.8836
950.7927
770.4799
543.4306
108.4495
731.2358
619.7752
441.9390
898.4788
670.9751
284.6392
976.6981
717.7531
486.3156
909.2177
851.3902
629.5861
747.0612
560.7122
805.3630
716.6961
370.2221
137.4067
270.5102
836.5396
195.6274
178.7307
186.9361
672.3256
338.1309
660.2039
216.3328
154.5208
809.1901
179.9282
586.9226
175.9954
522.5166
894.8610
834.9774
550.6172
308.9013
237.4866
692.4337
547.3667
152.5568
571.5555
51.1939
263.9325
879.5155
623.2453
727.8276
123.2494
835.4811
591.8470
765.5527
312.6287
569.7598
583.6814
75.1614
880.1760
131.2023
775.1856
767.9302
888.4748
100.5154
85.8448
130.9571
737.3836
719.9169
90.3793
729.3335
813.1100
529.2497
162.8170
62.2398
599.3020
372.5032
383.7367
811.5293
564.0882
919.5750
833.0513
365.7853
55.7537
147.9772
628.3810
51.6049
606.5546
360.4892
778.2546
246.2332
798.0458
714.7162
612.1082
518.7029
318.4778
117.4820
230.8726
862.8446
738.2795
380.7279
96.3918
590.8078
807.8015
469.7742
677.9850
481.5591
960.3688
207.7144
168.7275
959.9737
378.3193
315.1876
878.8425
845.4812
482.0265
925.3559
940.7661
751.6921
909.7683
174.2662
212.5255
488.6058
286.1489
359.2775
830.9494
792.1503
958.5675
853.1972
917.9333
900.2242
447.4518
183.9761
523.0223
187.4065
770.6342
22.9338
511.2564
505.2673
349.9961
281.0057
892.1658
214.6852
915.6923
259.2246
632.5253
701.0070
631.6817
315.0561
928.0738
231.4363
104.5859
680.3261
24.3917
203.5289
849.1969
848.7578
486.1397
183.0752
560.4660
496.9945
265.7832
690.7462
423.2756
242.8654
873.1699
52.3409
583.9948
575.8367
564.6496
897.7789
782.2669
893.4579
74.4116
929.2111
708.5515
145.9475
401.0030
120.6069
200.0429
991.2060
165.2624
336.1685
653.3448
622.3291
378.7170
274.8486
256.7529
88.0930
348.1441
408.8631
542.0208
255.6018
784.4063
613.9509
71.1133
522.4469
745.0437
884.9494
961.0001
957.6884
1.3239
341.5944
377.2756
872.5128
165.5478
825.9962
923.0917
12.6479
856.3203
585.8824
611.2192
591.7069
223.0970
134.6722
784.3731
698.8205
569.0403
116.3073
804.9939
678.1174
840.5519
28.4758
635.1905
75.4836
463.0487
263.6126
701.5021
932.6890
711.5043
730.8233
919.5494
232.7194
313.5757
581.4708
690.7898
332.1160
511.0793
934.5160
783.7861
845.7780
200.9319
757.7854
278.7744
748.6719
522.7889
854.9728
837.5696
656.5346
326.8960
314.5021
101.4680
49.4166
243.0186
294.7578
136.4430
983.1748
224.2866
23.2127
285.5915
350.2688
382.4268
655.9392
26.0072
155.7937
65.7160
761.1533
557.4697
658.5876
53.0313
443.3376
898.0533
856.2020
961.1666
662.0757
67.7010
933.2351
643.1245
330.2569
826.5682
739.5424
110.7289
311.3967
450.4686
875.0021
842.0452
702.6304
274.2768
603.6210
443.0187
731.6238
729.9775
931.0929
28.1315
643.7498
782.5528
513.8609
455.2350
929.8154
467.6106
235.6656
713.7089
771.4684
755.1335
813.0918
558.4618
581.8179
460.8161
19.6844
127.8802
480.2502
601.1191
416.0842
995.9126
476.0254
182.4966
430.3643
141.0937
874.8006
844.3082
682.4873
167.2612
565.1497
975.4860
999.5218
274.6649
177.6921
15.2959
366.4722
251.3495
331.0341
785.0379
978.4111
796.6834
754.9290
767.0881
110.3245
578.9395
911.6141
839.7719
806.7536
144.4660
769.5869
616.0490
26.0718
354.5172
86.3389
470.3922
541.6552
674.7476
192.3833
875.8246
221.9391
442.4451
654.5801
624.2477
283.7812
972.4945
985.0364
626.8832
678.5673
427.6576
519.2635
857.4308
54.0282
752.8389
928.9335
522.2636
664.8105
558.3109
797.4869
898.2821
647.1395
817.0525
294.9301
625.6590
797.1618
392.6917
563.0808
413.9762
634.0806
958.6808
177.5763
506.5235
299.7409
529.8130
562.9280
755.6297
989.3162
649.6256
468.2281
427.1950
408.6345
123.5205
956.6437
32.9482
639.0085
19.2435
731.3538
992.3663
88.8928
37.0453
189.7032
48.0880
425.3745
181.6340
218.7353
270.8153
136.6700
65.5154
292.1720
288.5254
472.8790
617.6094
758.7347
303.8400
257.7215
205.3917
606.5900
783.5574
484.8562
826.7052
741.1665
524.7872
133.1738
79.6736
490.3399
166.7213
331.1861
790.7550
287.7039
292.6784
306.1695
599.5616
424.6269
828.9339
408.1343
573.4798
73.4527
710.2766
572.8207
675.9056
877.1535
389.1668
618.7690
174.8745
760.5331
707.2033
70.7618
813.7854
881.0280
445.6591
740.7587
279.2837
899.2073
940.2687
511.2835
615.5489
570.4079
271.6579
388.1821
689.3872
974.5589
822.1903
435.9515
465.6350
569.3454
252.4769
921.1172
904.2227
668.0469
116.8217
416.8820
214.2148
611.0733
583.9527
360.0184
404.9833
13.0271
468.5794
834.7154
150.6835
819.9600
4.1804
495.4086
721.1906
383.6844
406.7750
204.5400
257.4520
664.8921
139.7353
677.9992
635.2189
593.2981
759.6349
59.4555
584.5618
256.6723
693.0786
54.0005
351.6808
56.0827
900.8854
999.2054
711.1624
266.5418
243.2581
155.7488
731.9777
702.8707
499.2963
848.4320
879.2956
53.4563
903.3731
813.5752
459.1209
539.7769
122.4167
293.0593
871.7274
769.2913
455.3818
777.8874
385.6899
522.5800
969.9432
104.8230
898.0519
312.0186
528.5232
161.6386
898.0952
433.6691
819.3383
823.9319
34.9255
578.0440
56.9423
628.2605
117.6940
744.2173
812.8272
351.5328
614.9673
37.4936
181.8915
308.0657
991.2622
642.5537
554.1723
243.5263
482.2553
746.3500
98.6897
888.3055
851.9395
431.7788
765.9633
105.8279
771.0219
161.4001
528.7342
4.1942
251.2754
707.4359
355.0942
442.7153
376.8338
46.1832
720.0368
550.8345
792.8586
648.0225
170.4462
241.4181
988.7422
393.1863
852.4792
823.3518
967.3640
759.3490
722.4034
973.1315
792.3713
478.9030
925.0571
295.6778
727.6061
292.8384
723.7041
359.9455
274.8766
498.8404
530.3328
844.1472
770.4088
140.5792
158.2235
441.0621
547.3773
889.0528
545.9037
815.1150
103.2849
614.6027
948.1584
820.6451
2.4827
854.4948
413.2004
582.1344
923.2523
542.2641
706.4390
795.8558
42.9766
497.5688
545.8401
599.0375
3.2351
117.3482
963.1008
674.8027
710.0763
380.3370
333.8119
561.4168
690.6506
230.8505
703.6729
788.9478
580.6554
839.4735
713.5809
54.8445
716.6608
118.3586
387.2926
88.5615
528.6932
263.7099
254.3706
869.8996
192.7649
612.7267
473.8610
0.2603
297.0230
674.2456
457.8557
694.2834
120.4849
101.8334
158.1653
978.3479
830.0700
494.0626
307.2206
412.2370
467.9696
828.0688
94.5348
954.4173
589.6981
62.9360
465.1947
37.1790
830.1533
191.4174
815.1449
293.6022
201.8016
930.9884
310.2298
304.4067
923.3377
573.5822
162.2055
724.2439
624.2343
529.0141
140.9505
944.3608
381.0184
342.6753
684.6368
974.3428
463.7303
696.9394
271.2748
245.1296
420.4179
581.2195
702.5335
751.6287
710.8497
572.1870
694.5680
296.8018
414.5875
12.4751
490.5269
11.3468
813.3517
132.7807
527.8286
859.8095
474.6010
160.6896
404.4046
304.4774
747.4600
518.4326
381.5079
110.7808
144.1205
20.2522
411.4172
217.3928
568.0726
733.7076
853.6854
40.7938
3.3660
880.1167
438.4408
773.5775
850.1741
249.1297
680.6118
674.3905
686.2846
368.1045
282.3813
313.5968
415.4730
534.7905
716.2632
499.8049
916.5428
264.9953
159.8089
418.1998
691.5973
754.5435
153.2492
788.2582
409.4082
761.2973
927.4931
126.6167
742.7832
463.0784
929.9288
261.8315
691.6003
457.7136
460.9072
997.4861
903.7531
668.7722
834.6078
600.7646
957.1089
719.4455
968.9605
950.7153
320.3648
231.4398
165.3235
870.8837
178.3714
743.0964
891.0513
192.7774
129.0292
138.7084
801.6908
570.6864
273.4180
323.6060
942.7940
6.9101
293.2428
156.6200
313.8582
341.8507
264.1836
741.9336
44.4681
224.6736
637.8270
664.7415
731.4356
3.9028
132.6146
140.0759
480.4410
569.6720
617.9561
602.4536
12.4388
350.1736
158.6246
927.3052
697.8760
214.6480
726.5124
125.8808
28.9172
222.4509
991.3458
958.1973
348.9724
371.7070
452.3777
444.1349
903.1182
723.6248
728.1480
498.1246
710.8498
656.2072
239.3941
437.2836
52.7004
824.7171
242.8706
188.4779
363.2764
309.3801
426.2295
34.3602
576.9773
906.2723
451.7887
961.8838
85.7282
715.3570
580.1788
456.4068
19.8101
33.4283
366.3173
232.1192
136.9602
255.0409
413.7963
164.1163
513.0491
908.8785
770.1974
835.6732
401.2870
57.5004
727.4123
175.9975
380.0041
892.6893
496.7896
597.1521
669.9463
772.0071
655.1974
241.6822
267.5604
526.2101
336.5237
498.6666
687.8248
567.1903
117.1815
230.9763
608.0526
845.1396
19.6834
851.8755
671.2817
190.2489
745.0404
358.6723
871.0374
833.2298
822.1766
67.6767
839.8457
131.0462
687.2241
937.5202
780.9780
698.0321
175.2230
911.8718
736.4263
376.3441
398.7389
933.0363
956.2552
269.4887
912.3877
868.8229
991.4902
84.1835
530.1588
8.7948
35.1316
509.7330
899.7244
655.2454
116.1141
731.0965
539.8383
543.4062
573.3847
476.2906
118.8940
615.2477
561.1067
944.9157
259.1198
445.4014
217.6158
350.5732
934.0994
838.3824
20.5163
60.2718
574.4849
22.8576
261.3229
220.4864
578.2690
940.2842
119.1565
626.3788
763.2628
146.3212
9.6341
289.6242
115.8061
815.1714
317.7833
298.4642
680.9442
893.4446
377.8518
847.5634
815.4236
866.9101
716.0277
421.0015
362.1386
754.1597
449.5715
6.2965
884.5414
542.8921
90.6858
785.1186
327.5483
173.4422
921.1693
817.3324
718.1431
566.8416
0.5500
293.0950
993.8551
825.4161
801.9370
233.4853
349.6918
350.8891
780.8347
166.4770
434.2642
571.8777
57.9494
695.5112
415.6092
725.5067
820.5862
153.7056
756.9925
803.3075
797.6964
214.1824
175.3223
411.5472
188.2070
168.7536
475.1775
995.8602
372.6284
455.7984
644.6439
691.1673
581.0814
650.0671
364.6806
525.5689
654.0057
893.9237
552.3064
889.8685
430.3373
731.6126
186.6014
999.6505
57.7925
687.0143
52.2547
215.8733
261.6471
763.8308
370.0299
536.2921
243.9789
790.9843
264.2448
313.2494
74.0280
35.7895
224.0334
563.9850
436.8812
648.8527
641.8792
845.4640
587.9018
980.8404
436.5343
464.3597
114.6487
279.9033
363.8382
535.9075
315.9449
388.4056
634.4101
871.3558
839.3697
251.5787
585.4949
930.3185
445.6670
879.2379
648.6707
841.4472
560.5546
288.0908
5.5114
435.4348
686.8127
698.1697
211.3849
910.4273
79.0263
849.4244
554.3650
502.6267
945.0779
296.8846
277.5333
589.5864
50.0820
966.5742
610.5177
558.5128
245.6366
286.8220
234.1903
998.1858
906.2493
934.1413
132.9232
543.8716
672.0165
639.8364
703.7839
738.8124
1.4365
44.1582
560.9004
384.5005
575.9735
124.3208
183.1050
133.2846
610.8475
855.3090
183.1694
740.3472
937.3986
720.2449
560.2678
963.2708
797.5878
212.7212
391.4013
294.7963
58.5635
428.3812
245.0118
582.1910
740.5260
516.9908
313.2690
37.6685
809.7822
979.6447
52.2309
172.9683
367.2973
404.3071
244.4648
329.6512
934.2297
902.0568
280.3771
767.7234
251.3080
850.1702
810.9129
914.5985
228.4181
45.0243
697.1265
232.1653
372.1055
392.2947
939.2294
124.2074
957.8466
49.6828
164.0829
272.4491
672.4659
276.7757
352.3935
917.9343
901.3590
291.0992
527.1932
311.9765
42.7957
558.5810
280.3763
470.0084
833.6125
34.6021
36.0234
419.3703
847.0362
998.5291
639.3386
720.9874
125.5085
428.6869
196.5353
84.8799
861.2657
847.5873
23.0957
850.7540
375.3747
497.0762
102.9953
509.4429
100.2457
831.3828
880.4564
780.1899
247.1988
789.8489
369.3890
480.8354
546.7535
228.0189
770.5321
172.1046
33.7428
96.7106
911.6295
158.3514
578.2698
972.3280
78.3238
235.6372
544.7970
375.0536
247.5894
622.6255
769.8313
888.0187
413.6729
120.9009
667.3263
969.1899
371.2423
642.5911
3.1316
629.6316
427.6140
826.9150
359.4240
578.0679
392.8321
638.8631
979.1292
354.0643
312.9108
85.7437
775.7549
973.6384
54.2253
916.7789
282.6876
221.8253
142.0345
597.5789
483.4975
324.7713
845.6947
670.6783
258.3031
641.1806
514.2060
706.9032
829.8421
555.4128
816.9555
816.8963
583.9772
71.3088
484.6050
71.3455
24.3990
870.6108
808.1231
439.8888
921.3573
138.8793
511.9750
648.3452
7.1893
512.5594
504.0479
164.1516
245.3298
959.9113
601.2999
292.1950
566.7441
716.6408
246.9346
326.0964
46.2248
228.9602
947.8359
619.3282
801.1355
343.0398
751.6088
125.0967
248.8325
518.5530
350.0958
390.4561
54.0454
822.3309
962.4865
234.2932
111.2706
706.7302
175.7782
705.5990
240.0209
953.7511
564.2731
68.9090
947.7704
927.7283
249.3429
7.7484
527.6046
47.4800
264.2085
547.7192
109.1279
569.4198
698.6012
297.8323
967.1563
485.3292
246.5836
981.4475
418.0147
527.1714
551.9374
56.4814
44.3577
958.6645
311.9819
38.5465
991.2632
234.3990
441.6782
947.3781
323.9369
673.4617
878.8829
33.4104
345.7454
412.2856
45.0874
259.3566
303.6933
111.1394
501.8617
877.7433
9.6823
640.7644
954.9077
281.4942
277.7613
334.8138
467.0639
351.4510
317.3712
219.3338
32.9280
60.2566
187.8495
415.9520
541.6710
521.2175
743.6827
10.1062
115.8736
93.0070
949.1095
551.2558
800.8001
865.4276
492.6693
495.9749
838.7693
917.9687
335.8826
910.9364
371.8910
265.5284
438.0005
648.5858
196.1818
409.2302
29.3735
608.7585
914.7563
556.9746
990.2795
867.0888
229.1350
535.4949
405.9385
39.5591
749.8068
454.1072
7.3008
437.5099
999.3825
533.2643
113.3345
424.9367
205.3511
704.4420
685.8075
301.4867
7.2884
31.9019
903.1886
28.6263
860.9101
644.5437
643.7519
776.0481
460.1219
499.6934
148.7214
606.3340
256.3481
757.4014
770.4788
258.5919
845.9158
193.8836
499.9545
271.4729
219.0807
33.4282
250.5318
520.5882
409.4994
781.1187
478.4178
892.2789
972.1477
287.7162
268.8861
824.9574
172.2366
290.8952
16.3551
236.0105
525.3380
229.1967
78.3421
23.4927
374.4242
356.8658
573.6916
539.6320
188.5616
995.5518
186.9126
257.5201
593.6887
689.2411
58.3374
392.4658
830.7321
811.5785
560.3508
681.9371
4.7715
106.4469
832.8709
573.8572
902.3935
261.2510
932.3822
95.0782
339.2929
331.8809
216.5117
263.7504
729.2177
46.5938
822.3521
63.7624
469.3179
142.8165
221.0648
12.6494
859.0998
155.7517
590.3671
790.5947
563.8016
983.4801
175.8987
714.2081
959.3206
195.6950
215.2422
921.4378
307.5568
157.8104
401.8949
906.6348
490.5955
699.5130
732.4110
82.7456
953.9724
936.7699
170.0183
151.5663
97.9469
882.0688
866.5632
640.9877
270.7927
527.7386
417.9298
15.5929
873.4241
660.6227
213.7011
153.8484
873.2082
748.2381
180.3284
817.0242
130.9612
669.7254
128.0541
962.5282
338.9406
56.2973
973.7212
323.2410
748.0249
777.8843
671.8276
500.4333
18.6848
824.9437
344.3700
209.4211
64.2018
237.3955
106.3651
183.1312
352.7207
478.5009
7.6988
234.3615
679.3723
492.0347
713.5153
581.2645
236.9620
170.1749
692.3438
574.0980
986.1813
197.4760
162.5526
393.3351
893.3793
272.4176
469.5060
24.7648
527.0114
618.9567
786.0145
182.1401
272.2432
974.2282
789.3298
161.6896
770.9150
258.2309
748.7838
193.9962
315.7842
89.1756
473.5474
731.9532
318.9462
423.9735
406.6682
849.7596
96.7139
274.4023
720.4924
112.4648
881.5123
870.3516
360.2671
475.1789
5.9883
472.7901
565.6888
878.6369
123.1269
707.5269
704.7269
685.2994
141.0314
99.2804
488.8917
434.6998
673.7217
242.4493
163.9392
302.3032
76.4631
453.3659
747.9408
930.8985
123.4701
217.2235
739.1916
399.5136
579.5988
488.4925
955.1710
421.8260
85.5427
530.8624
503.4908
310.5336
943.4562
150.8570
173.4084
659.4108
390.4740
167.4812
401.4775
657.6351
174.3022
189.5603
261.4201
659.2566
457.4220
582.4994
164.8617
366.1775
58.6087
52.9491
824.0363
133.1870
74.2533
597.4059
712.7717
359.5546
716.1758
737.4840
677.0380
644.3140
91.3925
93.5357
979.3179
816.9512
102.8917
726.1631
401.2499
657.4031
440.4985
734.2861
895.0148
44.6803
994.9756
13.0455
475.7935
914.0486
566.1260
883.0903
635.5622
507.6140
991.7766
396.1859
902.0608
379.1893
558.0581
588.0153
106.4146
773.2757
316.9751
9.4440
804.2216
976.0333
644.2153
648.3223
302.4804
692.4336
187.9757
958.6412
645.8249
766.3380
256.7065
640.9214
946.4735
17.2845
793.2011
425.8981
796.5013
964.8483
571.2711
439.0973
240.1458
827.5161
391.7343
223.3721
833.2253
215.9225
346.4111
19.5344
395.0021
135.5359
449.1311
171.9284
482.9903
773.2791
874.1651
477.7637
391.1967
594.9320
286.2916
784.4655
124.5918
785.6921
67.0443
803.4033
216.2966
204.9470
302.3939
612.5389
191.3265
82.6403
967.6294
423.4097
349.5587
732.4014
532.9502
495.4463
587.8793
545.3135
857.2787
199.4338
410.3640
416.2455
563.4285
307.9581
975.2659
518.3774
266.1211
200.5183
289.0813
823.0580
664.9352
674.7836
430.7452
296.5216
865.3690
884.9801
388.5628
311.4263
105.7153
311.4090
945.4198
970.9775
228.6419
564.2178
482.6918
126.8889
781.4795
499.5167
263.2738
795.0695
97.5749
765.3894
316.0207
141.5615
489.7799
432.3384
879.9820
26.9846
422.9407
918.9936
719.5747
872.7637
697.9485
792.7013
453.0877
118.9486
637.0622
138.1249
210.2792
579.7678
218.9935
727.5954
988.9952
181.2802
336.8198
259.3695
460.7874
311.6556
609.3272
818.9299
234.8298
432.7552
520.1867
595.1633
491.0702
823.5266
542.7981
29.6286
143.1034
121.9776
200.9660
714.4558
92.0889
952.7816
670.5858
574.9838
273.6031
2.6598
514.4854
727.2265
114.6373
848.4560
395.6897
868.3378
700.5306
643.7997
893.7352
432.2105
628.1243
989.0628
946.1495
343.3059
275.7935
275.9267
270.9961
713.4671
11.8618
757.3336
682.5392
960.6442
634.6713
376.2650
624.7047
663.4471
611.3543
425.9765
908.5174
11.1237
295.5109
159.1511
421.3291
806.2572
735.1538
515.3347
954.5114
722.1241
282.6984
152.2012
593.2095
150.8253
258.7819
992.8072
621.3249
510.8413
590.7019
234.4705
70.9770
201.1128
798.3104
81.9173
57.7710
881.3664
632.2737
442.2069
470.4662
413.0383
338.4853
189.9667
801.7457
200.2046
145.6098
626.6224
800.8402
217.6879
775.7042
837.7067
356.3953
424.0422
910.5307
806.9381
603.8345
851.4134
793.5136
526.0601
218.4255
545.5038
427.3319
234.6113
285.3855
760.2398
759.8574
161.5170
589.9459
222.9947
135.2562
383.2605
171.1992
161.1456
441.3525
803.3072
421.8797
796.9991
465.0001
218.7839
248.6063
375.6053
362.2775
581.4910
77.3377
550.1007
819.8801
529.9229
439.4535
591.5947
666.5535
432.5680
962.3009
905.0381
981.8013
622.4910
187.9799
770.7572
14.1385
600.5091
994.6081
8.2903
975.1814
700.1837
218.1982
482.5797
536.1383
845.9911
188.8131
595.2400
907.6246
253.5165
224.6446
140.1541
723.7159
681.5471
30.6982
128.4101
374.2739
390.5290
336.4055
584.5369
158.8948
860.3238
414.3505
329.2013
186.0800
540.7775
5.0650
148.9117
485.9415
449.3416
240.7169
629.6543
791.0927
32.2987
642.4465
991.7479
591.9449
732.4452
940.3697
884.2094
582.4002
697.0973
530.9211
735.5036
399.5529
205.3275
979.2654
913.9954
328.0501
390.6450
615.0654
543.5895
398.0069
171.5196
276.7776
90.7914
501.8190
826.0544
887.5963
134.6823
599.5314
36.5955
378.4524
262.4036
219.1295
768.4948
10.6485
663.6657
61.7262
238.5857
881.9006
569.9367
803.2503
315.7852
30.6150
146.1668
692.5871
174.7364
98.1732
982.8813
496.9051
198.3719
535.9493
842.5617
613.1434
140.6815
614.1004
788.1364
857.2109
272.8206
705.8553
734.9416
989.3897
997.3414
417.8594
593.8102
752.8057
854.3239
379.5445
9.0348
865.4978
991.6650
372.6427
906.6654
970.0522
670.9369
266.3889
10.4646
400.5938
425.4078
60.4233
396.9515
778.9687
820.7855
613.9908
962.6847
751.2906
771.7764
682.1472
141.9045
780.1008
635.4171
33.5062
791.1030
206.5608
403.0122
468.4973
257.4817
963.2264
116.6913
513.6557
215.6889
380.6586
794.1322
89.9991
325.9632
301.8578
610.9220
677.0772
733.1866
467.7996
562.6398
276.8782
827.8582
593.1871
341.2670
110.1162
603.4170
563.0925
755.2401
580.8192
461.7138
972.2830
631.8457
142.7161
950.7417
65.2320
426.0707
11.1803
576.0805
137.5636
216.4439
240.2151
332.4038
65.8913
175.0437
96.8834
296.0522
663.0096
799.1339
409.2425
141.3411
174.5675
216.1174
110.8311
422.7764
363.0760
891.4658
744.4223
312.9571
799.3889
539.9589
48.5465
992.1349
474.7952
144.7795
458.1470
731.3423
685.6293
141.1856
197.5085
880.6497
976.6705
925.5405
269.8511
80.0961
247.4272
964.0614
531.3875
546.1969
620.7235
65.2152
269.6336
892.4984
180.6535
145.8249
118.4010
95.8097
739.8689
857.9291
547.9117
797.9721
358.9585
554.4671
345.9385
280.3732
424.0986
199.3615
107.0538
224.1571
948.4114
273.8266
921.5277
688.3215
863.8394
13.2979
450.7064
576.4964
551.5331
249.1186
297.7543
135.1629
398.4157
360.6737
940.6321
611.4500
244.5985
411.1284
74.4639
142.6782
247.9878
831.6518
518.6981
292.6324
212.0068
84.1305
833.7386
373.0185
130.3884
69.3905
717.8999
820.2419
307.1318
941.4430
775.5460
33.7234
960.2385
936.4672
329.4857
978.4715
961.6149
690.1897
481.1191
290.7029
567.5324
928.4294
125.6119
316.1407
94.3443
641.8180
101.2155
328.9546
883.7347
525.8447
690.0446
737.3959
301.4984
282.9609
635.4769
598.5376
533.5318
598.1563
522.0564
351.3864
113.0947
438.9657
861.9986
399.7043
608.9013
281.3188
444.2012
890.4743
413.3242
359.5134
876.7014
561.3425
670.0261
569.3791
994.8041
998.5341
924.2076
830.8133
990.8902
464.2724
386.0086
162.1729
361.2491
607.3143
605.4461
112.0304
512.3236
552.9463
797.9981
106.0652
765.7968
947.7534
984.8180
1.6674
727.0191
85.8231
552.4110
284.7352
197.6376
282.5776
746.5719
844.6889
484.0095
670.7197
766.8629
299.8901
211.1584
400.2908
922.4721
898.1921
547.4975
836.7407
366.1293
680.6417
339.6595
73.6716
383.6695
653.7760
799.3155
959.6077
399.5613
384.3217
952.6616
786.0883
303.6316
104.6438
769.3103
105.5757
653.7426
512.2935
996.1799
394.6606
333.7299
153.3282
812.5960
461.1779
669.2209
71.7868
194.6086
900.7277
750.4377
718.0010
669.7941
764.8600
883.1364
290.1939
354.1487
291.0756
535.5970
985.5947
983.9043
851.1262
996.3237
328.9271
12.3042
61.7701
194.9757
847.5492
122.6892
208.3225
163.8027
51.4113
824.8100
671.3129
962.4892
145.3139
578.7571
718.2484
538.3637
104.5282
152.2921
586.1855
211.2800
929.0273
559.3208
173.4267
782.3742
293.7531
850.7438
943.2830
617.8027
241.1315
517.8525
785.8108
26.9792
539.7541
80.1698
922.2418
178.5098
358.2683
492.5821
432.5969
579.7263
652.6331
596.4876
682.6510
669.4812
81.8122
984.0465
164.5386
39.4249
726.1528
439.7161
711.0764
943.0009
666.3196
814.7623
803.2490
342.7129
255.7293
905.9229
356.0905
33.7446
453.8470
725.5409
879.9523
522.0366
684.6342
4.8767
866.7056
392.7221
710.7477
682.1584
459.4338
283.5107
147.1804
191.7013
686.4420
478.5212
259.7724
54.1564
903.4833
505.3399
651.6039
243.8649
962.7882
337.7996
314.8947
247.8713
7.0909
899.1437
917.4662
251.2226
269.9811
744.9213
515.5877
278.1364
581.3561
884.8492
977.2471
711.3879
217.0607
247.3634
82.0048
478.7832
393.7876
365.3501
82.6789
221.4214
625.6522
878.1201
81.4149
860.2377
381.6970
838.6094
326.0305
390.5181
776.8056
372.6710
169.6845
909.6007
610.2987
663.4802
283.5065
417.3952
710.2426
23.6693
848.8639
363.9997
851.1436
809.5268
909.5890
565.3098
677.0314
459.4026
789.7076
781.5862
836.8303
341.1572
731.7791
732.3255
471.9311
977.4266
517.7861
456.9600
477.1289
958.4803
594.2260
831.3181
490.8702
566.0002
296.2949
697.2175
938.4638
348.5220
838.8067
267.6309
69.7530
89.9778
804.8983
21.5767
120.9038
884.7953
268.0446
226.6224
806.6272
71.7183
844.8703
895.6900
449.2468
741.3573
8.8063
80.7582
235.4901
699.4162
430.1930
317.8723
785.9735
399.3177
703.5987
74.0926
164.7699
859.0817
525.9836
753.0256
275.0161
712.6640
551.5562
530.3313
370.1069
690.7908
806.8014
185.9901
109.6350
111.6597
535.4852
605.1117
259.3131
178.1009
663.8609
416.2060
62.1412
700.5743
504.7035
643.8733
877.4036
863.1110
144.6372
233.8176
593.0443
395.3140
569.0656
839.0646
275.4804
260.7348
405.7561
34.9418
770.0920
890.5697
705.9688
188.8897
356.2715
137.0319
184.4936
172.0072
855.5557
731.7190
787.9791
287.9467
650.2622
35.6964
230.2754
231.3831
51.0844
996.4670
234.3536
839.3016
16.8328
241.0150
899.6872
281.1498
199.6575
494.3121
887.0462
867.3204
710.4537
701.0155
694.8707
70.2471
241.0427
428.8414
307.9867
919.7089
480.0625
23.1636
547.1551
754.6505
751.5717
845.0075
783.6297
698.8449
218.8928
700.3919
138.9143
20.4107
568.5193
703.5968
855.4619
911.5045
921.6305
173.5019
533.2659
650.7654
507.4458
16.9974
952.4974
421.4693
108.0186
969.6566
272.9505
937.7533
174.1479
901.6076
852.8523
382.3298
127.7335
108.6848
935.2005
585.1803
471.6938
578.4274
344.5722
515.1196
78.3743
645.1528
824.7260
499.3919
141.6580
463.1004
242.2812
234.5021
600.2501
377.8680
468.8219
203.2514
960.7540
233.1909
647.7530
315.4025
848.2901
145.0978
887.8302
515.9858
902.4435
642.4648
646.1213
563.0251
764.2865
468.0568
782.0013
311.6905
619.5079
876.8084
288.0966
757.4503
756.6403
13.2653
409.8593
670.4086
275.2938
541.8879
492.9718
43.3357
971.3866
683.3252
531.1820
183.0879
79.1551
236.5475
879.3393
695.3704
994.8154
174.1190
474.0452
459.7225
200.6683
590.9909
590.1101
788.0409
658.6233
692.2374
998.9164
858.7133
150.8543
847.6296
183.2244
880.2901
206.8079
373.6611
506.8132
769.4323
430.8920
710.8603
651.4035
470.1900
302.8967
686.7757
684.1070
687.1982
498.8505
572.1220
893.9209
748.5597
786.0477
634.1977
810.8184
678.2689
750.3839
198.9348
272.3935
311.0013
631.7735
95.2207
810.4330
723.7469
153.8151
111.5069
118.8802
333.3095
135.5769
281.2442
752.3555
641.7463
514.4633
389.9313
566.4526
377.4484
517.4522
415.4835
47.3240
575.7189
732.6362
365.1848
25.1548
591.7421
389.1508
312.4963
35.3095
692.7099
939.9835
456.9260
354.0281
376.1425
672.0382
836.4253
198.9617
326.3607
450.7847
126.8303
991.8961
129.7630
516.9273
538.8048
930.6872
120.1821
2.0624
365.2642
108.1610
298.9782
157.2653
296.9118
110.9182
966.9034
120.1999
67.2245
910.3482
98.4064
544.3745
711.8945
975.2890
913.2812
434.9644
734.7810
527.4308
349.0492
471.0622
926.5662
145.8716
852.0401
458.4568
626.1328
447.5519
373.8324
7.1755
676.9240
371.4260
127.3849
119.9142
929.1024
880.5727
46.3135
169.2619
399.5078
989.4285
401.4754
646.4675
894.1612
10.5825
792.8069
129.5614
100.7069
29.9500
488.3624
500.9306
408.5460
909.9738
617.1320
649.2525
438.8380
135.4487
603.9764
499.0342
327.3541
837.0182
987.6856
469.3847
329.8474
272.5299
83.5067
332.7830
939.5451
438.2924
503.4991
821.3803
323.2585
504.5695
797.8661
64.4609
890.4527
50.5898
135.4756
221.8399
83.1551
271.7464
356.4926
887.0348
929.3018
904.2865
906.8272
436.1910
486.3962
407.9046
315.7697
911.5690
951.8419
772.3188
418.1155
452.0201
879.1932
518.3860
528.6658
423.5160
862.0647
655.1010
82.8365
578.1708
246.2384
796.7695
764.6412
893.5508
642.5198
204.1972
560.0884
529.4871
411.1150
465.1986
434.8967
760.4060
444.4971
4.5605
637.4644
340.9894
997.8100
372.1652
673.1496
759.9648
695.9698
595.9672
436.5897
121.4719
71.6078
741.8554
424.7273
516.9598
904.5369
818.8670
19.8067
572.3437
854.3664
906.7133
842.6123
928.7928
62.0686
773.1387
410.8731
49.7456
887.1711
523.7378
684.6290
313.0415
903.3544
438.5593
746.1448
387.4562
322.5127
94.8435
869.8351
179.2763
973.9549
774.3755
317.9000
100.3186
3.6414
894.4706
427.4747
134.2384
829.1496
234.5670
605.1794
864.5655
432.1743
233.1917
29.4919
896.2896
0.5070
419.7993
187.5100
39.2078
826.4302
933.7190
209.5504
545.2634
515.1466
202.6984
456.7303
336.9402
53.6685
190.1713
460.6384
632.5167
583.5031
40.9489
861.0436
812.9644
840.4382
112.7848
757.6713
650.9691
208.2539
253.4263
497.7848
203.8914
314.7256
776.7373
562.8109
734.4058
681.5338
355.4187
996.8192
967.2741
916.6299
882.6535
727.3013
728.1731
887.5409
448.1461
444.6660
188.1096
915.8692
112.1249
316.9190
474.8320
253.5012
507.1190
757.3975
437.0103
484.7564
126.9040
791.8853
862.4721
688.7300
414.0746
990.7441
330.3547
684.7148
30.6732
275.7209
45.1614
209.9363
427.5295
979.3642
521.5021
560.1046
200.9892
896.9283
614.7854
675.6918
437.9040
682.2314
887.4986
410.4597
239.4154
74.4826
336.9178
450.8224
472.8880
671.3539
880.2110
651.1197
687.4441
292.6321
175.3930
485.1884
354.8112
845.4843
697.3599
469.4153
884.6399
820.7392
390.6812
828.2308
610.7268
828.4185
103.7570
275.0319
31.4292
659.6848
521.3260
216.1658
25.0550
756.4443
965.6117
521.5080
813.7018
391.3299
641.3633
676.2700
825.6429
47.8240
35.1174
842.9321
402.7915
414.0802
177.1197
782.2713
413.3945
457.8415
257.1056
464.2581
351.9176
989.2474
261.5550
276.3135
244.3885
103.6841
612.1583
136.3552
222.3497
527.4822
836.5283
685.5662
555.5304
720.0400
822.8403
598.3572
649.3897
934.3741
55.6672
428.7460
585.5574
782.4927
551.5937
730.7394
574.3184
28.1812
960.0361
48.5413
108.7127
538.9352
401.4349
928.9511
172.1118
79.1285
814.2634
416.5729
681.2870
899.4499
302.0343
710.9929
522.3223
496.0542
789.8887
577.8559
507.1634
538.5996
72.1306
998.5055
340.8508
551.9596
1.8147
571.0723
760.9331
214.6269
684.3609
76.1910
181.8906
478.2640
772.4029
277.6881
577.7109
637.5335
413.3528
59.8270
321.5417
884.8148
383.5581
489.7354
593.3888
314.3840
118.2897
26.9326
900.5531
584.7582
446.3231
465.2229
835.8338
743.2367
740.8262
400.3813
854.2292
792.9813
938.5785
397.9975
494.3248
59.9714
553.5994
325.0143
379.0769
866.2839
135.1345
720.2592
275.2804
716.5723
386.5571
704.5722
987.2365
179.0823
66.7575
166.4866
439.6471
341.5610
489.4775
965.2969
377.2758
607.4663
827.3358
609.0071
544.1074
817.3065
607.3114
581.0018
39.2391
2.6527
992.7793
958.2234
873.9846
876.0634
550.1672
527.5899
87.7358
296.1120
399.6749
421.5922
344.5864
19.6832
126.4811
650.2166
235.6097
61.2120
123.5305
720.3539
662.6979
719.0192
99.9079
571.7708
805.9538
155.2242
640.1383
466.8771
664.0127
164.5528
749.3728
637.7966
800.8465
409.7802
297.5429
977.7224
330.2831
731.4135
60.6426
272.0483
627.9400
763.5719
440.3925
202.0956
912.1698
585.4863
450.9428
575.0987
827.5342
968.8725
914.2291
388.4485
578.2819
458.1943
937.4988
497.0951
724.4667
580.7948
764.3618
201.1290
673.1611
791.3807
642.0868
208.2583
633.0122
857.0591
317.8997
46.7168
754.9321
642.5784
715.1473
236.0420
532.8466
662.0473
539.2714
355.2874
423.1665
849.8792
162.4136
614.3802
681.5941
664.7317
468.1129
481.5751
81.4046
705.6275
40.7436
478.4962
176.5987
36.5246
144.7756
664.5031
310.8623
268.5103
404.0126
271.9365
112.3459
784.6557
251.7850
818.6697
313.5741
259.6348
857.7161
693.5231
3.6067
762.1571
792.6612
905.2961
308.8103
227.3782
871.9259
953.2246
998.7717
957.9321
570.9934
945.9126
215.9378
258.1419
333.4155
285.7364
383.5091
950.8786
272.5673
405.2952
160.5753
133.1974
711.0559
937.6456
383.2515
844.9800
216.3240
494.4965
930.2119
973.0917
433.5747
552.4530
213.1550
844.8143
897.1977
127.6003
582.9600
219.2906
296.2023
231.5084
676.0996
175.4324
686.2028
463.8744
559.0900
846.1080
830.0627
304.7951
188.1844
212.3624
420.5316
602.8434
70.7692
116.0567
269.3375
801.1863
851.4393
770.2319
801.0434
257.6856
849.9081
907.4288
97.5693
315.6561
385.8567
412.5124
528.5950
564.5589
460.3992
536.4461
763.1629
837.0854
376.1942
428.3791
191.5346
421.4200
561.4526
602.4232
696.0161
130.0084
106.2495
741.8513
456.4013
635.7978
701.6822
699.3122
569.4372
167.9692
626.9200
252.9326
299.8817
52.9297
326.6441
530.6162
716.3147
119.7414
658.3774
705.9304
371.3831
273.9566
984.8098
413.5705
160.1663
300.1711
807.2668
665.9845
707.5309
292.0474
852.6455
203.5146
976.5166
579.4329
799.0607
625.4364
173.9845
952.9544
263.0904
356.9875
270.3711
460.8261
852.4704
820.8254
807.2424
428.6573
748.8243
234.0962
983.4154
603.0544
978.2416
558.8097
766.7890
640.0463
62.9793
801.0293
476.8849
531.8683
906.9945
469.9109
292.8757
608.4895
892.9999
788.8615
882.3769
118.8243
296.9683
72.7607
361.7717
652.2712
916.7387
100.5867
584.3030
621.8252
41.7850
934.6588
897.8274
52.3224
973.7611
197.9169
826.5072
464.0733
57.7104
561.1094
727.7034
828.5597
54.9206
597.5601
729.3253
831.0592
748.2943
231.8241
256.7072
457.9812
222.9770
122.5086
327.4062
668.4183
747.4395
768.6947
344.5421
172.0111
267.7580
690.1336
722.8741
705.7993
449.3736
798.3965
288.0379
865.1926
457.0540
949.0762
87.5257
972.4955
346.6524
336.6228
229.9426
333.1835
682.6300
179.4559
599.7119
253.7151
0.0344
369.3514
125.5381
71.8943
555.0956
418.3173
708.7110
851.3053
62.6110
756.4338
91.5017
101.6598
514.8223
758.1009
855.5271
272.1816
124.6862
327.0186
738.1718
754.5028
254.5424
78.1086
124.9772
921.5790
574.4328
604.9650
315.7142
948.4445
705.1713
942.8651
468.0297
213.6870
776.6974
685.9872
409.2588
988.8772
165.3933
928.4934
614.1574
554.2313
683.4761
401.7622
620.4150
701.2643
445.3650
120.0518
439.6569
136.7056
311.1937
211.7451
3.4841
761.0455
886.0542
842.8217
315.4144
893.3600
928.8048
356.4194
640.8199
13.4240
648.6589
983.0386
616.6893
789.5619
581.9128
479.0070
681.1460
607.1969
517.9361
512.4801
181.4631
273.5666
98.6374
548.2960
21.7374
364.7873
332.3810
100.6351
431.7609
672.2341
670.6842
246.0256
60.7930
926.4810
624.1075
419.8111
57.6640
775.8647
606.2439
741.4999
380.9811
853.1216
189.8523
641.9989
330.7811
193.4542
93.9177
631.4105
90.0745
580.6403
645.9809
582.0695
686.7212
722.0515
614.2049
62.1621
409.7627
500.0136
727.3792
738.5829
498.4273
250.6267
808.0174
987.8448
327.7697
38.6785
59.0982
204.7884
189.6717
211.6059
912.9549
435.5501
608.2782
978.3713
994.4062
878.8743
652.3277
226.9258
349.0171
811.3924
518.7593
476.2620
465.9347
229.6780
37.5363
118.6094
444.3206
674.1575
127.4855
93.3989
90.8963
285.3660
205.2416
755.1887
106.9509
380.8231
230.8637
390.4635
27.6734
468.0535
275.5389
398.2830
501.0546
630.3504
734.3414
4.6224
202.6439
23.8219
180.1198
265.2500
655.4728
786.0348
475.9672
814.4090
537.4041
350.6026
998.9633
251.0314
727.8545
247.6369
53.0907
683.2933
454.1627
281.2057
594.9714
755.0634
616.8795
76.7843
892.9793
103.7917
308.6686
431.6531
797.9037
20.2821
680.3785
287.1919
597.7713
455.3730
52.9771
485.2704
264.9635
406.2192
714.2561
535.7832
756.6190
561.9311
668.3522
124.0663
459.8168
897.8075
339.7895
679.6871
543.3123
755.6983
837.8550
997.8440
867.4577
304.0369
628.2774
745.2975
943.0140
495.1311
512.5616
52.0822
204.5008
726.5810
395.3865
702.1984
139.1489
414.9619
122.7575
557.9652
546.2204
766.3310
1.3280
346.2391
228.2820
114.1293
68.8074
669.3065
564.2835
480.3267
551.1520
531.1314
776.6489
436.4191
195.4149
564.2591
5.4835
280.7270
927.9376
402.3249
137.6312
923.8042
477.9348
559.3577
490.7265
422.7236
286.1130
227.5252
314.9321
209.0589
735.7839
797.5749
207.4723
187.4210
688.8100
610.9243
717.5430
371.7982
85.8312
334.6784
836.6739
957.9368
611.4551
685.3965
914.7245
364.6907
834.0549
436.2737
180.5844
692.0393
848.3435
566.3800
591.9243
774.7500
480.6702
151.1013
637.1977
221.5909
431.6134
227.7929
13.7432
874.1294
515.3818
765.6081
571.0592
700.2401
550.9157
906.1727
780.4249
945.4749
558.2317
966.3925
591.4780
874.8112
269.4193
958.9116
971.2708
84.3881
436.5327
765.2951
512.9224
376.5460
612.7138
755.1813
213.8071
696.0869
799.7976
633.1024
155.7894
665.9555
231.3284
864.4747
972.2776
633.3143
442.0932
922.7201
189.8496
979.7363
867.3471
689.7393
981.9916
950.5059
306.7138
124.8168
335.9754
758.1319
66.1368
336.5292
723.6678
327.7708
893.5404
152.0037
524.3651
953.4168
76.2486
977.4053
126.4539
636.2014
747.3986
30.8894
839.7649
5.2057
209.8945
253.3776
875.2882
269.8044
802.1216
517.3745
250.9010
88.9067
286.5451
967.2627
531.8139
288.4588
904.5988
46.7149
911.3553
117.2771
87.6790
331.9224
708.4006
656.5350
203.6916
190.7246
938.9823
982.7319
503.0149
374.6835
240.6763
236.4410
300.5864
883.0740
133.9737
764.3171
277.6471
933.4685
0.1682
135.0881
86.3905
249.6087
238.9021
581.4753
879.6926
355.8308
784.6293
798.1419
830.4691
898.8299
249.9573
257.4320
370.5660
966.8425
818.4387
541.6419
612.3219
852.2241
971.1957
853.7299
730.8554
675.3707
936.1973
576.4948
838.3523
374.2631
430.1937
672.6171
237.3540
627.5618
589.4224
528.1818
789.7502
630.6090
275.7711
692.7626
313.4956
690.7155
402.7014
336.9079
528.0768
62.8225
696.2857
229.3139
824.4679
82.9044
725.0620
209.3258
16.9343
103.0250
11.8939
125.1623
4.6519
926.5747
536.6430
909.9606
938.7318
916.9527
784.1950
63.6616
902.1769
219.4219
890.8143
552.0502
439.4450
704.8236
174.0609
714.4410
719.0359
493.3610
9.6307
364.0192
70.9408
126.3285
584.2102
861.1787
663.8727
197.2692
628.3924
325.8685
976.0154
924.9014
697.1704
241.9171
105.7569
612.4473
971.5669
799.4154
157.3817
92.6573
633.8370
954.9897
512.9589
14.3111
27.8967
818.3652
777.0583
634.5757
69.3593
957.2206
482.9489
345.3358
43.8443
6.6953
243.0648
970.2555
283.3033
296.7946
506.2835
38.7132
516.4106
421.1903
666.3217
523.2258
415.3865
695.6372
201.8082
101.5942
255.2314
132.3005
4.3746
701.1647
344.6487
719.4408
408.2554
634.8689
371.3342
652.7148
32.7703
952.8490
123.0444
610.8315
381.2643
303.4291
658.5328
897.3079
162.6707
951.5367
912.0663
687.6145
643.5479
65.5722
42.7981
69.0488
349.4262
838.8872
817.1885
620.7297
474.3145
16.4819
963.6015
273.1479
176.2509
416.8044
295.4111
694.0460
599.1001
760.7408
698.1339
983.7773
769.3368
655.1422
295.4253
683.0205
742.1397
173.4259
984.3468
368.0860
329.7921
939.5387
765.9562
168.3851
881.0656
749.0135
729.8457
493.9432
830.6530
728.5091
451.2161
538.3556
471.3613
183.3194
720.8564
622.1825
762.2923
48.3180
950.4824
265.6783
353.4288
212.2301
214.9489
969.0451
519.3518
110.0766
827.6011
299.1705
629.0607
520.0215
196.9729
447.1095
347.0394
266.0785
355.5910
706.8536
238.7034
508.5211
670.6270
825.9404
847.2686
249.9255
269.7078
200.6826
88.0694
584.6221
995.6442
501.8973
859.9220
85.0419
151.9910
870.6254
623.6799
667.7898
743.2476
147.8860
997.7514
839.6059
534.0555
616.5511
102.1942
483.9936
250.3912
666.3947
482.0825
971.6032
367.3309
869.8135
139.5855
412.2053
608.2733
8.1490
969.4294
512.8977
560.7418
50.3438
273.7979
458.1105
527.7431
240.1638
29.9501
399.9603
821.6848
868.6954
31.3003
659.3472
936.8468
932.7442
564.6716
735.1080
648.7892
26.6833
625.2191
441.0375
845.9275
541.4875
345.2257
166.2410
52.2102
845.2875
258.5882
565.3784
687.9726
865.0100
415.7760
772.2862
848.0356
867.2351
586.8804
962.7422
224.3217
130.0828
299.9768
493.2569
957.1214
665.4264
210.3878
574.6676
26.7559
748.8026
524.7081
134.0793
460.4159
316.1848
402.7064
44.0571
545.2685
322.0379
847.7214
394.3183
698.1111
730.0505
553.4239
743.3458
639.3097
704.8948
886.1629
753.3655
415.9378
405.3859
445.8906
414.0215
77.5009
828.8235
1.7282
254.6993
171.1284
561.1579
113.3257
62.5176
618.2688
266.0413
967.8995
526.6752
110.8494
473.7299
58.4986
563.6777
478.0761
257.1858
332.1932
238.0967
58.6180
817.8964
305.6407
507.4706
485.6974
164.4999
92.9121
97.8396
772.7885
301.1829
380.5071
355.3479
463.1854
429.7597
252.3710
8.8067
275.0493
735.0035
909.2430
603.7235
373.7274
75.7612
343.8810
483.2067
203.5353
617.2725
997.7027
772.7016
4.9158
259.6093
929.5840
632.7680
750.7249
59.5529
276.5962
272.6833
825.5574
601.8119
191.2941
270.7665
343.7552
679.9929
170.1680
454.9809
102.4250
501.6528
999.5097
736.2399
393.7116
411.7315
585.3870
158.6553
798.7996
771.9814
881.1537
304.9419
913.8531
149.8099
897.5387
98.5683
210.9160
16.1134
913.5102
202.6694
877.3865
83.0858
310.7769
381.4429
555.9845
886.6926
955.1701
835.7346
95.0373
91.1464
276.4643
269.8329
326.3136
580.5170
411.8589
278.3769
917.1470
222.7381
258.2370
293.5020
779.1729
86.3739
582.4869
165.4275
267.1676
940.4074
428.3326
95.0143
84.6938
371.4869
634.2279
432.9890
292.6145
848.3720
238.0098
452.5098
987.6068
9.5195
848.8469
296.1229
37.9310
214.8776
45.8042
144.1265
430.2804
941.3614
34.5046
469.6129
856.8861
125.9071
947.7013
926.2308
257.1828
605.6186
922.9031
74.0273
989.8718
389.6547
471.6339
623.2881
846.7661
956.4416
942.3774
53.1343
935.0824
224.4463
605.5899
979.4819
865.0730
782.3768
838.2807
354.9643
671.9007
740.4230
507.8134
139.8331
29.2853
62.1085
925.7910
156.0398
200.0157
355.8998
727.4387
963.3788
471.4732
48.8113
823.1110
737.6593
772.7610
235.8966
385.0714
562.5711
994.5278
610.4418
625.0905
778.4256
815.9155
498.5405
905.8105
565.1827
536.9327
553.5501
781.0067
870.9541
286.6494
897.4124
542.9983
659.7463
16.0621
897.8967
768.3338
659.9094
336.3956
613.3797
376.1143
73.0684
259.7972
532.7528
509.8122
859.3047
910.7138
174.0171
412.3199
95.7883
809.6014
617.5637
726.3422
734.5301
801.7453
891.3475
369.1084
832.9660
77.4932
843.9351
645.2881
412.9918
726.9632
235.5861
370.4991
352.4874
696.0878
990.6235
512.5567
309.1141
66.5027
474.2570
843.4262
386.3157
693.6127
655.2847
980.7178
711.2273
572.8552
978.8153
376.8005
224.3712
581.2651
863.1450
156.4221
843.3638
751.9841
286.2027
755.5826
729.3577
453.9095
393.3940
667.7137
976.6879
400.1887
652.4833
25.0227
699.7881
58.7541
48.2952
260.3525
998.1299
517.3864
227.0797
380.0282
727.1892
736.5189
503.6144
256.4246
180.2131
349.2433
742.2787
478.0682
272.9946
367.4527
219.6448
624.9358
15.2899
729.0074
147.8916
995.6251
937.7474
960.0755
416.9341
447.3952
388.0314
309.9294
562.8903
85.6400
742.7537
342.9890
224.7903
98.3864
751.2947
952.2129
815.1555
631.9703
138.1791
139.3755
244.0225
883.0814
670.1113
262.4968
723.3765
96.1337
516.0734
164.9460
186.9001
975.6918
409.9864
77.6647
948.3407
85.7662
229.4977
527.7550
882.1044
248.7625
389.5359
901.2476
751.8303
891.4007
347.9900
887.5683
425.6515
305.0497
569.2821
988.3134
646.3124
833.7507
854.5180
798.4198
863.5247
70.2386
663.8299
327.1223
448.4623
604.0232
222.8954
80.3831
219.3137
170.2838
871.2783
378.2905
665.8670
776.6767
621.1460
338.2639
374.2142
417.2876
407.7000
444.2132
790.5811
344.5291
801.0046
355.2286
358.6580
290.4269
556.4550
667.8255
62.7380
807.5589
154.1937
80.2065
736.8616
608.7079
591.7933
362.6384
579.8396
245.0169
114.8874
946.7060
156.8813
841.3135
348.1532
526.1232
847.0145
63.4611
115.6264
973.9837
531.6576
379.2839
264.1375
728.8970
394.1887
737.3956
871.6261
222.2467
85.6852
613.8752
139.9316
534.7844
177.6068
554.6505
899.6028
762.3861
288.3114
66.0914
420.1396
422.4568
174.8155
124.3030
592.3134
822.0789
496.5755
983.3710
459.2577
712.9399
210.6173
22.1934
272.2625
247.2399
328.7823
223.7209
365.0952
293.1689
678.5767
322.8846
794.1084
767.0349
768.2675
792.8064
979.0456
969.2974
483.8950
684.8043
81.3728
697.3601
971.2664
229.2456
742.8299
174.0725
203.0800
423.7570
846.8854
372.8543
935.2341
192.4969
141.4200
807.8560
328.5064
72.7686
473.9324
399.2255
660.9715
988.6778
837.3622
494.2100
724.8644
673.2033
394.3838
712.9110
453.8763
949.6277
534.9132
733.0541
634.4875
406.1525
257.4718
638.6503
308.8763
493.0622
731.6859
63.6678
971.8360
419.5184
512.1849
419.9183
999.8612
862.0250
360.7318
631.7029
419.5705
7.4108
231.0648
134.4435
835.0876
207.2983
919.0897
629.5943
889.7538
288.4813
778.8572
617.4325
851.9632
693.8426
61.1027
312.0897
833.9531
584.0321
938.0448
458.1131
544.7285
135.2731
470.5138
570.8629
383.7442
929.1511
568.8967
521.2813
599.7802
351.9105
229.5312
399.5003
606.7293
774.8237
420.7452
256.8547
30.1117
51.4676
318.5173
440.6203
864.3468
204.0194
490.9615
829.2676
733.6887
93.7707
814.5961
677.5501
374.4234
142.4396
846.4269
354.8473
412.5763
758.4314
454.7370
7.5823
121.2744
171.8788
320.8199
983.0856
479.7639
167.0654
885.6614
811.5062
438.9276
321.1765
961.3183
527.6762
221.0273
107.5796
832.7955
950.1079
682.3590
3.5975
449.4927
597.0842
967.3638
694.1002
722.2481
524.1025
340.7869
783.5606
348.2333
68.6471
734.6618
173.0782
32.4323
778.1370
697.1658
947.1576
656.9774
20.9527
143.0555
58.4641
50.3329
862.0032
485.3500
740.1231
382.9828
435.6864
221.8009
571.3181
326.7357
114.7919
231.6445
43.9755
664.3051
537.3217
493.9565
736.1390
526.9437
517.1057
614.6615
780.5048
488.8625
517.8142
963.7370
828.6008
784.9639
509.2650
53.5825
605.7867
612.8489
630.5784
746.3654
935.3408
490.5673
419.7242
62.2452
844.3559
616.3446
101.2452
123.6686
193.3435
51.8951
121.0066
474.4774
363.3624
240.6414
297.6615
592.6000
850.9085
410.0782
102.2912
977.5992
563.1420
106.8373
234.0818
190.7540
979.7956
467.1125
903.5332
569.6756
212.5858
166.0303
911.1462
232.7938
211.6375
690.4503
76.3672
940.6287
684.8121
888.7728
106.2905
871.6335
21.4063
143.8973
579.4788
178.2410
382.3841
111.7914
389.2173
910.5921
518.6354
823.9863
548.3299
473.1063
482.4742
766.7885
605.4193
261.2297
47.9514
276.8794
303.3498
409.5032
500.4198
535.8876
917.9043
332.2036
370.1558
347.4708
52.6983
577.9470
551.0184
406.0207
459.8570
665.8313
351.6269
930.0872
453.6726
729.0367
528.1399
149.8804
378.5193
374.6223
234.2958
556.4258
128.2809
346.3053
12.4340
928.3577
578.3363
826.7301
859.2405
469.7711
315.3689
484.1019
510.8820
457.5989
705.9007
481.2308
99.4207
241.8718
262.4830
831.0368
930.3418
114.8328
393.5413
231.6665
956.9093
437.1065
967.6304
132.3518
421.0343
580.0742
474.3852
110.4738
371.8112
860.9396
389.2777
901.7014
831.6935
589.7390
985.1333
20.2685
738.6411
867.4749
29.4484
584.9939
97.6361
684.8188
349.8402
580.0468
76.1786
628.9512
45.2081
291.8767
460.8687
602.8546
624.4877
49.9473
917.2216
537.5600
762.3591
575.7568
786.4766
92.3909
20.3941
543.3895
448.4401
308.4365
380.9527
832.2436
442.6392
525.3801
958.6296
44.1805
102.6335
947.4998
33.8452
494.5386
618.1992
874.3695
397.5123
527.7186
253.3025
458.3243
326.5503
320.9488
537.9173
195.8902
225.6116
226.4415
633.6275
567.5897
818.2542
859.2496
153.0996
214.1933
313.0861
5.6602
999.5804
983.1538
915.7631
596.2638
711.1389
735.2235
92.2457
684.5262
404.1131
838.1125
210.8787
817.2673
190.0969
917.0717
992.2469
412.5163
215.8932
202.8604
220.3409
837.2459
905.9837
453.2020
353.9636
71.2977
943.3344
352.2240
262.4359
693.2322
189.9737
228.8097
826.1081
466.5349
905.6168
453.5429
812.1624
966.6370
566.5542
895.7192
815.1314
73.9598
572.7356
52.6680
247.9393
574.0674
235.5738
384.6540
603.1421
228.4374
992.1456
70.3339
661.9090
798.0903
271.2086
602.3058
110.9469
716.2158
533.2915
822.8788
803.0522
485.3061
3.7240
965.4795
642.6367
868.4630
846.6888
529.7958
193.9564
917.8085
503.0797
683.1212
98.7677
330.4649
527.3322
820.9445
863.7616
519.7705
860.4837
172.4583
199.4106
786.0877
754.3501
603.5193
128.2232
614.6868
103.1474
655.1604
61.1690
280.9521
858.9430
570.0501
495.5227
337.6435
767.3116
891.5155
947.7044
842.6525
119.8947
550.1980
99.8664
441.0682
8.8033
177.3944
844.7916
935.9073
635.1587
423.0886
905.7822
594.9181
120.8094
183.7911
219.0800
483.0085
22.9694
137.3856
453.5822
193.4117
714.2284
259.5445
495.6515
823.5824
651.4932
803.3003
664.1511
971.1035
932.5687
512.3038
664.4945
928.3335
406.8343
256.3129
752.5071
626.3230
403.5966
752.9874
655.7625
753.1848
169.6925
550.7796
139.7826
928.5057
597.9087
820.1937
237.7418
729.7556
942.0722
293.8324
133.9178
14.9961
505.8977
636.8552
525.4837
578.7024
586.0219
625.8865
647.0493
30.1080
805.8549
46.3584
198.5316
18.6965
894.5666
533.4629
617.6361
700.1396
132.9214
155.3665
503.4192
543.6049
82.5406
917.5597
971.4137
137.6426
592.9250
120.3196
100.7548
568.4074
845.6498
556.3968
66.0076
371.3423
140.2619
903.0026
611.7812
718.5305
276.7965
774.0017
442.8758
728.6688
238.9756
942.0260
709.7341
553.7904
839.9788
976.3461
82.9832
778.8905
185.9050
436.9181
877.6841
111.2345
297.2021
200.0835
483.9103
845.4560
392.6775
370.3462
189.4998
694.8180
576.8029
919.5042
994.2008
647.9080
822.9500
468.8463
147.7242
737.2321
514.7136
651.7557
7.5047
2.5262
789.4865
125.0183
105.5440
516.9099
282.8809
587.6438
49.8163
769.4236
710.8960
753.5594
380.7243
355.5783
711.9735
657.0990
991.8844
90.9323
267.7499
970.5627
62.8015
755.3971
748.8836
556.1918
491.2243
231.4445
459.3000
828.5576
519.3653
373.4349
450.1778
149.8111
181.3225
429.7430
8.5741
730.3665
495.5438
218.1369
785.6538
954.5942
351.5910
11.6042
142.4067
752.5750
124.5841
751.3924
796.6916
974.4676
971.8240
281.0227
851.8977
848.9016
352.1978
975.1014
53.0748
955.2179
431.3962
47.0881
387.3230
31.9739
543.7370
192.3649
759.6088
422.6457
156.5180
448.8017
417.9424
626.0160
237.3498
607.8741
486.8402
629.8928
678.0306
142.3723
85.8338
460.3185
478.6518
215.0918
453.9480
183.5022
43.8156
621.8520
155.1291
737.9263
524.1964
484.1981
909.4219
359.3943
934.3065
559.9708
395.3281
140.6826
474.8880
811.4949
241.6347
402.6183
718.6361
101.5241
858.2752
639.5841
333.3539
741.9928
478.2001
185.9267
907.9932
154.8093
222.7957
960.8169
549.1131
217.2597
480.7739
568.8800
916.2051
41.1119
299.3752
337.4047
918.0834
323.7974
684.1661
854.3854
914.7365
256.8589
822.7190
878.9590
917.8897
633.3944
121.4931
910.8654
663.0337
96.3074
344.9429
923.4272
542.7626
939.9943
939.8833
95.3562
36.3210
271.9106
78.2064
768.6329
105.0277
329.4512
598.0767
268.5125
791.1354
861.9909
576.1115
859.6433
935.2619
189.0827
517.3399
684.2268
219.2074
23.3717
851.5503
747.9248
245.5938
269.1693
463.7901
322.3739
931.5590
850.6522
304.3016
839.6655
959.0260
623.3470
713.1728
608.5114
669.6362
246.3740
51.4948
161.9904
717.7861
132.8465
100.8700
535.2406
451.7716
923.7321
396.1937
315.3160
240.2247
329.8677
435.3302
743.3105
717.9299
434.4624
771.5781
646.7007
660.7147
388.9976
99.5414
562.5395
628.1369
942.4459
210.8191
292.4130
938.6378
807.8089
306.5962
722.7582
880.3761
680.9026
997.7313
100.8564
335.7905
593.0015
792.8633
88.3993
533.7251
340.5431
825.7740
236.9679
664.9572
673.0861
712.3718
891.8449
906.3538
243.0377
371.4507
4.7006
399.6454
440.9250
626.3529
826.0518
136.7371
458.9963
102.7211
194.7818
254.2037
327.4497
751.3639
64.0144
645.2925
370.1608
898.1050
943.8247
8.7236
877.0138
863.5812
260.1649
298.1670
388.3446
325.1648
724.2784
434.4749
502.6081
283.3000
764.4123
301.9323
708.9852
892.5771
322.4945
652.6081
770.7437
228.3072
672.7217
465.8806
769.7673
102.8247
463.9136
987.1807
782.1255
81.0155
872.3977
367.9408
84.7131
538.5993
27.8039
859.0741
863.4959
928.3195
798.0187
867.9554
629.3078
244.5950
225.5582
861.1183
666.9452
706.2562
878.8546
369.9494
664.2872
492.0477
199.1055
579.4967
244.9704
548.0149
555.1494
999.8154
22.2494
776.5122
132.6056
649.4147
939.9966
282.9874
124.7178
356.3630
648.2128
608.4601
477.6201
848.9046
135.5392
612.1496
958.5112
618.5973
619.2829
725.1775
564.3827
938.5830
248.3124
418.9943
169.7618
890.2519
211.2629
481.8603
859.3795
285.4449
114.8296
826.5512
514.2118
821.7421
206.2969
163.5501
233.8722
427.9024
524.4570
221.1823
21.3612
738.1063
268.2333
810.9588
378.2737
102.1548
880.0710
591.9957
435.1298
924.2595
57.3513
121.5363
261.9605
669.4862
210.3737
189.0576
611.5986
310.6274
516.3597
62.3851
91.3348
34.9361
290.5066
104.9409
572.2804
589.4197
807.9825
244.4512
875.4962
327.0072
694.7446
219.6461
864.1142
596.4534
168.3277
973.6346
236.5123
570.6262
93.2138
33.0600
639.5266
175.4201
704.2795
640.4866
263.0471
729.0968
228.4562
132.4785
325.2052
795.1721
396.5106
435.6017
919.4815
50.4589
110.8341
186.6645
91.4443
195.6682
441.2257
506.8454
525.3057
58.1642
253.4050
241.5140
747.9825
559.0137
79.3909
149.6033
287.1069
669.1460
619.9601
758.8533
60.8695
818.4731
849.1647
60.8049
941.9997
38.9504
152.1652
432.9518
802.9365
308.6976
170.5209
851.4019
358.3936
603.5655
985.0963
283.5575
188.4837
795.5385
363.0343
510.5067
228.5924
296.4351
739.5124
597.4099
110.1025
422.4296
78.4285
8.8474
317.0731
632.6148
353.3663
932.6070
494.6727
400.6841
926.9226
823.5162
532.2343
830.8990
920.9254
918.2667
30.4794
697.0051
620.2039
487.8764
681.2096
775.4298
192.1085
979.6385
718.0616
799.7439
502.6024
476.8896
450.7906
709.7405
385.7798
30.1547
267.2310
467.1405
61.6795
453.8094
373.5904
746.4042
754.9715
702.0057
867.8915
350.6667
263.2911
111.7415
127.7210
568.9521
801.7952
963.6677
813.8430
136.0421
974.2667
30.8672
970.7484
910.1107
94.8220
984.3193
821.0695
805.0209
708.6041
448.6353
295.4981
375.9936
774.6212
677.2214
530.1789
689.5897
443.3451
839.7383
709.6795
315.0073
545.9293
891.0896
707.5720
566.2072
515.8913
258.8628
251.3663
163.3137
771.1596
468.2623
524.0124
764.6423
21.6008
681.5091
861.5759
480.3467
618.4015
80.6181
173.7719
116.0026
202.8934
657.3819
366.9039
612.5723
221.0257
674.2616
196.0757
191.7184
147.3795
915.6355
369.8626
259.6967
179.1178
867.2276
406.0760
724.4240
384.6401
968.4093
870.7039
305.9797
483.8351
172.4497
571.4442
619.3541
362.7622
699.3716
358.9201
106.9401
854.6561
776.2291
852.7098
485.2188
162.1325
321.9392
505.9283
951.1182
705.4353
45.1848
371.0536
377.6032
164.4597
991.5237
437.3688
76.2532
357.2875
21.5235
999.0155
160.9020
364.0145
937.1530
290.1579
584.7346
971.2705
185.0489
166.1456
11.4421
461.3803
99.8096
752.3178
6.8119
114.1612
924.4852
611.9924
304.4286
501.1047
159.5809
685.4126
703.1615
195.0552
769.6779
109.0864
738.9506
971.8875
852.2014
767.1739
480.5132
675.9993
103.0960
177.1009
710.5962
868.8061
433.0447
638.7551
987.5742
353.0761
916.8873
258.1558
597.4450
985.9764
551.3223
586.7021
580.0921
995.2618
488.1580
782.6953
262.9389
93.0070
648.6016
676.2337
275.1132
930.0736
805.0004
178.7030
868.0613
811.3795
269.3926
878.7813
501.1685
239.6306
10.1330
488.7950
319.0486
145.1452
187.9832
81.5574
953.3959
610.6479
777.0615
310.3617
552.4153
884.1667
418.1332
247.4675
546.1227
157.3557
899.8128
473.9706
631.2656
787.8926
213.8377
434.2001
201.4679
196.9110
327.0681
613.1544
353.7010
882.3355
628.3388
732.0959
85.2202
262.1344
387.1150
157.1688
977.0532
533.0043
426.5488
491.1129
698.8895
56.2728
995.9921
707.2820
723.6456
80.3649
3.1403
319.3394
460.9043
43.0993
498.3953
609.5703
537.0635
9.5903
140.5862
321.9992
153.6507
336.1803
862.9590
902.9333
570.0259
841.8996
786.5095
390.5124
13.8376
363.6663
896.5164
146.9084
620.7603
498.3178
121.8742
811.4440
478.4237
852.5825
676.1600
302.4246
185.9581
582.9335
963.9372
40.9091
583.0968
737.9874
137.3328
651.5239
387.6032
930.7123
779.3908
253.4489
843.6127
833.1536
820.2388
329.5004
385.7765
610.4303
835.0052
461.2199
885.1774
714.9222
88.6577
736.0319
302.9326
986.5229
711.7698
45.4200
703.2165
703.4971
37.9431
509.0228
318.3355
378.8990
403.1912
721.7208
38.7595
5.1611
372.8755
545.0707
954.0767
495.5831
166.7792
538.7554
18.0142
720.4751
138.5450
492.8049
53.6474
522.6494
480.7983
190.9764
75.2397
211.9056
398.0416
917.3736
235.1651
400.8034
246.4405
5.1252
595.6801
919.0443
317.7683
52.0807
668.3709
2.2271
218.0029
452.5388
717.0333
633.9334
63.7427
566.8328
474.8421
192.6961
678.8412
799.5175
744.0759
238.2481
532.2304
223.5027
548.9518
732.6745
565.3024
881.8158
769.6036
811.6771
509.8079
150.1922
920.8190
993.4521
124.9893
648.2221
94.4976
673.6950
459.2719
198.3697
789.4207
769.1626
998.8019
811.0892
220.0370
369.6961
438.2925
255.5719
746.7112
70.9574
176.8120
908.9377
155.0258
886.6121
172.8577
415.0520
139.9244
102.9722
878.4865
781.6273
161.9371
489.4144
902.0454
353.4253
363.0893
484.2400
788.9463
729.1339
398.8359
761.9580
983.9567
509.1191
735.7245
593.8203
574.5239
350.0142
805.8871
646.2549
520.9518
90.0849
819.2376
353.8264
433.7526
219.4461
554.8282
885.2246
536.2439
486.8390
324.1204
73.9427
969.9785
455.0349
605.5417
36.4545
266.4065
707.8980
290.0440
461.8526
427.1463
190.5631
426.0869
774.2540
367.9309
720.1299
770.5933
673.4857
505.2222
92.6784
227.0245
893.8346
388.7537
718.7014
964.8735
431.7768
787.6870
635.2803
13.2599
634.2651
47.8947
896.8022
817.6711
468.3203
652.0434
768.7395
44.8737
194.0384
169.3044
993.5861
430.2938
659.7697
862.4656
941.4606
88.0361
521.0645
325.2010
79.7668
488.9544
641.7027
427.3205
541.7117
970.2524
213.1784
45.1740
966.7585
965.4180
509.5878
794.7863
727.9088
380.9188
299.6710
847.8562
211.7218
921.0614
943.8873
928.7610
936.4283
896.7511
754.9744
428.7464
965.5959
330.5991
627.9905
999.8876
139.7898
884.1294
730.2498
564.5178
651.4653
182.8719
662.4846
610.7386
631.5290
419.3101
763.6946
161.6430
908.5085
842.1819
417.0671
169.8604
984.2411
251.5425
844.7494
387.4647
501.5329
59.6111
132.0170
559.3197
168.8543
316.8612
457.7504
51.3549
915.7079
230.5365
501.6315
288.5046
907.1772
427.3073
623.8061
500.7514
190.7223
794.1294
730.3796
487.3210
647.3567
353.4069
136.2278
462.5734
310.7931
38.6937
575.7206
128.7702
40.9312
441.8919
174.4156
476.0875
328.4571
182.4484
335.2148
791.1791
339.0491
843.4286
851.8326
783.1058
673.1619
295.5035
593.0583
298.4952
753.6205
283.5679
812.2474
155.7860
9.8275
802.5705
753.9312
578.3861
249.4560
817.7068
596.0590
446.8465
491.7679
230.5589
490.6433
47.0698
560.9805
411.3891
855.7323
458.8845
546.7125
417.0489
181.0543
303.8473
173.4508
108.7686
885.8778
232.6312
103.0312
471.0951
160.5009
89.6182
947.8826
846.9636
823.7278
236.8162
190.0653
33.5101
423.2494
146.0033
247.0785
361.5889
605.9324
81.8668
726.0230
773.3365
9.5677
120.3007
925.4116
861.4995
837.4192
450.2759
54.6071
198.9160
181.2803
657.3155
831.9270
47.5309
691.1389
325.0435
352.9724
277.8014
79.3187
726.1384
520.2144
564.7841
352.8058
35.1831
452.7337
115.5812
494.3748
687.0766
93.1936
506.3147
526.1174
357.0921
189.6430
733.2090
144.9330
187.6521
914.1066
772.8007
359.7415
680.7320
870.0259
690.2981
291.9114
748.8280
337.3067
152.6892
229.0549
901.4687
374.6677
729.3895
192.0840
15.2962
379.5534
33.0154
895.5434
362.6854
816.3574
710.8541
789.2140
252.0750
581.7883
827.9061
80.1844
182.6417
644.1836
555.7561
185.4024
89.0384
791.3057
349.7076
913.4627
727.4245
66.8896
708.1543
436.1609
505.5833
29.3547
963.4805
240.4629
988.1695
58.4828
491.8590
187.1406
845.2042
850.8700
819.7139
708.6962
688.6782
677.3952
453.5759
452.6754
66.3940
235.0010
847.5491
214.9391
342.3537
217.1928
746.7518
727.4109
431.2584
477.7255
936.0564
822.1224
256.0493
678.5689
373.7796
889.3673
838.7951
290.3122
969.6082
874.0481
731.0921
420.9099
979.5796
601.4196
899.7172
238.1563
933.2185
584.7304
133.0576
29.3868
505.6191
385.0605
549.1785
546.6932
186.5851
454.3274
397.7531
686.1418
544.4502
872.8394
116.9813
550.9923
50.7628
811.2130
877.0363
999.8030
358.6265
124.4197
206.1810
920.0937
924.1907
152.8221
401.9483
289.0206
499.7101
564.8288
674.8944
415.9682
513.9196
883.9113
94.6646
348.3995
385.6797
48.0965
89.8700
506.2486
589.5793
947.0536
121.4348
654.1343
92.5408
230.1058
627.0974
982.9850
27.1737
710.6269
540.1149
754.2200
41.8060
693.6974
488.9862
110.1875
195.7759
347.5510
104.7990
584.9820
975.5018
618.8821
770.9323
932.4210
40.3903
341.7824
625.0090
568.6947
894.1961
352.9074
418.7352
909.6867
352.2050
791.6120
93.6216
732.8728
444.9223
25.2963
876.1356
289.4870
336.0069
806.8881
753.1124
628.5384
334.9161
681.1805
920.2438
444.1353
723.8579
750.1245
6.2403
509.3350
708.5982
416.3489
115.0274
477.4827
557.3191
843.1580
270.9739
880.5662
33.2505
386.3120
84.4710
134.3149
83.8750
328.3605
291.4346
15.7561
419.0679
481.8584
650.8872
956.0666
847.1935
161.3147
53.8530
822.0247
637.6829
969.3494
931.8137
472.5460
595.6885
731.7133
510.4064
248.8876
350.0101
799.2009
568.8384
802.7005
958.9264
14.1059
99.9530
766.4259
104.7140
111.7316
35.6926
716.4105
216.2294
658.9567
281.6548
40.4116
638.4014
180.0567
978.1293
667.0228
792.5043
784.2717
513.2825
21.1797
25.4232
685.1251
411.1049
758.8208
508.4181
667.4862
560.6496
631.8358
33.3775
289.6174
988.7731
419.0955
966.9597
845.1758
952.5893
266.7908
638.3277
543.8409
720.6875
248.0479
687.7887
451.5375
861.2251
481.1060
534.2849
573.9769
328.2847
766.2258
934.4606
990.4275
248.3727
529.4261
861.7583
683.1480
245.6653
567.9698
591.9142
493.2989
761.5543
154.1925
818.4972
122.8146
687.6147
644.4143
672.3734
807.3892
658.6687
65.4855
190.4708
291.9724
914.5074
106.2773
434.0944
76.6446
857.8502
232.7672
894.4022
53.8459
520.4343
766.3096
555.2989
406.0671
885.5222
217.0925
32.1969
664.1840
199.9923
612.6618
766.7475
975.8289
177.0024
47.4792
89.0128
757.5465
786.1952
422.5331
277.2876
785.6100
365.7460
891.4004
280.5482
323.4130
8.6904
761.6766
592.4170
480.1232
925.3494
577.3210
289.5664
697.8440
432.8260
747.3000
57.8511
265.7160
816.8189
469.9446
758.5502
916.6145
236.5308
175.5780
949.0333
394.5809
68.2112
790.0790
785.5774
450.1641
81.1136
75.8077
990.1034
596.8533
48.9223
437.9019
474.7088
302.6400
930.2849
566.7222
996.5740
448.2925
259.9921
69.2668
91.4514
167.8827
198.4446
25.8732
846.9636
4.3509
559.8202
224.6977
549.7143
800.1551
595.3749
462.7436
720.7477
170.3035
826.2075
424.1300
361.0999
656.8195
980.1171
539.6771
40.9232
369.8911
6.7814
251.7362
781.4559
794.0604
618.7677
944.1853
873.1160
281.7949
468.5755
702.4022
426.2565
34.3562
328.1184
237.3345
862.4203
870.3132
63.6482
938.3720
314.1427
932.5846
44.3115
466.6127
603.4376
269.1572
717.2822
677.3339
697.4590
803.5216
8.6794
249.2918
857.0200
776.0966
795.0701
294.6696
592.5408
999.2733
463.3198
385.5586
61.4025
727.0641
306.8215
778.2164
679.3440
422.9723
132.6476
318.4631
999.4627
465.9589
251.7965
605.9610
219.5403
262.5124
290.7023
918.7383
424.7127
335.5354
866.3271
977.2333
963.7744
882.0437
826.9353
984.7670
827.9985
158.7206
813.3421
817.2419
155.3088
628.7148
113.4964
566.8645
398.8671
692.9503
934.7156
353.9682
763.1814
905.3385
545.0778
101.8188
721.0287
723.2091
682.7873
796.7965
717.7882
87.8827
713.0551
26.7546
103.4212
160.5509
504.2165
411.3179
961.2443
269.4904
363.1648
477.9627
545.4276
324.6538
919.3646
822.7163
481.1996
191.9643
64.3096
177.3606
712.1000
50.4882
572.9553
759.1049
769.0679
542.6347
745.9218
508.0130
603.8646
662.0567
330.8457
293.1602
83.5073
604.9340
627.2776
990.8222
203.0053
277.5457
194.3022
316.9571
400.5886
477.9002
124.9236
646.6416
580.7870
59.7162
909.4130
938.4286
950.0837
100.3503
941.3762
377.0043
63.4421
641.8323
381.1303
109.6696
943.3135
161.6154
159.3750
862.1071
746.2785
132.0961
977.6039
681.7796
624.2865
83.0562
62.2792
705.1554
530.3616
135.4049
23.0839
625.5526
970.3391
796.0111
2.3737
173.4075
156.9460
732.7176
817.1801
101.8467
730.9164
899.2550
293.9879
879.6964
975.0737
474.6577
493.5617
739.5466
253.7797
603.6717
227.4763
653.6675
793.2574
366.1352
89.7444
556.3003
53.5280
176.0095
608.3977
968.1678
916.5723
98.3916
183.1060
322.4352
909.1849
60.7741
375.4756
178.7541
176.9478
140.9815
80.7330
845.4111
411.0562
644.8738
36.9882
534.8767
875.7829
399.5779
964.2676
508.1224
151.3276
960.1016
352.4156
403.0260
686.4025
611.9692
955.1857
187.5176
832.0669
204.9885
758.9964
934.4754
910.9490
637.9760
981.2665
684.1962
365.6368
697.8545
462.7402
446.3555
417.0608
677.5955
886.2029
549.3558
385.1007
819.0147
217.7321
373.0950
632.4663
190.3646
547.1111
675.0432
730.2028
229.8405
381.8280
671.8431
364.7593
256.2850
838.5213
574.5581
114.5586
343.1351
613.8812
105.8170
817.9764
801.5530
449.8473
129.8555
0.7890
215.5082
328.3315
98.3904
945.4351
336.1704
164.4192
307.9572
817.1192
694.8429
93.9265
938.0519
921.9177
390.2552
21.2509
823.1542
18.2608
225.2896
436.4146
337.2288
773.1529
221.7873
914.4825
25.3530
150.4551
264.4743
718.7087
673.5882
3.3629
428.5561
621.2034
259.9773
524.7292
689.4002
162.7364
509.2046
165.6166
307.0292
789.9031
40.8395
736.1608
10.1035
802.9092
59.1071
813.6789
966.8852
632.8078
361.1514
157.3680
134.5779
349.4733
542.0033
33.3538
285.5813
610.5282
906.0171
272.1400
8.1686
3.4130
145.2429
96.5522
31.9961
418.4082
326.4782
520.9863
640.1785
859.8523
10.9505
830.0748
818.5906
430.8645
808.7418
145.1970
985.2736
669.9319
251.0947
561.5134
719.0712
398.1424
276.8536
230.5975
515.5985
71.3603
750.9265
389.4160
627.9204
695.4010
992.5472
910.6523
237.8842
318.6925
721.7676
273.8369
526.8573
635.7572
824.9630
461.6239
228.1967
965.8408
805.5365
754.0379
726.6750
562.1735
876.7016
313.4523
875.0283
538.9565
977.8492
552.8055
113.2377
904.4514
884.0107
137.3073
16.1781
784.3607
98.6761
487.0053
454.5897
25.9251
68.8982
580.9423
960.7617
715.7362
698.9453
732.9374
392.5800
191.1909
142.1069
697.7425
677.3826
413.2332
296.4248
93.4557
716.6338
955.3373
270.4767
26.8494
419.3502
907.5411
646.8866
665.7107
630.6668
56.8074
507.7854
769.4719
875.6110
357.0597
85.9052
871.2826
617.3804
403.1421
446.5681
282.4990
794.2748
945.0221
821.4367
41.0723
255.0490
853.3392
113.2140
666.3880
490.6024
61.3118
375.8664
186.1867
92.1866
745.3931
904.7740
592.8740
968.6330
695.9948
473.3252
513.5069
920.6707
186.7091
772.5850
799.8268
353.1927
11.2569
375.8908
213.4761
639.3569
601.6763
269.1911
630.0485
527.3695
46.5160
43.3440
479.6985
907.1780
33.5708
799.3726
737.2388
64.8589
659.4404
864.9915
259.0494
212.7906
19.7415
831.0976
91.7327
395.7374
600.0618
13.1605
801.3804
238.4479
430.0336
352.4278
861.4019
106.5721
747.1249
339.5538
387.2885
335.8207
525.4476
983.9600
3.8061
183.4401
484.6871
959.8267
174.1137
22.3128
383.4622
35.2447
11.1348
543.0588
793.3100
544.5158
905.0025
780.4777
9.3316
394.6219
682.6891
336.8657
448.7509
783.5632
998.7025
279.1287
142.5743
196.5542
740.1108
996.9262
567.0436
306.3663
389.1162
971.8293
728.6127
85.7846
761.4922
745.7198
259.3622
612.9607
587.4648
236.3625
531.0612
370.6530
250.0195
307.6898
526.0715
847.4543
343.3851
376.5263
784.2591
93.8187
256.6574
968.2529
713.1090
832.2667
270.5921
27.2006
367.0346
934.9988
304.9483
907.1089
70.7662
122.0656
641.9227
964.7295
978.5819
197.3007
147.9522
89.3613
739.3303
986.0262
977.2684
445.2727
192.2501
343.1718
535.0707
832.7519
24.9008
316.7756
177.2806
883.0746
684.1329
424.8183
250.7932
517.1770
939.7755
265.6340
973.6496
11.3197
624.3890
60.3118
33.5055
641.3312
274.0436
548.5319
849.2009
710.9405
334.1128
426.4541
894.7968
776.0352
828.8347
387.6281
221.9925
989.7429
738.0272
533.3268
906.0433
765.4422
37.8606
487.2427
388.0376
262.7584
136.1619
346.9630
743.6077
443.5795
659.3130
638.2093
471.7055
142.7252
842.9869
277.1530
980.6426
7.4345
65.5959
689.8336
539.8877
608.4572
296.2772
107.7960
502.8482
13.1429
583.2485
377.5991
345.0336
906.4153
966.9126
858.4560
569.2018
934.0487
146.5169
608.0395
644.4233
692.8613
155.5062
138.2397
438.7934
546.1339
337.0854
3.6569
423.4699
54.9799
67.9758
63.2551
706.6453
467.2898
474.1637
425.9733
314.5053
19.3454
21.3793
834.4336
738.3895
512.1702
811.3703
449.7677
184.4104
479.6972
854.7149
426.6808
369.9229
392.7188
461.3862
480.2724
385.7838
33.0273
545.3939
232.1514
356.7235
388.2579
559.4701
816.9667
190.3716
901.8110
411.0106
2.0179
606.7274
268.3792
511.0795
518.5363
146.8774
930.0144
989.9373
245.4822
694.6591
852.9127
533.4313
908.0097
653.1377
194.7956
912.4478
150.4369
683.2909
193.6355
429.7927
164.7434
378.0001
646.0067
152.0487
814.6067
190.8410
735.6706
961.6699
519.6499
909.6010
643.2469
32.2046
383.0011
151.0403
899.9794
539.1842
936.0678
332.1059
150.8315
297.1919
737.3463
652.4184
698.9628
649.2503
452.1863
579.9682
206.9054
261.5432
665.8161
2.9462
235.6036
1.9108
354.4833
633.4686
316.7455
64.4098
253.7224
97.0465
872.7647
134.2846
13.1520
680.1471
867.6408
473.2197
130.9330
810.1085
60.5761
530.7637
934.9429
651.8733
111.3498
423.5722
256.9037
615.0849
240.8655
128.5935
268.7506
276.1420
17.6512
288.7648
963.0723
751.3329
588.3980
640.5506
119.4098
129.9538
264.8309
938.2078
675.2177
322.3483
848.3921
283.5682
886.3857
269.4745
358.1402
570.5172
576.5780
944.8853
644.2792
90.6745
431.0079
989.1697
781.5027
49.4017
691.9997
893.8551
105.2578
674.8381
957.1099
698.5631
663.8893
137.5637
881.5449
175.2603
965.4897
446.2093
792.6442
634.0521
383.9792
160.6088
317.6995
664.5616
8.5582
282.1866
32.4026
246.2452
952.4804
137.6056
643.1179
655.8825
990.5248
58.8012
237.4713
795.4613
624.4832
562.0181
205.7345
849.3615
207.5702
292.8080
876.5288
40.6731
392.4433
843.4225
924.1208
319.9226
428.5553
89.1002
272.3488
17.3988
98.4945
523.1742
803.8642
239.8468
479.1815
555.3858
201.4193
138.8570
694.5066
543.8751
491.5846
429.6420
149.8314
277.5538
795.7797
61.1680
527.8768
855.0734
913.7265
303.1560
553.0003
659.0352
229.9210
911.5377
883.2108
946.8795
512.9578
520.2229
413.4904
554.4542
124.2951
878.1182
281.2367
539.9241
647.4408
23.1474
686.3639
906.1351
937.6801
206.0781
231.0827
593.2503
617.8801
192.8562
368.6805
312.6447
931.3618
353.5913
566.5893
426.7987
478.1777
280.2046
545.6613
256.2608
824.2841
557.9637
386.3163
316.6776
758.2111
329.1286
453.6240
920.4355
315.5886
461.0405
563.2762
177.0584
475.4962
430.6041
878.9398
171.9800
490.5478
134.7961
533.2671
546.4742
557.2267
998.0423
726.8406
83.6868
144.8528
126.8167
881.0730
685.5981
402.2126
656.7910
480.1607
270.9235
185.3061
451.9369
506.1422
686.4106
311.1462
674.2373
963.2730
26.0922
888.4840
723.9103
524.0927
550.4786
416.0593
682.5838
609.4020
492.8736
480.0095
26.1296
934.1016
390.3321
45.4005
250.7792
573.5467
203.7100
900.3541
455.5878
689.3569
301.8991
819.6158
467.6543
995.4511
575.0848
711.4563
241.9044
508.0184
470.0272
627.6337
99.3983
214.7786
393.7679
279.8409
320.4265
320.7666
81.9146
11.9508
674.4313
904.7354
263.4093
852.4213
106.0078
577.0184
540.7067
908.6882
174.0361
264.1480
571.8017
900.2327
771.2598
906.7490
369.4255
154.1730
187.6690
522.5400
285.6064
491.0172
436.7726
613.3959
688.0456
981.2371
694.9226
418.9540
484.6331
759.9247
912.6176
870.9277
641.0395
805.8692
27.1042
431.1436
124.2235
825.2269
402.9320
676.5119
717.3092
280.4057
740.0202
671.5469
838.3322
360.7725
622.7786
551.3150
612.4739
701.4077
358.9099
215.7571
373.1123
878.7172
740.7112
234.7002
772.8861
848.9254
871.9465
269.4039
638.2991
23.4224
147.8350
609.9458
941.2486
490.3971
272.2501
604.1422
452.1491
846.5583
436.4909
875.4371
844.0777
493.4836
700.7738
760.9676
947.4112
505.0469
203.4217
981.7125
779.6924
254.7512
341.7462
243.1139
677.9357
582.1656
271.7787
844.6491
25.9904
549.8488
554.4437
606.8804
877.1112
147.6467
186.4304
544.4815
559.3658
243.4019
778.0112
156.7978
168.0794
468.9589
54.8746
261.4971
626.9146
324.1223
22.3594
922.7941
36.7103
324.9689
259.0817
757.2120
186.0552
936.1913
593.5287
324.7191
192.0082
388.9078
606.9746
458.0023
701.8469
269.6951
43.5757
182.5134
321.9385
146.4183
971.2494
819.0724
910.9276
814.3265
307.2858
825.2975
605.5996
779.1244
921.5565
44.4531
240.5252
22.2686
723.7508
469.0420
685.1673
789.7449
956.7713
553.9724
14.9327
23.7392
480.4811
566.1994
486.5702
116.8850
540.7082
719.0135
938.0492
761.3380
235.6621
642.1676
161.8239
395.4293
173.2504
143.3287
816.8332
326.2521
392.2730
953.9342
609.0455
987.9470
860.2354
393.7884
907.0980
802.4970
968.1705
207.9927
706.4581
926.4141
174.1503
244.0582
947.4802
464.0717
586.9706
834.1600
204.9039
269.5795
794.5526
926.0896
644.3647
46.2043
936.8963
461.4762
470.3149
931.8543
821.9027
634.6819
344.3894
314.5198
701.5570
214.3051
666.6730
971.0545
703.8472
663.2825
608.6011
366.8897
177.3614
427.1878
25.1270
962.1723
542.8761
654.8830
144.3417
405.4136
171.7239
152.3904
263.0493
44.4342
804.1196
711.7945
896.2429
622.6437
532.2793
239.5365
304.0862
644.4168
152.0848
106.5368
626.4321
809.7235
209.7334
47.1792
686.1965
893.5627
287.5372
858.5038
103.0118
453.6066
522.8226
431.6534
442.9657
963.4709
547.2302
966.6106
897.1727
575.1481
451.4501
460.4209
237.9810
715.6315
11.8898
386.8972
322.8831
133.9297
974.5042
258.0261
783.0807
454.6098
850.4328
601.4794
739.8745
591.0534
234.6864
695.2172
938.7187
459.2135
928.2531
602.3434
817.0704
13.5813
746.2685
165.4607
705.5607
809.2341
595.4162
782.9755
658.6620
177.6051
422.6230
772.0864
395.8085
269.7020
87.4061
844.9220
236.3548
27.5975
885.2598
244.2296
405.5550
965.9345
690.2686
523.0393
541.5434
300.9176
444.5883
704.0673
150.1003
267.0583
883.4515
681.7793
461.5290
796.3637
141.2876
84.8365
15.7261
895.8372
364.3570
350.6224
552.8399
452.1573
881.4668
204.3843
229.2287
42.8169
766.2706
830.0477
532.5601
130.1069
25.8006
962.8421
142.7061
513.7833
107.2999
608.1788
576.3708
28.6741
458.7659
404.5268
190.4560
837.2283
434.5347
430.2777
993.5325
306.8278
798.3210
115.6658
426.5857
983.7381
564.0089
479.6696
278.9104
530.2481
762.3445
692.2633
166.5140
673.8037
345.4476
721.2517
952.7568
559.0957
878.2643
143.2694
812.6554
793.3781
789.6135
375.2735
119.0077
988.1912
948.3746
51.5912
86.4690
934.3745
834.7614
599.3821
933.3935
704.2725
60.9869
975.8043
797.2977
981.3632
825.4544
67.9270
818.6513
176.3145
694.6886
381.0452
971.4326
794.8925
72.9848
166.6183
355.3616
226.4460
779.1345
856.2089
215.2198
783.6610
560.7552
678.3427
158.0005
617.7966
873.4720
211.9446
847.3048
577.8546
713.3812
824.0353
980.8107
827.8076
923.8365
607.6753
806.4861
159.4778
229.0735
896.8582
951.4484
486.7604
645.1237
424.0417
595.6077
841.7617
436.9470
355.7383
960.6959
873.1247
263.2483
222.1780
220.9411
619.1663
61.9106
522.0440
225.2080
533.9768
454.1698
273.1528
807.9700
416.1009
767.9283
911.8045
610.9606
851.3543
879.6451
397.1737
57.2369
961.0446
564.1433
466.7769
886.2759
960.1500
200.8409
456.5068
815.2514
873.0316
903.4989
79.0731
365.9278
574.9668
541.0111
417.5349
926.6927
349.8574
4.9932
736.7837
99.8921
925.9924
515.1145
127.9634
698.9413
354.4062
179.3342
30.9177
886.1961
408.4085
567.4700
251.3544
261.6901
827.8310
196.8691
825.4571
644.2489
397.7707
206.0255
272.5939
33.4301
994.4370
285.1450
937.5716
741.6182
300.3618
714.6726
851.5236
434.7196
345.0546
842.9793
883.4516
581.3212
57.9666
985.3860
29.6526
95.7710
724.4947
899.0365
4.9604
924.0642
925.4265
696.6563
801.7513
396.3417
514.1128
185.5331
388.4339
587.8317
746.4045
306.7452
726.4157
619.2459
981.6077
913.1351
340.1817
864.8847
329.3495
883.9660
131.2722
562.8743
580.8077
565.3612
964.1200
268.0075
459.3152
344.7229
189.1306
67.5719
569.0730
191.8983
69.7990
520.8253
766.7272
330.6314
907.2081
753.6026
672.9559
443.6928
460.0860
955.6450
196.5379
655.3672
729.3005
245.8339
735.4503
770.6289
600.7469
457.6991
627.2750
718.2185
845.9939
287.2889
75.5876
991.9267
281.0372
769.0234
86.6483
520.2006
67.5262
704.0526
128.7974
718.8497
752.0217
12.0988
549.6894
484.7000
358.9844
926.2808
528.7350
136.4736
263.1118
873.6884
189.4161
499.3320
81.4494
97.0436
502.3495
284.7027
738.3754
407.5862
321.3529
362.6418
888.8782
356.7200
513.8577
141.4277
95.3607
531.9483
80.0803
45.7115
808.8491
650.6738
207.9097
997.9593
685.6431
478.9176
988.1783
475.2407
120.8759
671.1057
271.3824
775.6572
358.7997
119.8135
969.6938
653.0327
352.0084
190.6070
732.5062
920.5557
603.9690
454.7294
819.3900
989.8055
926.9913
484.5454
809.9383
282.3067
583.9007
485.3078
847.1332
428.1098
670.3283
794.4038
594.9217
251.4935
407.6028
224.6254
579.6037
637.3232
639.5624
602.4945
618.2952
833.0558
38.0749
549.1632
194.8315
615.5143
94.3302
279.4771
575.3414
108.0045
510.3966
390.3752
838.7992
51.5932
318.6181
991.0959
839.8710
702.7881
924.3737
885.2962
466.6652
778.0100
176.5114
994.6430
666.5884
119.0796
829.9512
819.8884
725.0729
471.0625
611.1998
376.5126
759.7907
428.0471
231.6901
349.0600
7.0198
823.8795
930.1520
275.9066
446.5430
249.8336
37.5142
949.3523
414.1068
775.9529
38.6849
908.2440
53.4936
732.0497
24.5866
663.3212
875.1670
1.9120
285.0199
949.3099
543.3889
852.5824
1.0583
202.1691
519.4149
180.4549
801.1983
695.6749
523.2204
976.7493
53.5821
559.2207
205.6937
369.3714
391.4082
92.6406
463.0810
987.3720
734.0479
51.9295
928.3309
554.4634
819.6049
185.6144
67.1143
877.3389
565.1946
304.5716
356.8039
377.4281
242.5271
339.4062
990.3657
145.9258
361.8957
186.3658
647.6563
267.7683
185.9364
510.7686
958.6553
186.3014
820.6549
388.8772
242.5408
979.3729
169.4227
1.8732
695.5739
179.5165
489.7204
952.5354
646.9218
265.2394
924.0208
827.9692
795.8796
175.9400
854.3290
208.3925
702.1335
148.8006
516.1675
397.1627
547.2642
465.2502
377.8914
963.5007
103.0025
204.6680
360.3902
590.2423
595.8329
310.4599
208.3098
422.9939
211.3003
945.8869
547.3481
421.0080
982.6451
881.0226
225.4360
784.2285
404.2127
348.0598
29.5564
556.2730
640.1843
187.2809
441.8626
724.2539
763.8828
101.6389
93.2872
478.3675
805.5984
193.2444
974.4598
970.3521
660.0701
158.2042
743.0039
358.5276
835.4481
776.3955
221.3853
45.5667
30.2044
932.4414
561.6419
71.8466
279.3714
297.7921
2.2157
360.9738
778.5632
67.4527
997.6752
102.6365
893.9094
371.1480
391.4692
164.2165
922.5701
719.4758
479.4138
123.8592
136.9624
350.1822
527.0771
247.1012
389.9181
539.4909
282.4502
391.5275
359.4844
927.3174
930.7584
832.3020
407.5822
16.8793
490.6052
841.2443
84.4232
970.4153
637.3593
829.8725
225.4033
475.7094
104.4506
547.5410
425.4556
403.0137
695.9861
511.6974
728.3509
607.3584
857.3801
595.6267
463.0388
362.3853
246.1355
255.8382
134.8622
434.1001
38.6526
154.5786
909.2636
569.7508
203.5538
604.1122
962.2299
839.4332
60.5947
114.7784
6.0267
421.6073
122.4579
204.9999
705.9575
838.7704
57.3107
952.7600
299.2438
136.8460
654.1557
721.5634
699.5153
981.3888
197.6992
137.8044
120.9040
688.6834
894.7814
927.6201
775.1633
962.8482
387.7258
343.8920
947.8847
416.8900
629.8455
930.0869
521.2788
83.7690
873.7742
604.6218
143.0600
412.5637
333.1059
307.7848
988.4375
752.6938
338.7317
26.7998
308.0397
821.7001
673.6322
591.1299
471.4951
56.9322
109.1456
730.3982
344.3535
585.5684
128.2077
721.5150
685.3451
769.9294
515.4340
177.1238
905.1815
224.5233
466.6568
257.2154
114.1469
785.8625
96.0824
955.3046
757.3754
540.3426
25.0187
138.2468
895.0490
733.4395
702.9981
173.1653
352.4817
857.9331
636.9807
224.7291
462.5514
343.2666
703.5735
677.7122
940.8089
992.1721
102.3406
898.5745
521.2699
330.6087
633.1107
677.5220
24.9472
424.7427
998.5149
727.9962
83.4662
908.1108
497.1089
425.0719
730.1032
22.7726
523.1321
496.6397
954.2961
745.0088
904.3948
463.4375
734.6747
977.8602
620.7613
752.1403
801.9267
231.5808
38.5074
895.0323
423.8823
230.6914
813.4139
579.7139
254.9646
810.4106
315.1550
578.7020
903.3238
506.5896
857.0498
528.9246
74.6154
947.7106
61.5528
827.7533
690.9753
581.6202
585.1738
955.1307
415.3968
932.8174
253.1955
693.9536
306.5495
990.2955
733.0355
437.0426
906.4576
51.7332
918.2590
82.7443
767.9854
191.3436
182.9131
127.3885
874.0357
271.1168
549.2419
708.1306
193.3591
637.9770
274.4961
710.7554
832.7094
343.3629
157.4078
737.5146
3.6972
798.3533
960.4174
524.9145
267.0614
468.7617
783.3451
892.3848
701.4811
886.3028
620.4585
867.4992
415.4623
115.5987
34.2137
210.6984
989.5586
811.3420
615.8411
615.5247
526.1684
482.0460
933.3626
397.8203
843.3081
964.6566
588.4070
876.8001
437.3819
50.3437
46.6278
651.8407
175.4890
261.0483
992.2789
524.7834
945.8798
39.7089
609.9324
8.2175
540.1283
157.3355
640.2560
898.0144
459.3154
786.2671
798.5044
271.0941
643.9619
339.8819
930.5707
907.2153
819.1811
355.9314
947.4376
488.7294
447.1038
471.5097
933.2603
550.2007
399.8715
353.3799
111.2830
919.1383
627.2151
211.2576
554.1658
839.7232
502.9281
24.5019
448.0149
705.5107
889.2057
250.4180
528.7518
242.9151
451.5316
264.9454
947.8008
310.3452
367.0079
381.5738
140.5908
936.3802
789.5689
81.7878
146.2948
205.9389
157.7190
893.4769
225.2625
496.5139
29.6748
221.6861
799.2893
964.9698
172.1527
659.8547
183.9918
16.2724
80.4903
284.0591
635.9353
375.4333
759.3551
273.6254
244.6649
941.3384
656.4793
558.2961
532.2607
910.1664
535.8415
856.8690
4.3963
667.5907
607.1236
851.4415
45.2333
730.7928
775.6880
560.9019
275.0651
941.4832
424.5715
358.7902
449.9859
404.4615
139.3654
747.5227
239.7010
345.5389
560.0420
429.3676
489.0817
44.4518
927.0375
290.3024
844.4285
494.7344
518.5600
900.0383
666.5010
380.3228
465.3542
551.8308
970.2367
510.7961
936.5598
13.7132
377.4594
935.1543
200.1367
487.3157
32.0331
229.8851
514.3532
69.4902
773.4342
608.3315
743.6952
63.7832
964.0102
895.8056
399.9741
420.8033
761.9596
50.1358
135.0514
7.5434
652.3548
606.1987
167.0640
960.7751
275.9210
900.3366
726.0983
460.2484
953.4440
97.8372
623.6723
891.7636
181.6295
960.1734
442.2393
560.3151
383.9734
525.4198
700.3962
117.8827
40.6841
887.7594
643.5842
17.2144
42.1389
555.3555
733.4385
74.2294
4.8092
333.0340
546.5623
127.4298
848.0602
736.9699
719.9752
223.2448
613.1065
519.1841
906.1306
421.3029
754.7853
705.9838
962.5126
210.8611
306.9551
139.9609
244.4630
852.9073
675.4000
952.6122
658.6547
784.2413
152.2095
435.9625
274.5789
407.5258
363.7113
218.1343
555.1459
734.6369
915.2964
14.9082
225.7357
537.6672
858.0243
119.8872
872.9471
372.9969
806.0015
258.4955
345.6639
461.2612
261.2482
933.0576
509.9756
695.7156
697.1065
741.8826
134.7882
39.1054
435.9740
182.2768
869.7783
510.6345
709.0123
700.1196
971.7915
453.4328
622.7047
709.9942
939.5605
426.3378
633.8075
815.1181
903.0441
659.4322
416.6934
938.9277
513.4732
831.8836
862.6921
384.4315
534.1469
463.1969
644.3430
67.9542
769.2630
357.7201
36.1486
921.0117
449.1255
242.9261
895.8572
948.2641
287.9379
260.2513
243.8773
497.0863
972.4318
419.8579
801.1082
574.0468
804.4869
809.5141
698.9701
255.1608
839.2064
880.2310
669.5295
882.2897
64.8749
765.2103
659.2943
854.3034
92.4398
761.0458
551.7218
985.5089
766.6305
271.7429
639.5354
539.7792
766.7226
261.5356
387.6828
797.0466
809.8369
344.0952
180.1542
738.2319
32.4776
173.8032
770.3615
605.2084
878.2839
433.7868
82.7344
609.3402
551.2991
883.9904
851.9443
265.0024
879.3017
64.5187
614.8139
443.9834
324.4038
396.0088
689.6507
385.3782
265.3661
380.7401
295.9051
866.4138
197.5886
472.4334
333.9583
648.9736
113.8012
336.1096
331.9774
15.2706
205.4077
400.9789
783.8764
82.6109
364.7779
145.1897
703.6671
9.9442
199.4762
459.7365
25.5044
589.8166
414.6260
687.0183
284.4646
37.2899
226.6844
613.8232
116.9018
129.8634
313.4306
902.3120
619.5819
538.9325
506.7240
637.4813
722.0867
775.8135
840.3211
580.0876
828.0895
751.5947
721.4008
872.3846
393.8494
761.9066
498.0334
136.6922
551.9802
36.3823
177.1035
307.6870
717.5111
563.3099
77.5241
53.1221
55.2151
744.6698
937.1005
627.9977
355.2204
114.9492
138.5643
560.4215
434.1980
912.9025
287.8589
533.8286
964.7934
61.9879
292.1643
318.6683
362.0723
609.4600
717.6336
950.6537
279.6912
757.2411
988.0563
149.7721
996.4309
232.1687
826.9797
819.8253
722.6240
755.8986
121.2487
487.4476
49.8778
258.0113
489.6061
717.1537
570.5389
264.2217
319.6915
959.7592
920.0619
648.2903
754.8888
779.1466
177.4039
266.0173
865.0367
839.6200
364.4550
293.9891
190.7305
231.7359
497.4450
793.5698
112.8771
714.0507
555.9771
239.3309
368.6225
306.3874
860.8879
550.6298
400.8052
872.7668
879.6091
771.2252
368.7395
48.2389
411.8408
538.1731
437.1378
469.0685
294.6356
84.0831
497.8688
394.5595
215.3659
543.0160
344.4946
204.5008
654.2985
582.2969
583.6875
698.2119
510.4935
9.1017
654.3924
482.3615
481.2405
132.7147
486.7313
852.2462
525.8534
825.3644
58.3801
942.3624
440.3793
617.9284
204.1872
206.6882
824.4363
714.8106
641.4229
456.9402
108.6958
605.7438
930.0691
909.1597
364.4947
993.0634
285.9298
541.6611
487.3626
315.5554
316.3932
997.4379
301.7132
749.6217
139.3129
471.1051
802.1944
869.8070
232.5130
343.7034
377.3926
618.2955
988.8018
174.9698
223.6092
645.8402
353.3458
409.7558
123.7540
184.5895
133.3384
343.2153
451.8434
148.9959
515.4102
57.5202
718.9943
840.7828
98.3194
127.5095
801.6791
505.2692
729.7073
534.5434
504.2494
585.6502
939.5122
497.4965
650.9959
425.0212
754.5814
655.2283
274.4047
254.8761
741.8137
966.6098
411.5530
813.2077
651.8627
592.0498
864.3830
226.1822
463.7747
408.4179
247.1290
785.8471
414.0530
78.0285
607.9147
741.7199
542.5093
577.0388
364.8827
387.3660
484.4772
409.4024
777.9115
441.4026
517.2340
948.5054
835.6239
104.3482
38.4223
986.6897
762.8466
370.1394
198.7857
324.3722
409.8844
929.0905
361.4051
52.5527
586.5390
375.0061
823.3380
900.2569
197.3819
426.8980
60.3415
486.0771
682.7348
138.2819
984.9645
903.6237
968.5638
498.1163
354.1231
916.3418
388.1765
23.7147
423.7765
825.6225
664.2893
830.9218
712.6373
687.8218
581.5337
543.2326
325.5215
731.0521
673.1782
675.9717
449.4339
432.9291
890.5336
622.6091
689.7442
855.7063
918.2542
823.7993
961.8710
890.1291
934.0688
166.0596
293.0089
48.4101
494.1968
373.4799
800.4919
564.0908
551.8740
343.5753
382.0748
357.7720
615.6493
257.4421
547.1634
166.7796
172.7724
208.6340
741.6164
181.5365
786.2366
171.6353
401.7351
154.9407
449.7492
235.9141
929.4073
173.3255
933.4121
298.0596
595.2087
717.3579
500.2031
157.4117
1.3419
102.6213
449.1301
822.6762
761.7117
293.2826
916.8007
610.5149
366.6129
234.4179
449.8676
52.1139
663.8145
415.2552
2.3409
827.9970
867.3173
292.0318
398.3918
165.0193
180.0528
731.8562
447.4333
542.6238
823.4665
260.4473
654.5126
570.9890
633.0364
431.7432
108.4986
513.0785
605.7799
113.8757
903.6328
284.5703
229.8177
620.6308
61.4343
616.6132
542.0075
778.6418
302.5884
305.7006
861.4892
717.6135
899.5294
387.2187
331.5614
802.2928
42.2171
545.9475
329.2208
266.1344
913.3685
879.5775
788.9554
597.1754
80.5890
444.8085
816.7411
766.5386
704.4179
32.9277
360.6074
355.5031
42.6433
259.4581
889.1588
616.3706
353.0805
974.1567
442.8740
521.0950
441.0566
537.5730
94.9899
632.9787
865.0389
822.7837
237.8360
674.7840
555.1103
581.5775
257.4644
862.0388
474.2120
236.6406
214.9136
357.4110
220.9364
152.1640
350.2459
948.8091
398.3339
591.1859
487.4384
519.8125
646.6736
384.9257
96.5013
686.1817
296.0324
601.8916
865.0697
302.1318
44.9571
125.7428
806.1699
646.5369
23.0448
516.7587
309.5922
492.2984
585.4003
550.6053
943.2027
31.2098
263.9304
573.6903
368.1196
493.8267
49.9031
936.9041
625.2703
174.2470
784.8351
931.3577
548.7219
59.6137
815.6261
466.9569
618.5029
708.7319
529.3608
646.3951
95.4838
624.2015
692.0147
774.3227
405.2586
281.8234
613.1104
705.3551
361.2355
884.4321
576.8436
387.5449
673.2969
467.5687
190.1494
78.2986
416.3349
139.7645
129.4954
624.8347
535.9297
122.8565
188.5627
322.2179
103.2893
561.7647
534.9508
333.5472
556.0167
715.2631
877.9940
741.9698
780.2293
568.6303
347.9154
839.6943
231.5498
261.7527
104.2590
298.5327
879.7585
891.6622
658.7694
559.7760
199.7089
103.3228
251.6478
116.5471
156.1644
353.7840
683.7592
223.4965
937.2007
353.9218
930.0106
332.8300
650.7571
161.4695
886.6615
694.6349
315.9838
613.4085
523.7346
33.9319
739.3119
784.5640
992.4809
646.9433
497.3275
252.3307
9.1075
582.5240
863.5599
517.0574
515.5629
404.7569
199.6795
728.2637
441.7391
943.5026
21.9366
908.8924
984.0863
585.0230
960.6984
64.8595
979.3470
255.5474
228.4991
999.7907
949.9092
933.7116
330.6231
307.4346
266.3997
867.8299
384.9358
571.0317
833.5363
312.0759
679.9950
718.7394
638.0752
183.2255
828.8677
663.0842
332.6070
537.4621
264.3377
340.6799
667.2477
877.0403
207.2488
198.1746
914.7017
454.2657
680.2006
472.7719
922.9652
287.0810
645.9273
587.6054
557.6650
491.5902
428.8450
104.0061
618.1786
240.5007
16.9747
202.5737
904.4144
552.8471
340.7495
7.6215
493.8643
63.8074
194.3252
499.0472
568.1541
745.4495
638.4095
59.6924
212.7530
436.5926
911.3572
2.4664
353.8166
271.1013
174.7405
614.0341
701.4245
89.5228
956.8840
605.6808
855.4676
558.0397
328.2965
617.0420
672.5154
718.9016
755.0565
472.4075
287.7799
504.7613
208.8785
907.5348
710.3414
776.4994
521.5790
584.4756
380.4189
407.1764
543.9737
58.3926
580.2673
162.9026
823.8686
255.0136
953.2837
702.5768
861.8811
352.2760
993.3897
296.2808
412.7546
301.3239
661.3058
973.5952
508.6154
135.7927
258.6072
809.4041
288.0829
584.8058
305.9341
472.0679
80.0733
346.4763
652.2592
322.0831
398.0243
199.8315
967.8027
887.7400
558.6326
276.0800
373.8955
98.4422
825.7398
905.6912
569.1050
190.2839
505.2406
449.9131
23.6027
61.5330
968.3921
251.8676
792.4740
605.5058
307.3924
125.7113
303.6193
529.2413
83.2021
270.4107
637.7007
415.8770
273.9242
824.9917
455.9501
70.7932
63.4387
538.9846
174.4673
120.1669
203.8592
20.0625
697.1082
133.6101
735.3001
774.8146
985.0166
140.2602
421.3157
578.0616
758.8019
365.0682
632.6733
360.6164
635.6430
713.6602
23.0177
47.8409
358.8612
277.4614
311.4198
49.3754
761.6635
445.6593
193.2127
869.2368
984.5822
275.6740
588.5749
663.8601
706.8783
14.6955
171.0489
360.1626
908.3932
648.5277
752.3412
458.2140
411.2609
205.5543
122.8418
726.7153
771.1636
803.5873
616.0017
594.3018
550.3614
217.2625
708.4987
907.6216
522.8107
507.6332
18.5678
414.1547
501.9034
517.0941
850.2694
862.3345
323.2074
842.3481
599.4499
893.6905
377.6308
254.4949
290.5106
161.8069
36.7544
613.1415
196.4357
462.0245
269.8897
410.5033
849.7401
574.1821
854.3680
69.5987
146.2100
55.3589
492.9490
255.8177
854.6978
473.9067
706.7118
13.0803
811.7391
783.3477
650.7957
93.1957
504.2960
82.6016
500.1109
742.9931
979.1418
554.6852
788.1528
137.5088
764.5248
899.9025
31.4243
519.3957
163.9947
280.8604
190.1123
516.8538
491.9124
852.3568
643.1207
784.5261
375.2161
708.6789
648.2264
995.1410
96.4167
353.1082
655.6471
419.4238
483.0365
186.7997
736.5289
59.0877
888.1469
637.1717
191.8552
962.3662
641.7552
146.8205
993.2719
493.0167
198.0016
716.7370
391.2413
607.1582
481.3311
89.0165
241.6170
429.3985
757.3103
638.8100
632.8430
382.1015
534.7594
46.7318
820.8625
563.5690
366.2702
442.8729
251.2224
429.7493
694.1860
217.3644
478.2235
118.3337
925.3831
585.7702
879.0590
863.4385
59.3751
728.2303
875.8880
932.6557
481.1311
329.6198
915.7176
588.1967
625.3851
287.9143
423.7415
702.3590
923.5627
887.3941
38.2308
489.5770
885.5770
305.4464
634.7634
698.0038
646.8690
552.2775
597.6647
325.4421
171.9446
488.6618
681.2403
340.4069
165.0027
49.4289
197.5508
509.3951
819.7396
252.1279
830.0948
828.7464
363.4634
543.5184
942.0796
800.1551
265.6345
143.5202
680.9874
702.4178
470.9708
858.0859
871.7845
463.7461
791.0255
449.5830
975.0034
464.6068
883.0466
767.9104
205.9267
301.2896
617.4356
375.3404
784.3010
740.3504
445.8526
182.8422
901.7867
336.3434
40.5728
622.4663
672.1152
542.7012
633.9894
134.6558
241.2823
385.4854
83.5413
729.7083
492.4107
163.4434
223.9179
539.8202
225.6819
217.0736
500.0581
725.5243
861.9600
326.7688
853.5879
455.8015
520.5775
316.8312
902.1324
53.4073
100.9377
721.1595
838.4800
958.8314
967.4228
39.7879
346.8769
286.8942
889.0725
809.3633
453.2762
365.7117
328.6589
736.3760
632.7914
547.1427
660.5060
726.8341
441.1965
711.8161
957.4466
638.7713
955.9046
826.0518
525.7925
624.5952
79.1203
689.6332
174.3742
306.0109
903.5073
102.8267
750.8803
2.8759
493.0521
509.0385
56.5298
485.4794
438.9336
807.5181
353.0101
535.8333
818.0735
735.1656
685.4133
976.9525
606.9765
335.7115
999.9930
178.0573
181.1533
462.0257
35.8282
219.8354
281.9516
256.9932
583.3287
914.4179
633.1417
154.2133
983.3197
184.2569
741.0203
193.5262
926.5348
186.2472
806.6459
811.4241
209.9038
789.2666
46.6530
949.2674
938.1141
763.2254
586.9491
332.9022
766.6459
52.2052
432.0591
115.5310
839.3302
911.4827
617.7969
624.8867
623.2452
587.1576
736.5681
285.5803
866.0345
647.0000
806.9046
829.7006
5.4189
859.3332
269.7841
573.2984
236.8737
350.5884
822.6887
537.0466
244.6816
446.0263
205.3681
341.5213
252.9503
138.4118
617.5364
347.3142
177.2175
225.3335
740.3242
16.1192
197.8138
165.4602
468.1758
497.9942
773.8870
430.3929
928.9024
756.4448
396.8498
337.1497
141.6322
202.6789
105.2620
677.2897
355.1374
776.7087
652.3865
201.7391
769.8292
37.1278
589.0751
565.3763
868.7547
658.1259
9.0282
620.5571
538.8238
533.3514
310.8084
198.5899
702.2166
169.2457
998.2270
748.9889
669.4045
131.9768
347.2394
794.9315
15.8797
704.5671
426.9360
560.9809
326.0353
939.6463
417.0964
236.1858
573.7530
954.1881
433.7980
201.6584
251.4896
462.9878
468.4572
523.0546
293.0287
348.2675
648.6658
333.8943
748.6649
292.5934
809.1554
589.2606
69.6618
994.5993
506.4531
688.4233
919.9454
657.1704
685.1045
652.7256
489.6366
674.3020
950.1411
953.3647
556.3533
434.5603
819.2990
414.6342
684.1614
289.8902
581.6060
625.2685
747.2275
494.5038
651.2312
816.3532
178.5455
889.2737
127.9403
573.0598
61.3140
70.2183
870.1763
380.8270
897.8336
872.8639
3.7422
137.6819
739.4755
210.8502
74.8248
197.8987
778.5578
524.7163
174.7696
96.8201
682.1541
26.3895
159.7100
918.0380
947.2283
702.9737
645.7931
976.4097
439.8342
29.1565
113.6969
93.9536
20.6949
758.2639
936.9258
935.5911
631.0022
119.6369
103.9089
196.6245
725.8554
103.8187
364.4181
248.5347
187.1793
734.3838
247.7386
149.3669
928.6595
655.2134
657.1007
309.2063
340.2349
442.0867
400.5126
259.2379
661.1744
47.1226
409.8866
291.6162
347.8844
255.8913
486.4493
598.7017
839.6919
314.0245
573.3511
283.5140
279.4836
602.9215
447.3330
205.6301
491.2318
475.1840
131.0640
912.6552
566.1932
283.9103
340.8283
255.0282
203.5598
577.8850
318.4739
671.6946
108.2671
492.5780
93.7620
11.4143
837.3806
635.9015
586.8032
80.9876
842.8095
846.2720
610.0383
355.4565
645.6002
755.6883
339.1681
247.0083
798.5977
532.9287
483.0011
752.4990
438.5909
883.0385
218.4384
528.6220
430.8797
829.1891
253.5398
893.5201
10.3288
623.9839
551.3548
736.5080
372.9086
115.6209
88.3763
31.6886
30.9755
39.1574
771.2946
250.3360
199.3826
91.8836
408.6972
237.6985
825.3030
960.6632
942.8600
155.5277
746.2823
303.6664
929.0864
2.1935
134.1126
969.6334
763.2640
199.0235
930.9294
467.7300
516.6157
160.1139
782.3166
821.9318
770.5642
729.6785
801.1519
263.5359
831.0584
917.8329
486.4899
0.1233
825.2084
527.7250
252.5583
240.6969
183.5756
949.3819
377.3444
590.3975
155.7352
32.8562
219.8473
495.3811
182.8872
598.4680
732.6560
955.8734
321.8682
982.2058
865.1499
765.1484
313.6939
448.7419
848.8916
816.5417
373.7069
942.9744
434.7008
373.4145
989.7880
177.9847
342.5272
857.2255
281.2760
449.0483
687.4239
392.4875
64.7261
780.5795
899.6384
615.7441
764.5939
343.6731
274.7544
34.9275
394.3442
555.3301
369.2681
612.9311
821.9054
444.4134
33.4653
842.6640
649.7672
200.6417
368.6640
789.3101
670.4979
37.2648
135.4752
211.6208
548.5092
160.2255
484.5190
379.0887
67.9574
13.0840
999.5927
789.5017
312.1850
279.0782
182.6033
441.7451
779.9666
659.8707
468.1507
541.2742
665.0968
113.7524
495.9692
285.2496
260.0694
510.7147
199.4023
843.5727
694.7883
785.8346
729.4521
485.8497
781.6380
936.2868
2.5901
169.7048
793.2009
191.6377
382.1092
856.1973
577.2804
894.3249
76.0019
718.1130
630.5035
483.8594
920.4640
937.1706
491.7261
150.4647
892.7299
682.1519
358.5250
293.4112
45.9270
464.6145
535.7055
605.3782
101.3189
950.9467
866.9391
373.4689
157.8490
416.7368
915.3212
889.2831
146.0176
276.9656
501.2603
391.8053
295.2515
133.5698
791.2325
378.4941
221.9692
40.8886
275.3295
222.9918
837.7043
399.6113
940.0749
574.5565
791.8587
686.5871
591.6437
19.4928
257.6170
133.1015
479.8347
720.6466
48.6801
184.1729
730.8643
286.5058
766.2844
44.4844
819.2965
47.2703
477.7854
309.1325
42.4107
521.2851
379.0165
290.8086
85.4003
787.3006
209.2830
872.5129
308.3923
489.6394
983.4124
310.1853
779.8083
734.7829
612.7476
519.8562
15.5474
58.6479
50.2767
961.4322
33.9530
996.5921
786.9042
854.6507
317.2754
802.2924
165.0941
896.9211
659.5091
930.7915
481.3301
176.5935
50.8954
140.0052
627.6062
595.0576
874.2241
580.9607
970.6392
701.0204
589.4549
48.4689
957.1597
638.7399
667.5106
929.4108
7.0074
360.4785
761.9826
407.0296
397.8920
73.0761
717.3747
981.4093
451.1844
0.8470
38.1445
876.9898
918.0961
854.7538
397.0152
408.9085
790.8366
44.4610
482.6615
827.2739
410.8994
746.2496
459.2457
743.0611
162.0481
711.6096
310.8079
165.3337
293.1212
722.4100
563.8186
687.3717
240.2004
386.9052
616.7051
609.0859
675.8066
950.3055
136.0655
530.9071
676.6344
728.6611
133.8053
453.6469
716.3725
774.2271
296.2049
923.9574
606.5576
486.2286
804.4109
480.1243
856.0741
248.3861
640.0724
136.0161
917.4202
934.9145
991.6136
464.3873
221.9953
248.7584
650.6857
500.2332
447.8882
778.6906
623.7662
650.9284
875.9829
899.7013
284.4548
668.1836
35.6377
538.2301
921.2995
12.2992
388.0250
296.7538
651.7479
343.3516
248.8032
152.1660
513.2835
12.5572
622.3925
1.5079
197.3935
808.0114
358.0145
78.5744
895.5154
634.8577
7.0289
452.9819
80.4130
696.8382
103.4241
251.8379
55.7230
430.9751
983.3489
524.3215
944.5768
27.7923
596.2179
342.7099
641.6725
20.7969
225.1493
199.6456
621.6874
989.5290
966.3421
527.1754
280.0503
912.9743
488.5498
564.5791
846.7865
347.5101
853.3390
970.5720
678.6532
725.2057
798.0351
865.6376
246.3069
131.5400
990.4836
386.4694
312.2303
75.5225
193.4743
342.9850
408.3871
618.3193
208.3387
396.5264
423.1449
993.9344
819.8619
688.0871
680.0291
201.0194
310.2536
400.5685
708.7175
18.5545
286.8721
833.2840
199.6906
255.4086
318.6267
379.2221
689.1121
399.2620
74.2268
667.5459
891.4977
567.2842
198.8663
643.1333
680.1903
986.8154
448.1009
308.0635
25.7600
777.1211
711.1891
407.4618
644.3808
324.9756
869.2960
170.3149
603.5875
500.0321
158.7967
534.9302
0.2691
669.9786
944.1671
683.7730
395.1328
429.3464
867.3124
325.9860
708.7063
707.1505
403.4684
769.0173
167.9459
627.1005
346.0987
332.5982
7.8047
326.7193
426.9022
804.5306
413.4832
749.3047
277.9239
486.1872
165.0470
114.0526
68.9874
981.6571
930.9073
128.3538
376.3669
535.0691
708.5328
414.1828
17.9979
801.1494
130.0361
373.1184
793.5407
736.9046
492.9091
137.8105
736.7856
759.7002
362.5484
475.9943
837.2626
737.2488
356.2864
545.6737
453.2455
776.5441
63.3606
312.9398
905.3599
7.5696
639.2214
270.5939
23.2745
109.3170
220.6541
695.9563
53.6164
873.3689
88.1404
704.6287
667.2773
710.7158
769.9217
520.0143
953.1397
12.3379
447.5741
769.4885
284.7360
822.0478
543.6633
653.1417
724.8815
858.5327
733.4029
90.5886
88.8775
791.1298
323.9115
373.3381
853.7426
144.2336
407.6812
254.3044
678.5402
386.7102
830.0897
486.1660
861.8787
953.3348
710.0010
243.4914
279.4598
318.3057
154.8719
600.4356
306.2854
223.2675
486.3194
631.5419
323.8730
328.6117
366.4599
244.1720
402.6290
614.2454
488.3621
756.6614
240.0467
556.4202
812.1041
153.6923
832.4841
659.9996
870.1677
722.1018
284.9068
284.3502
989.4716
693.8840
760.3317
826.5574
938.4492
515.8816
597.3943
232.2169
169.7963
465.7416
466.7645
99.7597
788.1425
715.9091
400.0913
689.8734
695.9281
860.2626
141.7068
608.3855
803.5188
946.5649
188.8030
681.4753
532.5170
268.1130
931.7964
328.4997
14.0854
111.0193
64.7958
192.8841
421.9725
390.9898
564.7019
628.5092
383.6770
84.4614
619.9352
794.7276
105.1931
436.5210
481.7192
245.7930
907.0952
922.0581
358.3883
304.5265
155.0202
79.3863
945.5959
549.8526
613.1771
857.3598
299.5563
963.7159
807.1507
291.4047
918.7108
173.5233
832.9182
890.3444
332.1785
527.4307
190.4144
876.6342
599.5705
775.7277
616.7222
271.0123
875.3086
982.1622
320.7866
929.3596
98.1833
547.5225
616.4392
531.0154
353.6818
12.8502
303.0264
272.6475
383.6854
803.9262
252.7552
892.6448
775.5916
542.4961
663.0312
161.0494
177.0516
130.9696
275.5682
784.7386
341.3276
239.2242
238.5622
978.9499
795.7211
76.3016
255.3941
650.9677
332.4540
273.7371
283.1118
49.2329
459.0318
296.2510
229.4762
116.8924
188.2604
729.9028
896.8405
138.3740
481.6535
311.4168
84.2527
265.0043
657.1813
992.3243
900.5117
259.7637
672.5269
284.2431
325.9535
665.7300
2.5157
96.5362
505.0497
85.8782
374.9355
512.4415
269.2923
808.4317
885.0380
383.9262
761.4242
634.2190
907.9752
375.1647
223.9964
823.1897
295.1593
992.1939
409.2206
624.2156
867.3961
789.8970
771.8761
853.6489
23.4442
183.0247
406.7848
992.8208
152.7510
825.6333
468.6978
343.7759
354.1004
959.9815
83.0169
583.9833
244.6133
445.1163
612.1706
825.8996
277.9523
316.1788
917.6910
187.5085
355.5164
770.0517
744.4338
726.3263
765.7499
582.7436
866.3969
265.6683
793.7324
28.2020
496.9988
633.6145
94.6092
842.5770
412.1251
750.3299
963.2312
253.9183
509.8765
92.5280
826.9353
776.9448
478.0243
508.7654
961.7597
108.5097
666.7765
546.6537
780.4344
283.6849
488.7031
506.7107
637.6048
368.1642
736.7127
829.2250
170.6924
929.1552
136.6787
964.4519
216.9611
821.4675
251.0502
111.2752
769.0666
502.2212
991.6195
887.8200
63.9373
30.4697
73.3131
687.6762
189.7941
358.1626
887.0319
463.0822
46.3118
324.6826
694.0247
70.4359
674.2589
863.8195
464.6099
797.8555
177.9569
787.8535
860.4029
981.2913
347.1157
572.4028
451.0563
383.5507
733.5023
202.3368
718.7725
535.0673
619.2872
138.8719
49.1638
107.3281
772.6372
36.1194
845.8647
719.4064
764.1771
973.4619
593.0249
817.1580
708.7511
890.5209
295.1151
961.3589
348.7308
365.1389
467.9880
200.7129
330.9519
15.1407
687.6019
535.4248
84.7368
789.8214
551.3385
184.1740
558.1025
998.4028
940.3903
466.3984
229.5777
359.3134
811.3567
146.1378
310.1413
824.0894
968.2151
547.4405
727.7363
428.4154
999.7252
89.4424
943.9152
553.9283
183.9152
435.7933
357.8093
774.8762
26.1749
659.7002
532.3473
229.2198
578.8579
576.7296
127.9751
53.5660
368.9916
257.0258
839.1513
485.1401
341.5946
626.9980
430.3017
309.6589
809.0426
286.1960
76.7667
752.9695
154.8742
55.7104
179.7697
249.6457
892.5951
905.4187
52.6675
8.8827
495.2941
925.3155
409.1681
199.0808
612.0409
764.6860
342.0917
737.2111
980.6424
975.7187
412.8725
195.2825
291.8314
754.6649
917.3981
802.7303
678.5515
900.9348
983.5152
841.5068
788.8473
749.1875
273.4762
207.7153
26.9703
632.1877
265.3359
638.4785
678.6904
407.7410
76.4597
55.4584
821.2660
587.7471
551.7814
550.0741
152.8542
946.9861
204.4007
840.1822
458.1279
150.2145
846.1156
254.9332
216.9564
187.9166
338.0906
158.8484
79.1728
806.6638
139.4199
857.3239
98.4179
338.3051
769.9499
158.1736
646.9780
160.0774
734.8612
991.0347
529.1983
361.6287
437.4501
223.4209
485.1081
568.2950
3.5071
560.9571
307.2332
938.0451
199.0587
600.0077
609.1948
557.9069
285.4461
195.2765
247.9792
797.1006
542.7116
823.2092
913.3771
496.9738
868.2350
451.0122
497.1176
8.4324
206.3106
704.3218
649.6508
41.6239
27.7745
428.1009
358.9485
842.1831
853.3331
782.7118
171.1506
595.1281
462.8100
864.8293
590.4645
859.8399
370.4322
294.6146
286.6870
525.4563
581.6434
557.0915
14.0467
340.3278
291.9541
972.8578
137.4681
864.8886
799.7266
432.0118
230.8131
113.0816
256.4076
614.3662
819.1100
788.2770
155.8381
488.4264
501.2954
252.5561
158.8777
597.7790
339.3910
138.5443
958.3117
224.6161
449.3790
261.4967
869.0604
245.9862
704.6408
51.3925
614.9309
508.8014
810.1537
90.4835
908.4054
542.7547
597.7536
38.7410
70.4156
525.6166
90.5740
150.8425
487.0245
670.4996
954.4929
174.5732
221.7410
918.2510
762.4652
64.3021
513.4975
909.4898
643.6759
629.1289
460.2784
816.2117
212.7979
161.9860
882.0955
285.8239
733.8395
623.1569
633.6229
136.4665
33.1448
257.4070
258.5223
235.9442
266.2197
12.5931
750.3949
960.0248
964.7519
642.3779
545.2294
100.7625
303.9088
873.0145
456.8279
787.4689
831.0963
343.8415
106.4985
696.7276
65.5634
312.7486
886.9715
840.1477
510.0641
957.6152
226.8464
911.0474
375.2756
69.2424
448.4489
295.8108
228.6682
949.4695
33.5884
781.3037
667.0102
145.3401
900.1280
635.4043
97.6291
954.4595
694.8821
546.5121
189.0083
824.6596
352.9756
78.6724
988.5953
918.5752
175.7513
357.2467
806.6304
187.7970
810.9075
171.8790
845.4561
811.2358
467.1969
8.9163
989.2046
727.6903
195.9036
294.4143
61.0178
616.4751
984.3775
732.7509
768.6176
983.5813
165.5778
109.2460
326.7775
14.8420
214.3590
124.7346
718.7411
368.5851
921.6805
334.0716
55.1222
136.2105
533.6973
358.5130
59.6978
276.3478
115.5787
683.1598
170.0244
67.2089
954.9203
954.5311
851.8436
714.5773
383.3859
295.7593
927.2120
80.1490
865.3692
647.8112
436.4901
415.4072
777.3201
730.5814
535.6676
601.1024
739.8268
913.7432
239.2441
735.0828
250.6008
116.1941
724.7923
752.7603
301.5572
158.6598
521.1242
277.6913
375.0935
296.2657
899.6438
190.5162
27.6015
137.4832
799.3249
326.0708
117.5608
934.2030
349.2253
7.9828
494.6432
150.6784
680.2816
57.1315
785.9607
549.3186
19.4527
452.2842
777.7156
658.8759
495.2203
44.7121
718.2468
31.2764
626.8563
118.9708
16.8040
837.2747
453.2495
747.6634
24.7713
675.2812
362.7685
689.0086
953.8623
277.9360
244.6211
854.3670
955.2928
75.3518
272.3696
424.2552
432.6210
275.0545
463.3783
810.4618
329.8698
656.1745
761.2790
971.2576
18.4938
484.1165
382.1726
418.8687
101.6683
588.4465
836.6767
459.2895
461.9103
388.6616
709.1230
309.6242
560.0247
671.3095
147.2409
797.7830
327.8000
331.6620
803.5879
235.7010
944.0641
294.4387
162.4045
314.2644
967.0348
255.6298
729.4659
57.3802
952.1065
234.5052
509.4664
496.3941
951.2227
503.5980
586.2513
768.3433
873.1390
316.7954
473.4389
4.1097
551.0297
485.3997
566.5572
519.8937
653.0539
997.6804
437.7786
367.6491
332.6296
833.3771
598.8798
572.0268
909.1048
951.1637
363.5483
835.9202
473.9752
116.6052
306.2113
79.2066
7.2957
749.8138
478.2707
278.3707
347.5588
975.4115
904.2665
326.5640
481.8945
2.9747
685.7739
106.3654
170.7303
389.2012
369.8459
732.6930
928.1465
250.9647
835.3891
239.0571
610.1030
526.3660
225.5917
117.1252
652.0885
996.1751
863.4183
679.6357
714.9503
39.2429
185.5635
527.7290
936.0235
820.7213
27.4250
13.9336
405.0577
809.5926
694.7137
123.0372
817.4496
508.7281
739.2660
974.8885
34.4243
480.8851
710.7899
471.6431
717.6368
566.2898
134.9849
675.4736
171.4664
749.3812
840.6491
54.7786
219.3383
710.5549
824.9982
125.4322
802.4451
849.1003
506.0434
802.8236
21.6659
674.9714
570.0233
189.7434
366.4684
850.6143
627.9219
353.4278
278.2543
695.6734
586.1374
52.0360
105.8983
970.8408
357.1940
19.9285
552.3901
172.8218
621.2988
777.2087
557.2347
513.1738
501.4308
480.0159
545.0791
409.2635
278.0719
422.0717
226.5003
541.6557
66.5193
804.8960
947.0530
394.2933
740.0921
559.3815
778.7813
601.4864
623.1059
255.0798
52.1504
427.3885
460.0341
703.4295
315.6599
959.7858
338.1723
140.1822
254.6129
119.1512
261.8577
66.1086
203.7800
538.4662
852.2136
37.4253
974.3174
919.7528
866.5572
675.6065
991.2213
132.5260
496.0892
961.4684
747.1192
467.7845
840.1158
765.9732
509.5495
399.2973
811.0947
879.6636
943.6711
284.9319
30.6063
289.9563
216.4372
604.2861
399.0685
943.0787
155.3360
191.9156
607.6046
158.3802
964.1022
189.2054
948.1829
325.4494
826.4776
133.8041
690.1709
624.2249
108.1058
743.7178
890.3842
334.7175
11.9441
590.8900
239.9519
382.5925
310.1449
868.2147
752.8980
621.2567
882.7747
457.3509
365.9085
619.2431
306.6940
958.0378
415.0021
312.7434
875.8943
821.0192
440.6217
428.1294
513.4141
869.0758
302.6122
972.7656
56.7278
582.0201
249.8340
493.8478
846.2704
857.5766
849.0760
590.0776
428.8968
256.4908
387.9925
433.3040
499.2733
519.7556
357.7436
179.3716
864.9920
577.8863
354.7029
824.0388
23.9916
283.0502
465.8037
478.5940
543.6738
80.1290
287.8410
854.9644
696.0450
100.0812
470.0404
431.2841
396.0303
21.2748
44.3502
6.3899
768.8749
555.4169
874.3680
357.5514
599.6797
670.0104
975.0149
572.0609
164.0675
817.4604
96.7390
75.6764
709.2566
596.3947
0.2482
779.2383
147.4954
774.6097
498.7624
523.3106
894.1221
121.6359
261.5401
915.5031
47.1477
18.3198
546.4591
732.4513
51.1791
328.2357
449.5446
989.0771
518.8774
804.2716
193.3864
420.3597
85.3367
918.9298
457.6103
205.8587
752.7476
242.8086
967.7745
560.1412
116.9297
457.1485
111.4281
542.2765
932.4612
463.8612
606.4223
517.5387
30.4451
720.3165
174.2105
243.3421
990.2230
502.2300
739.6200
431.5694
576.6173
411.2625
835.8915
799.7932
693.8277
336.5999
499.1478
634.5622
657.7005
811.4657
788.0551
151.7342
626.7124
517.6892
514.0965
183.8444
458.6305
187.4229
927.6804
949.0137
533.3949
906.8299
13.6620
298.2568
318.9548
893.3891
555.7111
280.2956
174.9043
384.4130
600.6512
80.9496
240.1449
82.4304
268.9480
944.7833
261.9646
416.5042
452.5746
809.7683
901.3207
819.3418
341.5874
384.0996
184.8113
861.1099
516.7034
630.6732
624.3439
759.5708
809.8676
204.1559
192.3988
710.2648
593.9012
526.9143
583.0888
446.7826
255.9485
513.2382
122.2140
566.1381
339.5959
251.4635
219.9238
977.1005
649.6378
375.4979
692.4624
226.8799
54.4399
829.6450
445.1050
814.7151
366.9774
868.2714
816.8635
803.4875
868.3405
930.3139
76.0649
448.1282
848.8134
204.2701
122.9972
846.7168
145.1024
787.8941
831.2547
166.8051
691.7720
600.1092
529.2230
931.4816
664.5066
45.4610
544.1216
85.8508
956.5055
489.9453
706.9255
603.6320
175.1933
882.3473
110.9998
378.1008
663.0491
376.3099
337.4422
297.1502
834.9182
957.1398
124.2889
830.9324
323.0491
282.8185
517.7491
647.4029
967.5399
943.3022
809.5848
917.5046
993.8421
790.5290
460.0986
697.8420
509.9484
730.1128
862.7609
612.6962
82.8536
737.3317
169.8005
252.6435
116.2798
270.6708
182.2279
433.5370
484.5449
459.5922
305.2846
3.9672
281.3628
969.8761
288.5216
73.0564
50.6592
691.9833
774.4053
718.4483
553.5298
152.2213
130.6894
998.1325
827.6529
396.1026
632.8224
790.3886
258.9412
872.1906
136.8873
592.5763
537.5323
274.6869
30.6885
155.3016
315.8508
413.7603
250.5635
683.8492
39.2375
628.6362
710.2133
282.3453
481.8006
275.9879
884.3458
953.6088
724.6877
653.9620
669.2504
538.7256
150.6185
510.0386
341.0234
90.1046
992.7380
333.3940
44.5006
736.2350
377.6153
157.4026
755.7617
110.4781
95.6331
721.9730
585.4927
417.6754
20.1705
292.1471
323.8935
777.6694
782.1234
478.7600
296.0756
40.5224
883.4989
128.6594
281.2127
355.5773
316.2228
742.8596
352.2846
759.4661
298.9623
924.7063
765.1394
601.8374
366.9045
40.5756
639.7461
326.5701
304.1495
72.4096
969.4610
60.1981
235.1178
21.7314
752.5069
861.4306
172.6686
949.8503
335.0777
757.3362
852.3715
135.7660
347.8179
224.9206
491.2395
44.0957
996.7458
453.4153
666.2768
930.7836
431.7300
899.6891
636.2056
896.4797
936.5821
609.0319
459.9303
370.4127
525.5037
176.2473
567.0449
159.4483
139.8667
163.3547
988.4501
890.7755
137.1195
993.9911
150.5332
481.5564
374.4138
33.2127
870.8742
506.0381
159.6179
612.2320
749.5466
888.2399
451.8932
392.1947
432.5954
156.9384
38.2232
289.5535
293.4125
226.9099
208.6723
192.1978
543.1335
922.6435
625.3420
593.9777
300.3169
18.9985
600.0618
881.9068
551.2309
85.6074
524.6048
827.0055
541.7808
429.0296
102.6408
386.9305
115.0451
515.4633
543.6534
335.9911
577.3350
717.5242
140.7352
342.4335
448.5180
887.8661
360.9574
761.3682
418.9001
179.8307
59.3397
866.5887
627.2369
741.9053
523.6810
788.2464
876.3359
188.7600
645.2594
145.9296
935.2590
233.4500
262.7606
155.2583
126.2577
359.8023
662.3744
916.6698
252.6421
157.3789
183.5923
134.9890
127.2977
502.2837
266.5604
627.3739
939.6083
816.7205
196.2429
908.4377
728.6812
969.0165
83.1055
915.4450
321.0594
895.0166
394.2195
329.3386
987.9913
931.6966
274.4808
194.8075
954.9996
78.0585
391.5861
798.3985
947.3477
172.3870
367.4957
119.2105
230.1874
508.1008
348.5250
414.3508
609.3499
628.0106
901.8230
256.1241
376.6535
436.1305
10.1690
236.3985
300.6346
940.1621
0.5791
891.1394
284.1822
673.7306
661.2818
885.6349
70.0104
390.8629
822.4480
862.7951
142.2973
526.3810
369.0711
862.3261
378.0420
800.6521
469.9981
938.6389
510.9433
437.9725
615.2483
134.2392
463.5715
578.2617
697.4950
717.0409
959.3103
3.9418
649.8118
19.3372
274.1525
503.0023
887.3652
242.0686
503.0589
401.3964
889.9515
30.3068
597.3581
442.1744
121.6497
547.1659
750.2594
785.7906
359.6664
150.6030
432.0081
203.1771
131.0388
251.9940
226.7939
879.8929
102.2706
706.6545
488.5109
131.6797
212.1916
899.4227
116.2939
806.9694
178.3326
760.7007
343.8582
180.0509
916.0923
402.3583
164.0452
126.5800
60.8204
239.2924
211.1984
577.8126
94.0376
169.0464
23.7057
718.1185
108.6732
725.9346
291.8597
872.0259
214.7085
504.5610
243.1534
553.3669
27.3785
942.9613
357.7995
888.3019
780.7119
756.6044
62.6026
422.2142
537.5322
827.5591
925.5561
699.4423
494.3896
33.4334
917.6298
56.2904
580.2054
346.2347
886.1405
862.4331
225.9560
10.9031
897.5608
79.3808
452.8361
181.5563
925.3229
19.6534
376.8770
34.6588
524.9301
33.7617
248.3221
289.7184
207.2127
31.9861
903.3176
660.5235
157.1636
348.5241
489.7817
542.5451
828.5592
656.9198
388.4632
361.9932
668.9613
870.0640
704.3868
915.6635
43.2248
593.4001
99.4627
998.7136
964.7078
836.4841
122.2977
383.6460
935.8110
588.7090
291.6697
799.9574
36.7169
278.7657
899.5688
535.6424
480.7978
515.5945
662.9026
383.2284
790.1735
124.2777
631.4697
430.8397
973.4762
363.0628
142.3063
754.1602
851.8800
578.4570
54.5851
599.7933
510.9105
359.8446
84.2930
742.7743
93.1969
353.8719
416.6682
141.6925
33.0067
528.0252
834.4116
213.2922
78.6816
896.8778
849.1730
568.6562
890.8029
644.3421
997.9100
705.5409
440.4220
332.3970
819.1257
847.6307
741.8111
307.7905
501.6275
75.3877
612.2369
255.7169
860.8367
1.7132
873.6020
195.6440
937.5139
701.0192
335.3654
842.5623
91.1727
483.7703
218.1373
199.3008
70.0774
810.5345
611.5865
612.7050
845.8190
772.3510
154.0400
721.6693
345.0915
240.9117
991.9094
993.6990
664.7469
319.5935
364.1098
665.0655
572.3960
222.7341
852.1299
789.3187
849.2982
709.2037
850.4501
138.1453
859.7795
397.0377
562.5998
485.0030
144.1758
806.9372
332.2296
846.5391
747.4216
625.7772
526.1298
789.6609
777.8346
812.9812
893.6933
144.8335
746.0259
946.4929
125.5116
673.5564
171.7990
320.9379
580.0668
340.8378
169.6220
443.9036
333.3493
317.2024
399.5655
49.6818
511.5368
396.5916
786.1855
952.7955
868.9205
658.7551
749.0970
917.2208
982.5053
556.1064
181.7837
626.1435
150.9586
355.1506
506.1742
910.7785
278.4975
289.9120
669.3689
405.1574
558.9930
924.8940
109.1193
703.8531
250.2003
814.6470
787.7394
621.7186
468.9268
417.8734
194.8485
370.4905
590.7556
595.1759
354.5092
976.1189
409.3639
188.3900
222.6436
486.9952
352.2225
514.1968
842.1597
776.0445
133.4019
67.7596
857.7443
453.2150
690.3046
987.3468
323.6813
448.2205
694.7512
408.5121
259.3626
775.0205
440.9302
393.8641
530.1165
851.3599
415.8566
653.9271
722.8656
371.2597
874.3248
216.3888
590.9896
431.3516
413.5174
959.2137
290.4412
825.0165
195.1719
494.9012
88.8445
499.9769
385.9479
211.3848
210.6949
829.9412
611.5112
261.8624
92.2540
312.8664
350.7214
808.9616
803.9725
699.1679
277.3175
648.8608
869.4097
506.4627
413.3402
442.3582
941.1642
487.4516
403.6964
341.3014
203.8637
732.4021
199.2242
937.3448
664.0316
372.4982
709.9047
351.7653
180.9514
655.2090
704.3516
516.1232
645.0612
473.2201
867.4960
87.4553
760.3946
93.4317
783.6045
619.8220
594.3294
411.7283
550.6580
488.0104
320.5429
468.9678
246.7090
544.7698
200.4616
390.7149
700.3698
35.0026
582.9267
808.0953
205.8599
460.2580
802.2251
972.7052
365.8636
614.7245
703.5134
132.8727
128.3940
897.1830
148.8683
288.4340
214.6235
386.8502
560.5581
744.9887
615.7325
269.2210
618.4789
698.0622
784.4899
700.1584
645.3271
964.2808
113.1380
573.1472
557.0605
143.3323
877.2176
577.4554
407.5462
62.3604
255.0999
176.9972
221.3734
74.8275
33.3431
403.2298
386.4637
2.0161
849.5192
536.8040
39.1076
415.6305
120.7906
318.7985
252.3068
622.8695
640.6154
351.8678
44.9028
183.6857
817.6620
986.4416
806.6486
830.6951
919.8903
137.8028
762.5239
420.8093
855.6042
763.9409
824.8995
59.3771
425.6629
207.0336
887.2517
98.0999
592.3602
322.8172
107.7924
192.9450
670.7552
182.1471
393.0636
393.8439
697.0323
53.9346
330.0199
134.6246
191.2886
364.5652
322.8915
265.4543
327.3520
693.4296
121.3881
902.7576
705.4968
740.3735
639.6151
29.9282
814.3456
655.0813
266.4094
164.5348
709.7568
125.6935
521.8601
622.0899
353.8957
794.9011
163.1642
656.6750
241.1470
165.0987
13.9836
155.9145
339.9482
4.9105
277.5400
52.4044
517.5161
953.9760
826.2224
511.0610
369.0968
675.9017
989.1831
236.7006
328.6348
986.7125
745.2467
245.5997
800.3521
831.9127
3.7516
741.1368
9.5830
828.3897
416.5081
524.4138
947.8839
309.7588
896.5705
36.1818
117.8795
657.1890
894.1113
502.1909
860.4901
148.5237
167.0228
432.6854
266.8782
798.4485
937.9163
172.5399
372.7722
263.3692
54.8240
218.3527
277.7255
326.9797
757.9164
611.2783
310.6463
176.2173
203.5024
718.0702
1.3277
414.0180
224.8131
104.6186
466.1392
64.4681
725.2408
940.9830
937.0882
443.8245
130.0282
254.2690
409.6641
472.9073
420.6712
277.4253
716.7336
905.2472
764.7422
995.5533
573.8955
412.2206
465.0110
990.8363
673.2027
667.1161
460.6989
199.5407
198.6968
845.3360
219.5708
779.3742
137.6837
584.0750
463.1429
607.6141
270.3228
601.8278
975.5978
132.1926
717.3959
771.7720
922.0351
725.9043
242.7626
360.7073
177.0639
326.0836
969.0283
69.3081
80.2287
302.9668
316.5845
137.6239
551.5030
776.7106
209.3059
987.1384
187.5064
82.0091
680.7763
296.2167
184.4215
647.2997
680.3106
620.1351
830.3370
923.9242
807.5458
327.3076
999.4965
476.7032
803.8591
159.4846
869.8454
101.6996
296.1397
689.7718
512.7508
558.4985
889.3861
777.2431
673.2792
454.6555
43.8653
458.3471
285.4139
817.8717
735.6026
54.8354
210.9530
892.3889
989.7917
281.8633
905.3953
476.0246
959.3295
654.6219
594.5044
478.0245
971.3616
69.0635
293.6730
328.9059
784.0053
574.6094
43.7776
870.9145
477.0285
495.8266
18.5472
570.7765
145.4720
56.3876
152.7487
280.3826
472.8474
745.1799
845.3538
830.0947
517.6971
127.8075
235.3944
64.7214
35.3576
783.5474
644.3862
782.3600
14.5682
665.0710
467.0350
273.9404
968.6655
767.9282
448.6809
530.7542
861.0294
541.7876
758.2089
906.2479
206.3114
772.7407
637.4151
906.0680
854.3496
9.6006
424.6250
429.3570
606.3316
379.6580
231.6611
991.4243
652.9438
898.9356
385.7928
529.1573
977.4703
385.1104
698.9115
348.8576
779.4225
262.5010
747.4128
753.9940
112.5339
608.2174
690.3614
928.3392
142.2198
976.6901
163.4334
585.3405
68.7743
381.9530
620.5493
224.7411
871.3712
701.9102
278.4351
236.2386
446.1619
781.4833
706.5008
122.4415
15.9797
531.9003
223.1081
879.8318
519.7332
193.8689
921.5416
657.4809
69.2209
626.7083
347.9852
388.5435
474.5803
391.2018
417.6741
609.9862
558.6322
634.1102
399.9940
396.7495
46.8633
356.9070
225.2129
108.8777
784.1401
391.5010
717.9559
663.3687
917.6096
826.9677
694.1255
93.8857
496.9288
546.6511
807.6160
404.8452
195.5992
152.2195
70.6187
100.5889
260.8866
407.0038
249.4145
474.9336
502.0219
580.5990
148.2983
208.0058
365.5870
489.8887
423.1169
241.8053
465.0955
873.8816
723.1175
92.9266
675.5800
777.2413
597.3828
298.4183
281.2807
153.4496
170.4214
194.4953
710.9491
91.3723
786.7836
820.2267
54.4435
779.3686
602.0146
578.3613
964.8300
31.6554
347.5413
661.4878
95.0745
792.0992
394.8754
829.0820
770.1698
961.2722
305.6959
377.6226
862.2778
837.5859
311.7417
56.7136
295.8425
22.4622
87.5805
109.5961
894.1542
835.0124
454.8828
58.3742
592.7641
298.3857
45.9824
947.3800
895.4773
788.3554
829.7719
439.4580
644.4046
356.9347
922.5168
733.5147
317.5884
288.3068
365.5308
591.8358
384.8042
607.7408
885.9153
524.8510
211.6851
253.8822
379.6182
867.7728
518.7219
56.3802
953.1634
113.6319
377.2494
351.7761
140.4635
561.8726
200.5335
76.7157
58.0640
405.5306
691.4286
145.3688
877.0766
447.9171
462.1426
261.4950
510.3906
2.8600
779.6419
13.0786
987.3739
471.6924
203.6622
70.8511
912.8327
25.1034
85.9869
405.2828
464.2028
510.8049
939.6290
794.7018
0.6744
20.1826
965.2517
50.0643
729.7123
878.5928
502.8018
149.1702
455.9950
821.8410
773.4100
688.0274
442.5701
667.0965
510.7112
964.2944
157.6063
415.6708
895.4657
890.7659
930.1093
518.6360
336.5358
565.0247
187.9574
596.2303
293.9248
164.7809
659.5059
950.8344
857.3649
943.2518
38.9114
967.3076
923.9779
582.7212
391.5662
336.3742
564.8235
108.4887
578.3391
956.9991
808.7314
148.5973
473.5277
442.2380
399.6482
80.6199
899.1987
181.8270
555.5412
826.3512
366.6628
950.3103
469.9205
470.2038
58.2567
24.6110
221.9645
862.2540
50.6906
505.5596
75.6368
691.6064
387.4847
455.9130
599.5835
317.6213
995.7445
447.0131
29.0475
277.9850
940.5538
380.8291
340.6201
244.8803
112.3931
305.0799
463.1226
895.9231
322.1233
23.2875
503.6822
921.2270
112.3456
832.4591
789.0812
226.0089
86.1665
159.9710
391.9032
385.7283
725.5693
283.3353
893.5319
883.3900
162.0401
107.5251
685.5979
378.8319
460.2792
551.2185
827.0885
694.5507
907.2103
320.8872
360.8385
180.9702
861.1643
468.1109
980.5121
918.5881
347.4455
422.7004
23.7155
403.4374
365.8741
562.1422
628.5933
688.5002
522.9538
838.2336
45.1423
427.1291
700.6397
823.3939
950.0108
798.6300
725.2994
837.5300
45.4454
360.1134
852.9618
735.8009
280.2142
607.2356
917.7625
963.3672
644.9535
515.0652
922.2833
11.8925
941.4119
196.8294
309.3000
604.1376
848.3546
736.4440
833.8410
108.3932
382.6950
225.6837
431.0357
684.0911
391.9505
288.5115
390.3544
8.3473
440.4190
215.5060
435.7631
83.6569
617.3315
66.7677
458.4180
180.9768
740.0994
125.8901
405.1056
686.2442
213.8550
221.3936
369.9466
663.0760
806.6122
253.5741
290.6207
515.5067
703.7352
780.5892
74.9990
941.7036
298.6447
296.8610
874.1118
480.7570
69.9102
804.0499
646.9180
597.9357
920.6773
774.2265
846.8716
219.5275
504.1589
116.6983
167.0388
350.4307
296.6442
867.0867
673.9704
557.8868
110.6651
719.1606
432.8803
58.7664
984.8842
727.3373
297.7460
99.4095
586.1676
619.0474
869.6110
621.3696
810.9583
19.6552
246.7250
247.4001
493.3897
807.1967
468.5219
613.0096
65.2852
104.1151
539.5481
478.7803
9.4758
670.4946
635.6074
319.4759
711.3617
209.9465
787.6471
859.9454
952.5646
491.3864
150.6162
805.7154
771.9647
888.6823
603.2598
135.5571
825.9058
494.6509
625.5686
382.7134
707.3129
606.9432
252.8055
517.6909
977.4088
897.2544
559.8773
547.3595
476.2537
713.7399
153.3879
243.3172
477.1973
919.6673
911.9598
238.3651
797.0015
175.6167
145.4334
804.7982
484.8608
152.7779
233.2930
524.3810
530.2900
791.2320
991.6468
825.2604
654.9214
951.5542
424.3064
823.2602
325.3835
102.3505
109.1436
578.5583
339.3019
559.8780
138.9378
280.4559
874.7274
351.0933
550.0773
827.6781
378.1675
15.7772
514.3793
811.5973
920.0682
733.1875
320.4156
499.5670
297.9709
588.1648
364.7843
611.7891
360.8726
244.3134
893.3621
135.4372
199.8037
575.6860
286.4569
892.6926
651.2834
350.9328
138.8808
528.9467
251.0887
309.3017
987.6312
460.1518
619.3027
920.0112
525.2222
395.3786
114.6336
446.6648
437.3680
108.2303
492.3916
268.6775
394.9809
210.9618
857.3271
853.0762
842.0381
718.2315
565.9739
328.3470
920.5436
859.9196
907.4823
569.0087
770.5733
678.1541
701.0318
512.4258
949.7017
57.8200
391.3390
216.7851
113.6895
350.5290
103.9969
690.2613
138.6607
555.8194
119.1009
856.2794
643.0137
697.2625
991.4501
590.0223
745.9762
499.0837
45.0216
700.2683
225.7421
875.0193
81.0224
337.2947
20.4921
912.1008
127.3078
973.7370
360.3850
478.0111
780.2527
496.4102
387.4836
396.6472
380.3059
365.2942
528.8655
865.6625
168.0446
647.1436
889.0574
760.9352
446.5087
265.0867
247.8570
581.8987
78.8816
666.0630
554.0447
926.9881
100.4914
427.9102
262.9784
203.7789
430.7225
264.5223
31.5651
293.4978
957.9972
322.0448
262.1744
675.2627
382.4728
813.2205
919.6148
263.6980
15.7353
877.4462
194.3982
383.3437
900.8781
614.1300
137.8985
262.5837
342.2459
243.9821
39.9483
713.3726
298.7335
258.1855
480.5012
149.3927
553.6446
668.7531
288.7015
507.5463
466.4166
419.1769
227.3881
30.1211
113.8798
240.7697
458.4315
66.3742
614.9183
418.9982
756.4835
222.4096
920.4768
476.9312
507.0534
921.9380
964.1976
881.0530
135.0359
121.1020
336.3763
614.3861
369.3456
976.6659
41.9340
688.6106
470.6781
577.0344
764.1613
803.8899
707.2201
701.9817
126.1929
922.6961
408.5913
926.7361
359.7071
162.4115
842.5321
415.0198
211.3267
446.6380
252.6761
388.4974
164.9450
306.9664
397.8252
294.7016
570.5502
851.4934
102.2396
62.6922
394.1139
789.6600
257.2368
115.4086
12.8774
721.4146
789.3146
647.8275
765.8095
389.2145
731.6287
476.0133
851.4073
655.6591
993.4842
936.0516
517.9388
318.7476
35.4431
85.8802
887.6581
127.6579
888.4854
649.1861
294.4919
852.8016
342.7050
530.6250
968.0510
271.0348
988.3923
508.7413
98.6640
563.3311
369.1934
235.8147
225.8026
897.7209
911.4568
613.7117
880.5511
497.1856
297.9525
884.3732
263.5318
733.4697
569.0563
355.6005
463.8729
570.4885
590.1939
650.2806
673.2396
559.4359
639.3589
455.9729
877.4865
317.0167
920.7894
438.7443
565.4293
705.2110
972.8987
498.6052
576.9503
372.9507
152.6625
971.9617
958.2035
772.9861
276.8446
319.2879
517.6340
528.2376
516.2136
746.9765
742.3623
775.4474
992.7271
25.1964
485.8375
322.4387
261.6371
208.5982
610.6243
673.2826
47.9160
707.1628
86.4805
804.7618
285.9348
99.7199
571.2703
710.7837
467.1171
433.3770
279.5761
435.5671
980.5656
220.8614
837.4525
299.5902
748.1824
60.8244
651.4081
694.2586
742.2417
127.9065
396.6716
103.3411
830.7597
502.4614
456.9473
88.1271
215.0822
257.8878
719.9583
722.3220
805.8723
350.9408
986.8950
457.2262
193.7378
153.4593
349.3299
712.1406
224.5197
865.7253
319.5474
654.4909
368.7515
751.9465
847.7441
626.7874
679.8570
766.8642
536.6171
683.2266
365.3515
994.3555
656.3571
524.3747
584.6715
197.0013
466.7390
468.5275
594.9976
157.3997
6.5008
594.1720
278.8496
32.6830
319.0982
422.2283
684.8091
653.0493
679.3694
821.6061
913.1349
46.2345
630.8448
163.6769
228.6218
658.7462
174.3144
557.8311
240.8237
756.4050
746.9462
688.6305
780.5111
904.5056
500.8066
460.3672
294.9406
543.1824
428.3699
437.0489
487.0167
466.1198
739.4082
900.2439
625.0101
561.5771
725.8879
460.7936
445.5371
57.0097
22.6290
326.5153
501.1518
188.8760
364.1088
685.1305
790.9055
996.8314
774.6382
356.0868
861.9877
909.1866
543.3191
523.0789
707.0063
615.2115
94.5374
141.4208
613.1278
788.4454
835.0779
381.8159
778.2792
691.5295
344.1366
783.6567
12.0954
382.7502
719.5686
48.5886
303.8710
761.6791
474.7705
695.2243
277.3638
13.2140
297.5533
373.2706
560.8741
295.2913
953.6342
372.1284
644.5642
671.4705
900.5730
267.4424
703.5289
174.3409
173.4151
8.9984
716.0278
664.2233
60.8547
94.8058
879.2648
419.0147
522.9689
473.8349
397.2405
205.9675
390.8918
311.1144
821.0314
585.9729
158.2410
340.0962
170.7594
558.1922
470.8244
379.3650
981.9665
344.6167
142.2831
304.7781
727.9273
383.1655
440.6241
646.7428
938.6868
725.1798
935.6420
787.8451
796.7721
320.5571
529.5484
721.9852
983.7537
548.2922
731.8074
877.6575
449.7476
901.8344
776.9152
312.9506
490.3447
686.6179
826.6100
618.9936
249.1452
783.4286
733.8868
790.6458
905.7403
240.5087
271.9372
375.6017
75.0454
379.8185
966.3557
839.9273
36.6372
85.8587
24.9742
916.0923
816.6341
270.3247
409.1702
943.5383
597.0603
416.6266
401.6777
934.0687
69.7446
441.3932
773.2806
774.7949
711.7279
335.5230
232.0778
698.3931
850.1184
438.0077
59.0934
643.0513
392.5495
391.9742
323.1181
817.7409
86.0809
114.5328
875.7173
655.2946
311.3210
915.7612
89.8056
169.5375
607.8794
327.7814
253.6576
984.4693
766.2615
730.1256
517.6292
681.3476
966.5241
154.1709
744.0183
453.8391
162.0655
952.2078
56.3768
585.9145
123.3279
805.3557
791.2929
425.6452
516.4594
113.6129
319.5360
146.4909
88.9406
926.6887
202.6068
113.7226
907.2986
309.4358
439.8854
515.5627
96.9879
639.4773
661.4849
287.6890
124.3660
835.6651
779.0113
946.8996
175.5006
431.1723
324.6347
128.2551
598.6000
602.1354
32.8371
272.8808
754.2883
77.9947
823.3539
403.9080
693.8065
943.5390
82.2754
504.8782
955.9452
616.8539
705.6772
641.0593
194.0745
594.8621
81.9974
18.0274
605.0262
165.3646
471.6655
670.8603
777.0807
648.7967
963.3907
653.5533
129.2640
425.6061
372.8795
245.1976
142.8732
595.5970
128.7736
214.7155
310.9584
396.3610
627.4635
630.3005
12.0879
379.9207
948.5290
292.3906
128.0013
464.3603
947.1727
122.8492
890.9313
430.0020
193.4935
937.9412
160.5141
219.2676
975.6879
779.9710
50.6832
36.2964
194.4844
789.2934
797.5959
278.8846
347.6395
774.3939
141.0086
62.5772
417.9765
595.5631
865.4850
224.0071
908.4379
336.0879
566.7706
263.7802
798.3614
1.4298
157.9883
723.5316
399.8958
158.8024
992.0822
228.8992
385.2570
205.9614
648.0146
425.4007
135.6780
96.6901
108.9593
166.6355
32.7212
291.9248
1.0716
116.1091
669.1294
920.4220
148.0686
528.2435
260.0297
241.8674
769.5945
586.1320
26.2518
336.0173
588.9931
762.8461
655.2301
706.1549
509.5088
18.8111
443.8502
398.0123
879.3641
969.4846
727.0433
32.9131
168.4932
39.0819
741.1608
802.4513
326.2291
326.8316
880.9996
757.1225
985.4208
503.9458
691.8887
593.5222
402.3497
345.9810
289.2255
882.5945
979.3466
390.8209
888.9766
610.9139
860.6743
438.9620
213.0519
593.4382
752.7033
562.3774
963.0727
641.5779
664.6710
707.5115
879.3066
367.1008
74.6407
862.0388
669.4933
157.3739
49.8202
561.8270
376.9193
427.6345
225.8925
464.1413
896.3932
524.7661
196.8207
178.6484
181.7390
29.2365
812.3173
436.3392
823.7355
672.9720
749.7322
4.9797
261.6756
464.5216
65.8660
766.0238
971.5522
505.6388
388.6551
636.1943
795.2779
289.7105
334.2601
362.9904
647.4818
636.7898
133.1637
91.3254
207.3298
503.8222
391.7930
175.6750
949.3496
319.5168
39.2397
149.7247
139.1501
345.4454
488.1457
30.2037
197.3735
434.6093
384.5342
653.9441
723.8228
809.1817
525.1948
216.1028
375.8880
543.2879
394.8610
545.8845
391.4806
958.2257
467.2898
162.7958
877.7753
938.1447
894.6990
647.6609
927.6803
88.7434
89.3843
348.5514
846.6560
587.9273
966.8837
851.0040
863.7171
362.4787
124.4598
150.2367
141.8176
540.6702
50.1684
727.6099
925.9039
887.0783
394.8034
169.3753
825.5154
52.6638
109.9620
540.3203
798.0537
209.1846
446.7492
488.2163
197.2043
114.9455
504.4007
370.4790
939.9098
100.4571
78.8030
913.0596
839.1223
420.6802
803.8698
853.3747
839.9497
940.9420
123.1116
466.7570
236.4441
565.5739
122.7590
299.3384
274.1548
265.6978
416.0298
839.7826
82.5541
993.5628
226.3728
827.7697
451.1898
983.3953
651.0370
957.5604
557.6244
655.9689
571.8209
833.0940
442.7652
117.7828
883.2862
310.1891
289.9690
249.2504
299.4949
100.9913
532.2002
434.6292
246.5350
528.8263
532.9688
601.8954
959.3595
420.1932
951.8808
922.2445
11.5691
780.8775
337.8253
416.2459
960.2685
180.7743
536.5225
260.6661
786.3677
616.9896
465.7831
782.4462
508.4906
750.1011
365.3517
736.9575
469.9367
36.2407
870.4840
615.1338
397.3224
603.9624
548.9264
35.7942
946.1283
850.8352
73.9871
339.4308
68.7239
157.4105
965.6724
143.0798
699.0973
863.8843
391.6060
443.0735
619.6401
248.8418
42.6910
566.4093
444.2202
388.7472
134.9181
239.1741
142.6712
804.4767
96.2333
374.2576
639.6990
68.3542
369.5500
435.4213
195.2960
698.8223
343.0482
282.0261
261.3714
656.7068
311.1090
104.0291
431.6367
830.1845
647.5119
628.4911
838.7360
714.1833
953.5854
126.5099
424.9692
822.3208
133.9474
814.5099
523.8182
356.1433
334.4607
593.5909
595.3483
438.7280
315.1684
628.6457
341.9765
144.8047
42.6690
221.1712
638.2617
729.4555
673.4931
939.0560
491.3179
325.8162
445.8598
774.9862
13.9341
858.3842
140.1240
330.8666
399.0505
468.0238
794.1858
2.0051
337.6282
35.7642
236.3982
993.6150
456.0104
742.7229
47.6925
360.2392
726.8142
741.2447
427.0984
102.5157
830.2741
125.0831
288.0175
233.7032
113.9584
301.5878
473.8577
284.2220
118.7449
490.5231
799.8035
165.6245
90.8290
483.1454
481.4078
342.4870
928.5407
753.5677
463.5868
512.4132
474.7594
502.4344
743.5354
261.1058
496.2301
726.2182
575.1260
822.4221
863.2637
748.6153
806.4796
569.9910
727.1360
48.2289
313.9564
415.6981
992.0324
666.8376
518.8095
954.3080
16.8266
158.5891
967.9669
562.5403
307.9132
161.5634
939.7348
897.0191
182.4861
793.8341
877.7059
313.8474
854.3899
728.8672
13.9924
212.3214
599.4926
803.2443
156.6641
758.1799
269.0464
912.5762
89.2127
725.6343
317.7220
709.0085
851.3443
985.0550
149.3693
803.0553
275.4488
327.3652
435.2312
981.7459
330.1847
689.6290
493.0083
669.0546
484.0523
248.9715
605.4620
207.8455
0.0431
466.1326
698.5607
118.8483
367.0039
410.2425
191.4744
756.6739
953.9195
130.2372
184.0115
109.3663
669.6853
502.7126
212.8379
412.0808
484.1609
180.5271
760.4853
41.6021
163.5886
932.2021
865.4892
348.4261
947.4208
438.9254
317.4244
885.0907
882.5930
420.7089
873.1854
438.1364
943.4485
66.4709
801.3544
333.7605
326.4217
83.2432
773.3636
569.3098
873.2537
865.5834
551.2717
773.8319
831.0913
778.8947
480.2225
86.4675
464.7341
134.5221
646.7416
380.0319
246.6860
923.9562
866.5779
115.1091
231.4405
553.9252
241.4549
405.3350
378.7796
679.4193
136.2511
221.7273
8.9761
905.8219
807.3714
481.5189
144.9530
347.2228
346.7561
824.4938
875.2885
544.2324
646.2555
139.6575
824.4544
110.2042
401.3682
23.5174
129.1024
202.2645
255.4390
554.0042
865.3984
186.0514
430.5029
530.6262
869.2112
64.6839
230.5282
839.3167
707.2597
95.3471
122.1566
322.5867
942.7287
829.6808
830.6290
40.5371
938.1714
62.0814
801.1573
475.3937
974.8527
669.4732
890.0676
483.5159
841.9457
332.4165
270.6297
964.7909
857.2963
33.7516
651.2729
364.2558
157.6089
445.3568
138.9704
992.6570
562.4103
322.0864
193.9466
13.2564
862.4098
361.5726
348.1659
193.1722
725.4500
362.7864
968.7940
421.0877
449.7457
55.6222
580.9729
222.2953
148.4043
870.5509
117.1812
320.3320
293.9048
477.5617
594.3248
271.4235
695.6303
371.6240
280.3423
354.9073
894.5513
583.7727
994.7538
820.9039
265.7614
293.6498
72.1287
698.1105
897.6781
290.6923
95.1843
100.8911
207.8158
498.5949
303.6558
591.3043
885.1077
260.6762
431.9166
139.5721
352.0401
589.3301
945.9679
116.4848
949.8487
23.2659
160.4710
907.9336
985.6752
918.7512
666.2558
8.5107
250.0128
272.9110
358.9409
249.9883
472.5560
534.1704
467.0210
380.8580
562.0001
406.5961
746.5468
846.3952
378.6049
62.0460
367.5963
629.5232
271.9568
357.6811
444.6649
91.4057
912.6836
18.1671
108.4681
892.6625
749.0878
996.7875
777.7039
232.7248
532.9992
188.6126
849.8476
446.2703
402.8594
51.6100
322.1114
940.7050
474.0036
134.7539
468.7712
134.4069
363.7623
759.8102
277.2907
992.5291
860.5616
154.2711
699.4712
896.9904
404.0399
251.4129
812.1115
738.2674
497.6640
517.2655
653.6180
24.0888
515.3036
772.5990
960.0281
591.0743
217.8528
880.0418
691.2891
955.8524
389.6849
54.3260
677.4719
734.8277
641.5450
528.0740
162.5960
512.1412
135.5325
876.9449
441.6509
130.5169
975.9922
389.8529
966.4848
153.8392
874.5182
82.1369
979.2824
775.3949
4.4442
389.9630
319.0591
678.1842
7.3818
482.9106
728.2401
304.7253
571.7036
191.9479
606.6746
271.6488
69.8091
216.5922
961.1521
517.2965
396.1406
211.6080
509.3161
251.2682
817.9401
587.0456
92.1689
928.4713
726.1493
324.0272
700.3677
512.6253
90.9081
270.3686
485.1553
655.2634
622.9680
864.0997
135.6153
81.8610
487.5046
366.7692
781.6047
184.6300
246.3674
916.1035
207.3679
936.3349
526.4646
225.4278
558.0178
96.5908
74.3824
214.7394
803.4595
444.3615
376.6341
712.5890
719.9818
384.7374
609.5539
571.0748
352.0023
833.0975
583.1825
266.9524
403.6093
558.1716
189.1233
168.5938
653.7889
22.0007
49.0347
951.0598
366.0524
553.3527
801.9129
299.0004
671.4220
304.8815
820.9815
435.4505
160.3801
76.0106
725.6868
746.5533
909.2448
188.8041
696.1107
924.1517
307.3843
391.4225
607.3332
945.8958
397.7696
500.9986
154.9693
482.5240
750.7312
324.1583
658.5460
566.2397
43.2836
382.4401
60.7907
196.5818
973.1934
5.3745
894.4605
831.0267
610.0272
49.9748
430.5883
152.7368
830.3705
699.9851
504.7559
845.8006
746.9583
983.0426
180.1811
910.2659
853.3669
957.6618
334.2202
563.0452
239.0697
830.0039
985.1564
511.2514
39.0512
530.4123
804.9104
25.9404
468.1509
82.6349
411.3241
200.1257
230.4311
44.9140
293.4510
743.7047
118.8525
12.5243
282.7990
258.5069
296.0957
623.9276
234.2835
853.2530
155.2812
382.2195
976.9920
315.3181
860.4115
727.8474
340.2916
952.7705
430.7637
360.6619
877.5852
787.3475
640.7612
413.2389
437.4397
165.7936
128.2836
713.4539
269.3949
921.5763
465.4666
237.9683
146.1614
286.4326
752.8641
665.3112
114.0701
453.5167
259.0730
37.3262
901.4685
796.0637
870.3408
178.6331
919.2162
747.3716
160.5450
196.0010
709.5328
46.3217
645.7274
132.3125
238.3915
495.3750
669.7495
164.9185
8.7270
550.3445
98.2856
56.0142
928.8885
245.9280
644.0535
130.2072
695.1833
686.8603
297.3330
285.0092
596.5454
0.1825
830.7196
895.9154
360.2329
104.3845
455.6444
289.2322
220.1942
838.1775
108.5581
215.5826
582.7044
813.5042
574.1156
790.7744
998.9464
131.0840
855.1532
176.9659
101.4530
79.8533
362.6406
313.8477
357.7753
986.7468
535.7185
201.5431
919.2622
520.0510
280.1104
191.5754
869.0253
972.7927
986.2589
771.9217
242.2245
274.9490
382.2082
203.6826
53.3905
345.9834
639.3474
548.2947
426.3553
610.1266
448.6399
653.5592
733.6461
516.5292
814.9278
71.7304
145.9245
727.4094
822.2404
907.8409
915.3763
222.0871
420.3118
54.7825
227.2722
393.2376
731.6425
484.5811
674.6704
981.8687
282.8079
660.6180
413.4727
846.2379
156.9586
569.6924
231.1090
522.8457
968.6794
532.5588
300.2994
296.2689
203.4692
889.7374
89.1527
751.1966
11.9818
718.4564
846.6455
960.2452
326.8838
845.9357
20.3815
41.7899
668.2441
113.2386
404.5664
397.2613
798.9870
769.1831
824.0627
727.5198
327.3839
854.2760
818.5697
373.0638
514.2802
969.4713
467.9912
741.6028
568.8462
156.0385
47.4941
274.8680
196.8723
511.3200
640.3887
371.2056
5.6917
256.1985
763.6017
975.9101
101.8075
843.1087
1.5397
474.8140
244.5088
102.0080
838.2772
576.0380
455.0504
625.9552
500.2101
135.0785
383.2004
71.7547
257.7717
430.8665
83.2203
900.8617
257.9883
83.1991
683.4648
345.7823
692.4746
869.2976
861.6875
452.8086
896.2086
398.8408
26.1036
255.0336
207.3569
867.8331
420.1310
742.1411
803.9372
617.7096
309.5794
438.9454
139.7511
986.9701
89.5616
217.9069
749.3637
66.0715
647.3116
501.9677
560.6680
215.9640
908.0734
450.9702
53.2398
630.3345
978.3647
567.3109
449.4348
789.6863
563.0187
26.9761
951.4607
978.6354
936.3092
101.7114
276.4306
426.1660
778.5521
86.2988
318.2221
395.3245
47.3958
594.1930
978.7047
715.8703
753.4084
695.4494
5.3930
941.3021
153.4674
574.4055
839.1180
808.3181
641.3867
432.5003
174.3167
670.8201
750.1785
657.2554
694.2046
143.9030
954.5415
418.1851
234.4230
3.0039
918.0139
897.1388
499.3727
447.2338
634.6801
302.0528
203.2443
219.0610
779.0573
298.4696
938.3691
543.2901
690.9348
222.4199
870.5849
804.6294
976.8699
390.8838
537.3872
64.8689
657.0969
187.4372
131.8955
510.1312
85.7097
492.4178
313.6752
709.9234
675.4227
871.4700
555.2789
801.6837
114.5298
291.3241
538.4263
348.0578
995.2220
827.0570
984.8672
811.3752
566.3252
418.5380
126.0636
779.7097
170.9170
770.4552
238.0957
18.0236
887.1179
596.8296
270.6641
169.9535
503.0711
142.0837
135.3695
156.7887
389.4335
129.2834
854.7441
982.4315
614.7154
195.3907
942.3432
481.2621
218.6851
985.6134
979.9888
666.9667
68.8331
254.6723
912.4148
18.4847
527.5030
724.1224
570.9643
784.2417
148.4562
869.8748
769.5313
859.4712
320.8126
280.2428
549.6465
317.6875
840.8716
883.5105
584.4846
989.4166
18.9581
794.1990
674.8393
792.5061
51.2455
877.0031
495.0031
518.7822
112.7777
117.8638
797.3104
323.2229
112.3194
313.9631
140.4859
768.1176
752.6967
668.7213
319.2609
48.2165
754.9044
760.7956
686.1372
144.2044
26.2524
209.9440
14.2723
960.4182
887.7663
806.7402
252.6963
519.4913
710.6644
702.0672
247.6275
637.3979
604.1051
396.4574
322.5408
637.8544
103.7550
258.0488
644.3699
803.6095
854.3355
791.6791
879.3609
656.7580
237.0454
573.9952
491.4194
568.3737
887.4759
732.9428
518.8299
927.6640
907.4634
879.3286
959.8393
980.7037
119.0477
144.0430
47.7457
959.1585
627.0136
892.2043
326.1479
903.4840
432.0079
953.4835
203.0712
870.0553
237.3862
126.3625
891.7328
333.4075
454.9095
555.1801
677.3139
358.0830
950.0222
303.7277
900.5046
340.5331
674.7976
974.7671
61.7302
721.5390
824.1546
361.0317
432.5017
816.5445
782.0096
915.1272
151.4545
200.0667
876.8465
946.3804
219.6951
517.4411
838.9722
368.8735
512.6599
122.7225
370.2480
588.9570
864.7686
654.2452
171.3888
926.9618
251.7619
202.9436
913.4849
356.7534
252.9861
591.4291
630.6311
621.7255
875.5797
369.8952
174.6266
688.1304
95.5578
749.4883
795.6069
72.6042
529.3497
649.4792
215.0545
152.3264
572.0756
751.0595
743.7685
61.5590
528.8561
601.3263
373.5815
451.2349
350.2840
463.8006
6.0278
474.0679
649.6875
116.8028
895.7820
829.9612
22.6461
757.4162
854.6628
13.5869
396.0169
63.8642
811.6679
728.9710
92.3451
19.0112
709.8751
612.0261
664.2138
43.9323
156.8849
550.4787
71.3140
799.0824
506.9086
301.0833
162.9846
695.2786
164.9416
510.6692
307.2369
197.4476
784.8658
140.4831
814.4331
545.7228
901.0552
281.9498
653.0253
844.8149
281.0275
555.6224
297.9521
659.5904
976.6063
476.1486
132.5613
921.1823
334.3747
480.7250
655.8305
542.7462
722.8600
503.0059
670.4327
209.1542
578.4668
777.8687
546.6848
59.6380
51.1251
48.7821
772.2898
906.6475
553.3484
391.1961
915.7032
980.5080
44.8100
5.4686
614.6367
767.4441
406.3252
123.6622
239.0829
12.7199
676.5750
747.1979
380.3006
54.9985
322.8775
133.8186
847.5512
430.8534
990.1181
50.5201
282.9413
661.2955
276.9970
338.4009
145.1514
149.9935
572.0691
553.5623
121.4347
535.7531
841.3970
825.5808
351.4972
591.1425
821.0153
393.3929
375.1724
414.0163
454.7993
249.9391
722.0589
278.4775
889.8181
386.1982
967.4330
554.1863
262.1740
638.6048
32.0748
563.8474
26.6371
931.6702
26.0092
969.1774
277.1214
304.7435
554.0411
356.5402
246.1514
848.1049
9.4860
109.8153
829.5297
250.0278
332.6991
613.1024
309.0405
165.5382
231.7790
519.6499
688.3444
633.7908
252.9965
750.1399
109.8108
437.3203
836.7537
685.9743
587.1552
500.2532
509.9546
747.2445
490.2972
12.0264
294.1994
811.3641
689.7952
575.9384
134.1583
880.4555
610.3919
29.8123
178.9698
916.1312
789.8028
153.2609
555.5982
200.8196
356.8861
769.6078
563.9167
695.3772
217.4389
280.7392
170.4115
419.5410
995.3821
364.4521
461.4867
169.6771
971.8898
930.7083
207.9848
307.8538
49.2967
224.1530
6.4015
62.8797
243.9859
927.0989
789.7514
491.5323
651.3737
118.2916
747.1911
842.0287
581.5998
49.1447
897.4181
197.6923
855.4006
426.8172
912.8013
862.6843
737.7719
776.1414
409.3267
951.5614
320.3304
774.4644
445.3224
453.8005
123.9996
43.3960
889.0939
454.4363
730.7932
883.1759
2.0093
124.8819
773.9713
681.2869
272.3682
604.8869
44.4548
687.9698
180.1703
231.4316
473.7905
702.0085
172.1069
988.8906
196.9961
538.4384
738.0163
72.7746
336.4501
913.2365
420.2418
147.7204
34.8253
517.0818
370.4464
738.4033
825.0629
105.5435
62.2564
828.8082
301.4728
252.6543
72.2305
522.4657
565.5038
697.1673
455.9517
251.9631
656.8176
787.8373
870.2818
84.8212
360.4168
639.8243
991.5697
756.0955
391.0339
330.0633
591.9795
528.2498
123.9011
702.7977
594.2848
547.0632
994.6881
82.9987
797.8951
681.2690
944.1367
361.2469
937.4535
388.2349
377.0188
480.1305
644.8978
380.6828
394.1590
551.8007
467.6147
225.2889
813.6185
245.9885
272.4224
722.1184
543.6138
160.4676
406.2585
460.8596
933.6489
10.6285
368.6601
733.9107
677.6346
124.7463
399.8083
253.6988
23.8233
378.1169
824.6565
429.9451
490.2385
16.4606
225.2608
412.1523
612.1612
924.2558
381.1717
515.5707
770.5109
576.1003
698.8959
494.7549
285.8899
673.2979
61.6980
894.8053
712.8895
987.6759
245.7370
649.7764
230.5029
301.7954
396.8353
22.1230
465.0304
768.5215
991.3192
512.3695
238.2265
355.4945
648.6549
150.2578
472.4353
120.5467
578.2393
198.0232
695.0025
708.3487
695.0456
192.6580
567.8916
561.7204
845.1200
888.3371
953.0703
285.9221
71.8376
354.2722
165.7018
135.3944
532.3376
172.2256
438.5724
195.1414
948.2909
595.1244
761.0119
410.3798
140.1071
298.6351
117.0082
358.1581
879.6836
7.9745
575.7291
607.9886
387.6233
27.4347
359.5262
908.2865
384.7966
394.3794
753.9669
320.0177
549.4362
521.0159
536.6769
579.9764
54.6123
352.7932
638.5256
527.3099
912.5477
678.0922
824.3690
563.8106
778.7812
52.3500
152.3163
293.9070
387.7410
249.0686
941.0029
171.6525
928.5667
246.1921
577.1341
792.9978
804.6586
847.2574
9.2501
953.7041
805.7778
420.0205
210.0863
722.5850
683.6207
38.7440
169.9611
679.3626
154.3050
939.7587
901.0523
224.9944
371.4091
660.4065
727.1206
968.1433
169.3619
872.2753
628.2721
704.9939
539.3281
579.6735
713.3404
35.6901
938.4590
795.0536
400.9955
756.8139
186.8683
265.2635
536.2174
606.3056
914.1520
284.3048
800.5170
406.7664
617.5902
460.2476
695.7230
208.3725
922.3713
624.5746
100.3429
657.7598
323.6103
114.6759
263.2453
335.8424
170.7214
674.1300
166.0330
506.4763
317.1561
435.1530
34.9385
875.4422
372.9485
744.3577
107.9758
279.2092
809.1833
422.4774
603.3229
640.7820
342.7800
676.5822
125.9825
270.7786
592.8092
269.7182
432.8549
239.8651
305.6392
744.1770
925.6749
81.5405
645.0444
824.0568
85.6401
790.6430
795.1816
655.7223
307.0537
177.2872
532.9135
908.1695
983.7092
267.3921
397.8316
933.7166
315.3666
262.4474
429.4321
79.0734
982.6215
18.2617
521.6413
179.6162
97.2932
904.9029
588.9990
170.8845
3.1359
934.7182
120.9970
699.0533
962.6242
738.3252
626.1916
384.8711
342.7201
680.6506
311.8566
78.9162
908.1252
394.9634
946.3393
50.0738
387.1095
442.0180
967.5528
292.6021
354.7669
78.8460
425.4069
214.9209
567.8510
703.2616
281.9699
833.9608
945.2941
832.4972
681.5289
156.2370
922.6909
197.6809
303.0334
544.7131
696.0761
376.7225
453.8119
790.3827
350.6172
167.5344
804.6809
290.8742
236.1102
819.0081
345.5734
584.8096
932.0341
697.9900
705.6141
569.1599
555.7531
83.2575
304.8490
859.4836
190.9440
513.4643
61.0731
541.0235
304.1458
446.9043
787.9918
341.3278
479.1523
244.3539
725.8660
447.6580
683.1196
31.0480
5.7029
976.5176
47.4374
844.6301
808.9228
381.5304
157.2610
503.6439
858.6725
341.7838
844.8202
303.8257
452.1253
598.1735
981.0219
392.9156
946.6316
386.5358
202.9285
859.8909
27.4242
769.6463
273.2011
841.1651
507.1595
246.7212
313.7351
949.6168
237.4871
836.2087
387.9570
866.6788
536.1841
824.4366
852.8511
518.1636
226.0718
138.1473
830.4315
690.8481
351.7821
855.1080
620.1647
639.6876
195.4889
770.6492
38.1060
356.5724
772.7241
756.1027
889.4726
280.9676
173.5104
788.1318
541.9339
494.5424
819.0933
866.5515
564.3980
559.7526
212.8364
354.9658
226.2021
580.4375
825.1195
718.6773
963.1240
116.6209
290.4580
755.6683
670.4906
782.8549
271.5785
615.5358
6.6584
404.9803
219.4315
21.7628
48.2079
759.6499
598.3381
948.2221
49.3524
542.5731
424.1482
366.2829
284.1106
27.5885
993.1561
738.6249
78.6879
568.6959
25.4733
472.2247
593.3218
762.7780
26.8278
466.6756
61.0614
104.8782
348.2436
207.6358
793.9744
88.9895
356.2684
123.1964
933.5687
397.8058
368.0561
37.4170
581.1176
324.1610
783.0095
359.9453
977.0688
952.0427
895.3641
917.0830
586.5719
260.1477
565.1177
350.1467
61.7859
510.6776
969.6115
477.5783
222.4420
570.9416
926.2453
169.5779
754.3006
226.0396
575.8403
673.1067
441.2721
829.4623
387.2183
525.0571
378.3018
40.7179
502.5375
80.7469
153.5998
925.8477
523.7587
161.7288
639.5021
346.0327
999.8309
188.7071
423.5663
849.7030
855.9408
610.2656
34.7620
33.3620
739.1701
125.4954
179.9986
624.3221
573.6524
588.9919
880.8792
637.8278
979.0435
964.6107
147.5040
345.0569
566.6617
399.3982
174.8365
291.3755
211.0418
246.7816
761.7312
884.1688
631.6313
27.5132
895.3230
972.9030
982.7809
626.1055
680.8156
390.0675
833.9149
13.6011
63.0217
577.3695
286.9794
898.5992
775.2144
915.8778
914.1514
673.6612
608.0711
441.1187
8.3291
628.4741
420.5958
147.8453
610.4425
980.7343
695.5565
763.0073
572.2846
438.1875
785.6862
504.8951
724.5502
414.2428
402.6773
347.2781
555.0210
281.1239
911.2359
422.8154
176.0738
102.7321
169.7765
306.2073
809.6974
781.6612
372.8104
96.2483
503.3444
56.8415
695.3454
398.8200
801.6428
45.2801
549.4558
565.0140
563.8242
367.1311
561.9890
235.9374
724.1717
310.0841
170.6541
805.4354
408.1070
318.6879
368.0567
668.3605
737.0046
669.2056
112.3300
763.1233
9.7288
750.9373
631.8029
16.2488
614.5544
758.0583
663.2373
333.6109
347.6426
927.5523
43.1885
922.4351
529.8844
356.8478
784.2787
565.5036
477.2561
83.8899
36.9556
259.3314
297.8507
724.8590
253.8312
897.8646
993.8493
838.4132
129.7736
463.4996
438.6296
107.9734
844.4540
216.5227
17.5880
749.7772
930.5373
28.7377
60.7154
181.3133
916.6315
698.7234
832.1091
66.8171
164.1706
962.2686
693.6145
821.8839
959.9281
647.8924
26.2818
373.9577
671.8881
460.9566
855.9494
684.1769
265.0597
532.6682
421.4307
504.2306
258.1650
28.6781
4.2435
415.2056
710.1041
490.9879
863.3502
473.7257
192.1962
879.0898
61.2608
454.5152
390.4926
334.2300
320.8791
664.6913
246.6957
782.6965
715.3924
692.5335
343.3290
21.5930
608.6096
647.7231
864.3628
534.5044
664.0558
672.2763
807.9667
222.6951
361.0658
434.2069
311.0713
177.9981
71.3389
133.0390
377.3303
64.9618
879.1688
77.3114
60.8724
664.7983
568.5292
4.6905
319.6467
633.1457
999.7954
109.6813
969.3904
986.9749
753.2158
436.2022
190.1157
968.9359
918.0969
756.3326
647.6538
89.9951
211.7302
290.0354
346.5003
938.4305
586.8923
80.1398
292.0448
866.6303
257.2933
322.3651
362.1244
42.9889
775.9945
374.4210
365.7246
78.0527
143.4582
535.4755
75.0415
284.6039
979.7351
356.1228
889.0270
648.0227
930.3889
390.2279
417.7343
355.9697
780.7842
80.0417
622.3685
992.9054
22.3098
185.8458
537.7717
92.8776
488.7194
965.6345
761.3310
632.5124
97.1112
650.1932
820.7481
330.5578
941.5233
636.9743
324.5001
904.8054
879.6591
586.9242
700.7938
530.0922
158.9623
723.8013
799.5517
47.6593
496.3212
361.0587
945.4453
648.4887
758.4721
395.5046
265.0938
264.1035
757.8753
104.6149
550.9126
141.3763
452.4625
131.6130
637.3815
717.8287
225.1615
682.5745
14.6321
273.3044
845.6746
20.5503
604.1495
7.7414
579.6967
151.9799
716.7146
137.9508
412.4941
593.9965
474.9080
769.0069
527.9711
941.8824
864.1772
506.6424
216.9227
364.0480
920.0955
648.0782
505.2777
609.4138
252.0933
251.3199
568.9601
52.1408
274.2647
674.4315
609.5219
212.6612
489.8573
217.6201
351.0233
234.6938
800.8600
246.3787
759.1906
744.5703
557.5473
540.6396
642.5304
260.5572
922.8301
295.0095
81.5684
186.6039
818.0049
472.1624
543.6200
852.0438
749.1518
255.0443
232.0562
169.4328
784.9087
908.5402
135.9663
872.6079
325.0002
248.4565
121.2948
645.1173
7.5408
334.9764
50.2045
776.3462
539.2928
713.0566
163.6217
147.9771
399.7805
616.7188
557.4791
